{"type":"FeatureCollection","features":[{"type":"Feature","properties":{"name":"Ogun","rank":9},"geometry":{"type":"MultiLineString","coordinates":[[[3.491873,8.76907],[3.497732,8.765001],[3.503103,8.764838],[3.50823,8.765489],[3.512869,8.763983],[3.537364,8.74079],[3.574962,8.687201],[3.591482,8.670925],[3.67335,8.627794],[3.699718,8.604519],[3.7553,8.526475],[3.784923,8.480251],[3.791677,8.463975],[3.792491,8.454047],[3.787852,8.432807],[3.787283,8.421983],[3.801036,8.353217],[3.802664,8.328233],[3.79713,8.291083],[3.787852,8.254462],[3.771251,8.214545],[3.749522,8.176703],[3.732351,8.137722],[3.729991,8.094265],[3.742117,7.999783]]]}},{"type":"Feature","properties":{"name":"Ceyhan","rank":9},"geometry":{"type":"MultiLineString","coordinates":[[[36.723399,38.638454],[36.740001,38.630886],[36.83839,38.651475],[36.850597,38.652655],[36.86671,38.650824],[36.875418,38.645616],[36.891531,38.627875],[36.902354,38.61164],[36.907725,38.589179],[36.902436,38.569851],[36.881602,38.5633],[36.88974,38.540839],[36.885997,38.522284],[36.874604,38.506863],[36.860037,38.493598],[36.843679,38.478705],[36.840017,38.473944],[36.883311,38.467231],[36.913178,38.447862],[36.930675,38.416693],[36.93629,38.374579],[36.942556,38.354519],[36.9581,38.338162],[36.977306,38.327094],[36.994558,38.323065],[36.999929,38.320583],[37.005382,38.314317],[37.009695,38.306505],[37.011322,38.29918],[37.016368,38.292833],[37.040619,38.288845],[37.067149,38.276964],[37.086925,38.274522],[37.104015,38.268256],[37.11378,38.247992],[37.110932,38.248603],[37.102306,38.226142],[37.100678,38.220649],[37.091807,38.208523],[37.086925,38.204169],[37.08017,38.200222],[37.070242,38.197618],[37.049246,38.196601],[37.039317,38.192735],[37.019542,38.174018],[37.001964,38.153022],[37.000011,38.148871],[36.996023,38.135688],[36.988292,38.120185],[36.982188,38.103949],[36.981863,38.08039],[36.993663,38.06741],[37.013682,38.062567],[37.078543,38.067247],[37.096283,38.061225],[37.10377,38.042507],[37.096121,38.024726],[37.077566,38.008857],[37.055186,37.996649],[37.036632,37.990017],[36.997162,37.981391],[36.981537,37.971544],[36.970307,37.952501],[36.965912,37.930284],[36.970307,37.83336],[36.966889,37.826606],[36.949962,37.81627],[36.943126,37.809149],[36.92213,37.755072],[36.911632,37.739529],[36.897716,37.730048],[36.862885,37.715847],[36.85019,37.707831],[36.844168,37.69892],[36.835704,37.675889],[36.827729,37.665351],[36.807546,37.648953],[36.799083,37.637885],[36.791596,37.616563],[36.787608,37.5987],[36.778901,37.583319],[36.758067,37.569607],[36.759939,37.575954],[36.761811,37.584988],[36.764252,37.590033],[36.757742,37.587185],[36.751231,37.582587],[36.739513,37.589708],[36.700206,37.591742],[36.682384,37.596869],[36.665131,37.550116],[36.652599,37.530097],[36.608897,37.515245],[36.575287,37.48668],[36.548595,37.48017],[36.541108,37.479682],[36.514659,37.47252],[36.492931,37.463162],[36.47698,37.453559],[36.462983,37.437812],[36.459972,37.422431],[36.465261,37.406846],[36.47698,37.390815],[36.47698,37.384589],[36.472097,37.385037],[36.470876,37.383368],[36.471202,37.380398],[36.470144,37.377143],[36.441173,37.372382],[36.403901,37.361151],[36.370697,37.356309],[36.354096,37.370917],[36.341726,37.366563],[36.329194,37.364081],[36.318858,37.359687],[36.312429,37.34988],[36.285655,37.347724],[36.26946,37.332343],[36.250418,37.295233],[36.250418,37.288398],[36.266856,37.275743],[36.26767,37.260321],[36.257823,37.23074],[36.244233,37.206488],[36.230561,37.17239],[36.218679,37.162462],[36.201915,37.15587],[36.183604,37.15412],[36.161062,37.158718],[36.130382,37.175605],[36.112071,37.182481],[36.100108,37.178534],[36.092703,37.178534],[36.084565,37.191759],[36.07252,37.202908],[36.055919,37.210476],[35.990733,37.220649],[35.969737,37.219672],[35.956716,37.206488],[35.941661,37.21251],[35.932384,37.206895],[35.924083,37.197699],[35.911876,37.192816],[35.904552,37.190863],[35.893565,37.181586],[35.887787,37.178534],[35.878347,37.179145],[35.872081,37.182929],[35.867117,37.184516],[35.860606,37.178534],[35.853119,37.178534],[35.853119,37.18537],[35.846934,37.18537],[35.820323,37.154608],[35.812511,37.136786],[35.81894,37.117743],[35.798595,37.117743],[35.805186,37.107733],[35.816335,37.098578],[35.840017,37.082953],[35.82724,37.076687],[35.803315,37.058783],[35.795177,37.054999],[35.785411,37.052029],[35.79005,37.044135],[35.799815,37.033311],[35.805431,37.021511],[35.792247,37.030056],[35.783702,37.033718],[35.774506,37.035183],[35.764252,37.03266],[35.761729,37.026679],[35.761485,37.019721],[35.757498,37.014106],[35.743582,37.008368],[35.710948,36.999579],[35.695567,36.993598],[35.661225,36.973009],[35.608897,36.952216],[35.594656,36.939805],[35.585704,36.918484],[35.619721,36.911648],[35.619721,36.904161],[35.614675,36.902452],[35.61142,36.900946],[35.606619,36.898017],[35.583588,36.910183],[35.573009,36.911241],[35.565196,36.904161],[35.562511,36.88821],[35.570242,36.87991],[35.580496,36.873481],[35.585704,36.863227],[35.574799,36.848497],[35.550548,36.843451],[35.525157,36.844916],[35.510509,36.849555],[35.503673,36.849555],[35.500662,36.840277],[35.49586,36.83157],[35.487885,36.824978],[35.475841,36.822292],[35.485281,36.814154],[35.488536,36.806586],[35.485444,36.799994],[35.475841,36.794989],[35.475841,36.788764],[35.481863,36.783637],[35.483653,36.776923],[35.481537,36.769232],[35.475841,36.76081],[35.489513,36.740505],[35.4699,36.682156],[35.483328,36.671454],[35.481456,36.667996],[35.480398,36.664822],[35.478608,36.661566],[35.475841,36.657782],[35.493337,36.65412],[35.516368,36.657823],[35.536225,36.664252],[35.544688,36.668321],[35.548106,36.661485],[35.556163,36.657538],[35.565196,36.654649],[35.572032,36.650946],[35.578705,36.641954],[35.586355,36.6258],[35.593191,36.616807],[35.585378,36.606513],[35.569265,36.594102],[35.567475,36.587022]]]}},{"type":"Feature","properties":{"name":"Vienne","rank":9},"geometry":{"type":"MultiLineString","coordinates":[[[1.980235,45.703721],[1.920095,45.695502],[1.893565,45.696153],[1.871023,45.709906],[1.858165,45.699408],[1.845958,45.693915],[1.839366,45.696357],[1.843191,45.709906],[1.830821,45.715847],[1.788585,45.724189],[1.736746,45.742051],[1.718272,45.745876],[1.716075,45.74669],[1.700694,45.754462],[1.68922,45.76203],[1.681082,45.765448],[1.651378,45.765163],[1.608653,45.777167],[1.557058,45.782904],[1.525157,45.793769],[1.497488,45.809027],[1.454356,45.844346],[1.397472,45.902289],[1.383067,45.894884],[1.333751,45.879991],[1.323009,45.871649],[1.313487,45.853298],[1.291515,45.841498],[1.247325,45.826606],[1.215099,45.804063],[1.198253,45.795722],[1.175304,45.792426],[1.153494,45.796088],[1.138438,45.805609],[1.116954,45.834052],[1.086843,45.863145],[1.053884,45.875596],[0.880544,45.895535]]]}},{"type":"Feature","properties":{"name":"Qezel Owzan","rank":9},"geometry":{"type":"MultiLineString","coordinates":[[[47.271576,35.901679],[47.326752,35.904486],[47.339773,35.90766],[47.350352,35.923407],[47.362559,35.930854],[47.377452,35.936306],[47.390147,35.938422],[47.405691,35.944932],[47.418712,35.973456],[47.438975,35.985216],[47.448985,36.008328],[47.458507,36.013495],[47.489513,36.012763],[47.504161,36.014838],[47.5171,36.020941],[47.538097,36.011094],[47.558035,36.009589],[47.614675,36.015652],[47.632742,36.02501],[47.643647,36.027167],[47.724376,36.025092],[47.852306,35.999864],[47.890147,35.999945],[47.914154,36.002956],[47.931163,36.010077],[47.949799,36.015448],[48.023692,36.006659],[48.121023,36.014512],[48.126882,36.017768],[48.136974,36.03087],[48.141694,36.035753],[48.146007,36.038845],[48.150971,36.040351],[48.166026,36.041938],[48.166921,36.044989],[48.165945,36.049506],[48.168224,36.055121],[48.177989,36.094997],[48.139903,36.127753],[48.08074,36.14997],[47.996186,36.163113],[47.979584,36.175889],[47.955333,36.213406],[47.948985,36.216579],[47.93157,36.218329],[47.927419,36.219591],[47.926199,36.227078],[47.929454,36.233669],[47.933604,36.240017],[47.934825,36.246894],[47.928722,36.271064],[47.930756,36.279975],[47.94101,36.287869],[47.931651,36.298896],[47.920421,36.318468],[47.910818,36.340847],[47.906993,36.360175],[47.899994,36.370673],[47.868582,36.398993],[47.85906,36.411404],[47.834076,36.469062],[47.828136,36.476508],[47.839122,36.494696],[47.836436,36.511298],[47.810802,36.547919],[47.80836,36.553249],[47.806163,36.564805],[47.804617,36.569037],[47.800792,36.570502],[47.786713,36.574408],[47.783295,36.575873],[47.773448,36.616807],[47.760997,36.621039],[47.758556,36.630479],[47.760265,36.639919],[47.759776,36.64411],[47.752045,36.647162],[47.745372,36.654568],[47.708425,36.730902],[47.698171,36.740343],[47.683035,36.74962],[47.607921,36.8546],[47.601166,36.882025],[47.619558,36.898017],[47.610037,36.90705],[47.614757,36.921983],[47.626069,36.93769],[47.636648,36.949246],[47.688243,36.991889],[47.701589,37.00788],[47.716238,37.037909],[47.727306,37.054999],[47.739024,37.062527],[47.748546,37.072537],[47.770437,37.137559],[47.763276,37.154079],[47.749278,37.223822],[47.75294,37.245185],[47.761974,37.26496],[47.783295,37.295233],[47.808686,37.359239],[47.807628,37.370917],[47.814464,37.375271],[47.816173,37.384589],[47.813569,37.393988],[47.807628,37.398261],[47.798595,37.403144],[47.800059,37.414008],[47.806163,37.425401],[47.810802,37.431749],[47.879649,37.463162],[47.887218,37.476752],[47.905203,37.492865],[47.925548,37.507025],[47.94101,37.51496],[47.963796,37.516059],[48.011485,37.507514],[48.02711,37.511542],[48.047455,37.520941],[48.070079,37.517442],[48.143484,37.487087],[48.169932,37.468573],[48.178233,37.466864],[48.24407,37.469346],[48.256358,37.466579],[48.267345,37.455919],[48.265636,37.446357],[48.246186,37.428656],[48.241628,37.419379],[48.231049,37.384589],[48.229015,37.37405],[48.233409,37.359646],[48.242768,37.348171],[48.252045,37.339301],[48.256358,37.33279],[48.265391,37.314887],[48.286632,37.297471],[48.332042,37.26789],[48.3296,37.262478],[48.324636,37.247423],[48.332042,37.247423],[48.340912,37.256171],[48.356049,37.260362],[48.390147,37.261746],[48.404552,37.255561],[48.418549,37.232733],[48.427664,37.233832],[48.441498,37.227851],[48.457449,37.227647],[48.470714,37.222927],[48.478282,37.192247],[48.487559,37.179714],[48.492198,37.1588],[48.498546,37.153388],[48.551768,37.123969],[48.5796,37.099799],[48.59962,37.092637],[48.610037,37.086249],[48.620372,37.082302],[48.639903,37.090196],[48.652354,37.089626],[48.66505,37.086493],[48.674734,37.082953],[48.711843,37.062567],[48.805105,36.986762],[48.814464,36.981716],[48.83196,36.976752],[48.839285,36.97309],[48.847097,36.963935],[48.850841,36.955105],[48.856537,36.948432],[48.86964,36.945828],[48.885671,36.937445],[48.927989,36.883734],[48.939138,36.87873],[48.963796,36.874457],[48.975678,36.870673],[48.986746,36.864081],[49.032237,36.825507],[49.052257,36.815497],[49.093028,36.801785],[49.154877,36.79267],[49.171641,36.783881],[49.189138,36.768378],[49.205496,36.757758],[49.22462,36.752509],[49.250662,36.752875],[49.251231,36.75491],[49.255056,36.759548],[49.259939,36.76435],[49.263764,36.766547],[49.268484,36.764472],[49.280284,36.755072],[49.284923,36.752875],[49.360281,36.756293],[49.378673,36.763617],[49.393565,36.776313],[49.407156,36.794989],[49.421397,36.82038],[49.428233,36.829128],[49.429861,36.832953],[49.432221,36.844346],[49.435069,36.849555],[49.439871,36.851264],[49.453624,36.850409],[49.459239,36.853339],[49.489757,36.881781]],[[46.78297,35.599189],[46.778412,35.617051],[46.759532,35.65119],[46.756114,35.671495],[46.763194,35.689276],[46.790457,35.721625],[46.796479,35.742865],[46.803315,35.759345],[46.835216,35.791042],[46.8449,35.808661],[46.844168,35.8192],[46.836925,35.841376],[46.838145,35.849677],[46.84669,35.851874],[46.860444,35.850938],[46.873464,35.851915],[46.878998,35.859565],[46.889659,35.865505],[47.006928,35.859402],[47.032807,35.861884],[47.0442,35.873847],[47.067393,35.885525],[47.198497,35.901231],[47.269949,35.901801]]]}},{"type":"Feature","properties":{"name":"Simav","rank":9},"geometry":{"type":"MultiLineString","coordinates":[[[29.120046,39.099473],[29.092784,39.094428],[29.064708,39.094509],[29.041759,39.097602],[29.019216,39.106798],[28.966319,39.134304],[28.935557,39.143134],[28.909597,39.166612],[28.889171,39.171251],[28.862234,39.173529],[28.822032,39.179633],[28.778412,39.176378],[28.609793,39.187283],[28.365001,39.261542],[28.3449,39.268988],[28.290701,39.27322],[28.245046,39.271552],[28.230886,39.269232],[28.218516,39.269355],[28.187511,39.284003],[28.169932,39.286933],[28.151459,39.284003],[28.130463,39.275214],[28.118337,39.280707],[28.11085,39.288357],[28.099132,39.308865],[28.074799,39.340155],[28.069753,39.348944],[28.069916,39.377875],[28.086843,39.400702],[28.10849,39.421942],[28.123464,39.445624],[28.125499,39.470282],[28.116791,39.532904],[28.109955,39.556993],[28.101654,39.572821],[28.069021,39.617865],[28.066905,39.627753],[28.066335,39.64411],[28.069591,39.659491],[28.079031,39.666287],[28.128917,39.684109],[28.137299,39.690131],[28.143077,39.702826],[28.156993,39.708523],[28.191417,39.714667],[28.205577,39.722724],[28.218679,39.734931],[28.239757,39.762519],[28.223888,39.775214],[28.184581,39.788153],[28.168061,39.799994],[28.169444,39.816433],[28.179861,39.837104],[28.180268,39.853787],[28.151785,39.858018],[28.155203,39.86286],[28.156668,39.866156],[28.159109,39.868679],[28.165294,39.87169],[28.159434,39.888699],[28.163503,39.913886],[28.157237,39.926947],[28.174408,39.938056],[28.177175,39.953396],[28.170909,39.988389],[28.174083,40.003363],[28.180268,40.014228],[28.198822,40.0362],[28.186615,40.042182],[28.185557,40.051947],[28.191335,40.062567],[28.198822,40.070909],[28.205984,40.072618],[28.214854,40.071397],[28.22226,40.072577],[28.225515,40.081163],[28.227631,40.082953],[28.239757,40.098253],[28.308686,40.159735],[28.332937,40.190945],[28.37558,40.225775],[28.414073,40.275458],[28.433604,40.290351],[28.458914,40.296902],[28.457286,40.300971],[28.456635,40.301785],[28.461925,40.312812],[28.46933,40.326239],[28.488048,40.372748],[28.499034,40.390652]]]}},{"type":"Feature","properties":{"name":"Rhein","rank":4},"geometry":{"type":"MultiLineString","coordinates":[[[9.182872,47.670681],[9.233816,47.65644],[9.272634,47.650336],[9.549327,47.533759],[9.552257,47.529324],[9.553152,47.521064],[9.552664,47.51496],[9.554373,47.511176]],[[9.127615,47.670681],[9.079031,47.688666],[9.052175,47.695502],[9.028087,47.694892],[8.987071,47.677517],[8.965017,47.671332],[8.947439,47.665107],[8.928884,47.659613],[8.907725,47.655137],[8.893077,47.656277],[8.881114,47.656358]]]}},{"type":"Feature","properties":{"name":"Rhein","rank":4},"geometry":{"type":"MultiLineString","coordinates":[[[9.127615,47.670681],[9.182872,47.670681]],[[9.408702,46.834581],[9.496267,46.863105],[9.532237,46.887478],[9.552745,46.930772],[9.545909,46.961371],[9.545909,46.964301],[9.540457,46.974677],[9.495616,47.026475],[9.48463,47.043158],[9.47698,47.059882],[9.475352,47.073513],[9.48699,47.084255],[9.502371,47.094997],[9.511892,47.108344],[9.511241,47.129665],[9.50294,47.145616],[9.492198,47.160102],[9.484386,47.176581],[9.486827,47.210273],[9.503917,47.243964],[9.552745,47.300116],[9.586843,47.32807],[9.59075,47.334906],[9.595876,47.352566],[9.600515,47.361518],[9.639171,47.394802],[9.648936,47.40998],[9.649832,47.452257],[9.621104,47.469509],[9.583995,47.481024],[9.554373,47.511176]],[[8.710216,46.622667],[8.714122,46.650662],[8.729421,46.669298],[8.747813,46.675727],[8.750906,46.676337],[8.829112,46.68769],[8.868175,46.714911],[8.892345,46.726508],[8.917735,46.73432],[8.964854,46.739569],[9.045584,46.757758],[9.135671,46.785671],[9.147146,46.786689],[9.182872,46.785671],[9.197032,46.788398],[9.226085,46.797431],[9.264578,46.802436],[9.304617,46.816107],[9.346609,46.821601],[9.389578,46.832139],[9.415538,46.834581]]]}},{"type":"Feature","properties":{"name":"Kelkit","rank":9},"geometry":{"type":"MultiLineString","coordinates":[[[39.618337,39.878933],[39.618907,39.893175],[39.626475,39.906277],[39.661632,39.926622],[39.678966,39.94241],[39.696788,39.951483],[39.712494,39.963568],[39.715831,39.978542],[39.702891,39.990343],[39.65325,39.997667],[39.634288,40.004991],[39.622813,40.022732],[39.614757,40.050605],[39.605072,40.075303],[39.590343,40.085557],[39.57366,40.088406],[39.542572,40.104071],[39.513438,40.114447],[39.441905,40.138739],[39.309581,40.112616],[39.258881,40.096503],[39.237804,40.094591],[39.1845,40.103949],[39.190522,40.110175],[39.164643,40.111151],[39.141531,40.114569],[39.120616,40.121283],[39.101166,40.131903],[39.092865,40.117499],[39.081635,40.107489],[39.066498,40.100775],[39.046641,40.096503],[39.038503,40.095811],[39.030365,40.0963],[39.015229,40.099392],[38.990733,40.106065],[38.980235,40.106879],[38.970795,40.103949],[38.953868,40.118476],[38.935151,40.121772],[38.892345,40.117621],[38.77589,40.136298],[38.620372,40.13349],[38.534109,40.143622],[38.497976,40.15351],[38.469005,40.164903],[38.4581,40.166571],[38.446218,40.164903],[38.43808,40.160427],[38.43214,40.155707],[38.426524,40.15351],[38.415945,40.152371],[38.402924,40.147244],[38.392507,40.146064],[38.379405,40.147732],[38.372162,40.151679],[38.367279,40.156195],[38.36142,40.159735],[38.320323,40.172716],[38.325694,40.192735],[38.3178,40.20539],[38.260671,40.23546],[38.247569,40.239936],[38.189464,40.241645],[38.169688,40.248074],[38.159272,40.249091],[38.13974,40.248358],[38.119233,40.245469],[38.10255,40.239081],[38.094493,40.227973],[38.09075,40.230089],[38.089854,40.230333],[38.089773,40.231309],[38.087657,40.235419],[38.068126,40.226345],[38.046967,40.223456],[38.02711,40.228054],[38.010834,40.241156],[37.990733,40.236925],[37.969249,40.244574],[37.947195,40.255439],[37.925222,40.261013],[37.917003,40.26435],[37.902599,40.278754],[37.890717,40.282091],[37.867442,40.283637],[37.007335,40.494249],[36.968354,40.511583],[36.943126,40.532497],[36.938243,40.545233],[36.929454,40.598253],[36.922537,40.607245],[36.891205,40.617743],[36.881602,40.62519],[36.8178,40.627061],[36.805919,40.62519],[36.799083,40.632636],[36.803152,40.635932],[36.804128,40.637641],[36.804291,40.640448],[36.805919,40.646918],[36.794037,40.642279],[36.786876,40.647732],[36.779796,40.656195],[36.768077,40.66059],[36.743582,40.661241],[36.728445,40.659247],[36.716563,40.653144],[36.692475,40.67296],[36.681163,40.678534],[36.650157,40.681952],[36.579682,40.702704],[36.552257,40.715847],[36.529877,40.733344],[36.517996,40.755561],[36.509939,40.770819],[36.493744,40.77912],[36.456554,40.790351],[36.441173,40.79914],[36.420909,40.814521],[36.40976,40.831488],[36.422293,40.844916],[36.422293,40.851752],[36.414806,40.851752],[36.414806,40.858588],[36.443126,40.870429],[36.552664,40.890245],[36.586843,40.902615],[36.593679,40.910102],[36.600027,40.906846],[36.652843,40.905626],[36.655528,40.909491],[36.650808,40.915595],[36.652354,40.921576],[36.655528,40.927761],[36.65504,40.934353],[36.653412,40.940782],[36.654063,40.945258],[36.652599,40.947821],[36.636241,40.949042],[36.631928,40.950873],[36.631358,40.954779],[36.633881,40.961615],[36.631358,40.965277],[36.630463,40.969794],[36.632253,40.9737],[36.644786,40.977851],[36.645112,40.983832],[36.641368,40.995795],[36.643484,41.026964],[36.650157,41.036444],[36.668061,41.036729],[36.66627,41.061347],[36.680919,41.086859],[36.7046,41.107856],[36.730235,41.11933],[36.725027,41.130561],[36.72991,41.136339],[36.738292,41.141954],[36.743744,41.152777],[36.740896,41.160264],[36.723399,41.184149],[36.728282,41.217353],[36.726817,41.221747],[36.716889,41.225043],[36.712901,41.232978],[36.713308,41.242255],[36.716563,41.24962],[36.706635,41.249213],[36.698253,41.250352],[36.682384,41.256456],[36.687999,41.26435],[36.687429,41.271552],[36.684337,41.27794],[36.682384,41.283759],[36.681082,41.310411],[36.682384,41.311103],[36.681733,41.315741],[36.68336,41.326606],[36.682384,41.331],[36.678722,41.331855],[36.665701,41.330105],[36.661876,41.331],[36.655691,41.335964],[36.649425,41.339871],[36.647878,41.346259],[36.660655,41.366482]]]}},{"type":"Feature","properties":{"name":"Dora Baltea","rank":9},"geometry":{"type":"MultiLineString","coordinates":[[[6.882742,45.805609],[6.928477,45.815294],[6.949718,45.815294],[7.10491,45.745551],[7.13323,45.738959],[7.230968,45.729275],[7.242931,45.732693],[7.254324,45.738389],[7.268565,45.74376],[7.302989,45.748725],[7.338145,45.748562],[7.408132,45.745063],[7.46282,45.751899],[7.467296,45.753974],[7.476085,45.761501],[7.480724,45.764228],[7.487234,45.764919],[7.492198,45.762803],[7.496837,45.760199],[7.502371,45.759345],[7.524669,45.765448],[7.534109,45.765896],[7.5442,45.763983],[7.566824,45.757025],[7.578787,45.755398],[7.635753,45.758816],[7.651378,45.750352],[7.661388,45.722724],[7.666677,45.698432],[7.673269,45.686103],[7.686697,45.679307],[7.712169,45.671454],[7.732188,45.66059],[7.758962,45.62991],[7.777517,45.615302],[7.823253,45.591376],[7.834158,45.57628],[7.840587,45.547187],[7.840343,45.537299],[7.837901,45.531602],[7.837169,45.526068],[7.841563,45.51614],[7.851817,45.504991],[7.893565,45.48371],[7.9074,45.466661],[7.917166,45.423407],[7.925466,45.409003],[7.939626,45.392035],[7.948009,45.369696],[7.956798,45.326036],[7.955089,45.323554],[7.950694,45.32099],[7.946788,45.317816],[7.945811,45.313056],[7.94866,45.309394],[7.957937,45.302069],[7.961192,45.298122],[7.967703,45.287462],[8.018565,45.228298],[8.036306,45.213406]]]}},{"type":"Feature","properties":{"name":"Durance","rank":9},"geometry":{"type":"MultiLineString","coordinates":[[[6.681163,44.922187],[6.659597,44.911566],[6.621511,44.88406],[6.580821,44.840399],[6.575125,44.827745],[6.57252,44.809923],[6.574474,44.766466],[6.57781,44.748318],[6.598562,44.703152],[6.603038,44.680976],[6.593272,44.657009],[6.543224,44.611274],[6.528331,44.592231],[6.504893,44.568305],[6.475841,44.557929],[6.399913,44.551866],[6.390636,44.549343],[6.365245,44.534695],[6.324718,44.493598],[6.297048,44.476752],[6.258718,44.4678],[6.094412,44.473578],[6.073497,44.467597],[6.031993,44.434394],[6.016287,44.425727],[5.9817,44.41413],[5.966075,44.405707],[5.955821,44.395535],[5.937266,44.362372],[5.927989,44.353583],[5.917654,44.345771],[5.908621,44.337022],[5.903819,44.325385],[5.906505,44.316514],[5.914236,44.312527],[5.919607,44.305976],[5.916189,44.289496],[5.914317,44.2685],[5.922618,44.246934],[5.937511,44.229844],[5.955251,44.222276],[5.95989,44.209499],[5.965099,44.182644],[5.969656,44.169623],[6.004161,44.113471],[6.011241,44.096503],[6.009776,44.079413],[5.996349,44.05976],[5.940359,44.013983],[5.923757,43.992865],[5.911794,43.969062],[5.886892,43.894151],[5.871104,43.862901],[5.759044,43.736151],[5.735606,43.717882],[5.710948,43.706081],[5.64446,43.694892],[5.622325,43.680732],[5.58253,43.666042],[5.530935,43.669257],[5.413585,43.695176],[5.395193,43.701931],[5.37794,43.711249],[5.347341,43.734442],[5.336599,43.739773],[5.32488,43.741645],[5.308279,43.742051],[5.254649,43.749294],[5.192638,43.749091],[5.087169,43.786811],[5.065929,43.798529],[4.968516,43.866726],[4.905935,43.895453],[4.772472,43.932807],[4.762706,43.932237]]]}},{"type":"Feature","properties":{"name":"Tarn","rank":9},"geometry":{"type":"MultiLineString","coordinates":[[[3.585216,44.219102],[3.581065,44.246446],[3.583914,44.269884],[3.595876,44.296413],[3.597911,44.312771],[3.590017,44.334337],[3.571544,44.358832],[3.563487,44.36282],[3.557058,44.37287],[3.539968,44.375027],[3.52825,44.374579],[3.514578,44.370469],[3.506033,44.364366],[3.498464,44.356513],[3.489757,44.349677],[3.477712,44.346869],[3.467296,44.349392],[3.434825,44.366156],[3.421072,44.367865],[3.409109,44.365546],[3.312755,44.32449],[3.251638,44.323065],[3.239268,44.314805],[3.229666,44.252387],[3.225108,44.240058],[3.219249,44.231391],[3.211925,44.225369],[3.202891,44.221015],[3.163829,44.208319],[3.123709,44.178412],[3.102224,44.140896],[3.076671,44.109442],[3.024669,44.097927],[2.971446,44.096788],[2.918875,44.088813],[2.91627,44.086371],[2.914236,44.082099],[2.910899,44.077582],[2.905203,44.074897],[2.883474,44.075995],[2.841482,44.088243],[2.820242,44.08747],[2.814382,44.084337],[2.803396,44.074327],[2.797781,44.070421],[2.788259,44.067165],[2.768565,44.062852],[2.759288,44.059109],[2.747732,44.05032],[2.726736,44.028632],[2.715099,44.019355],[2.68157,44.009589],[2.609386,44.015815],[2.575938,44.010932],[2.554454,43.998887],[2.516043,43.968777],[2.495046,43.957099],[2.466563,43.950629],[2.115733,43.936103],[2.066173,43.926093],[1.986501,43.918647],[1.961111,43.913153],[1.906668,43.891669],[1.818858,43.874579],[1.808767,43.869249],[1.792247,43.853827],[1.786062,43.849433],[1.764415,43.83865],[1.727224,43.808865],[1.706554,43.797309],[1.675548,43.790595],[1.643809,43.792426],[1.611746,43.800971],[1.580333,43.814317],[1.518565,43.851182],[1.470714,43.896064],[1.451427,43.908026],[1.385427,43.923529],[1.36614,43.934272],[1.355154,43.948188],[1.329031,44.011298],[1.326915,44.018093],[1.323985,44.024604],[1.317149,44.033881],[1.247081,44.103827],[1.225759,44.115505],[1.199229,44.118476],[1.142833,44.10753],[1.123546,44.10696],[1.08546,44.117743],[1.070811,44.117377],[1.058116,44.113105],[1.045909,44.106024],[1.035899,44.096503],[1.029104,44.08282]]]}},{"type":"Feature","properties":{"name":"Ofanto","rank":9},"geometry":{"type":"MultiLineString","coordinates":[[[15.128673,40.898057],[15.144216,40.900458],[15.19337,40.899482],[15.204763,40.902289],[15.226329,40.910956],[15.237315,40.913845],[15.247325,40.91413],[15.341238,40.897976],[15.470714,40.901679],[15.489187,40.907294],[15.523692,40.924099],[15.536388,40.933173],[15.543956,40.943793],[15.554942,40.971544],[15.572032,40.997382],[15.57781,41.010932],[15.576101,41.026435],[15.55836,41.054999],[15.554617,41.069037],[15.561453,41.086005],[15.571056,41.096381],[15.583018,41.104438],[15.596202,41.109198],[15.75294,41.102607],[15.771007,41.104438],[15.849294,41.131415],[15.923513,41.173163],[15.948253,41.181708],[16.100841,41.295193],[16.128103,41.309882],[16.179942,41.322943],[16.200613,41.336615],[16.199718,41.362494]]]}},{"type":"Feature","properties":{"name":"Ialomita","rank":9},"geometry":{"type":"MultiLineString","coordinates":[[[25.429617,45.337592],[25.409597,45.294623],[25.406342,45.279893],[25.410818,45.264594],[25.442882,45.213202],[25.450694,45.185614],[25.45045,45.165839],[25.443289,45.147895],[25.430105,45.125434],[25.427257,45.111355],[25.434337,45.078396],[25.434174,45.063422],[25.427989,45.050605],[25.410818,45.034939],[25.402436,45.023505],[25.401296,44.98489],[25.430593,44.954942],[25.473237,44.933539],[25.552175,44.906277],[25.621023,44.869493],[25.653331,44.845974],[25.67213,44.830756],[25.694835,44.816189],[25.715831,44.81037],[25.788992,44.803738],[25.809337,44.795762],[25.824474,44.78205],[25.832774,44.761176],[25.858897,44.751166],[26.103038,44.75373],[26.163585,44.76789],[26.187022,44.767768],[26.231456,44.754462],[26.311534,44.712022],[26.353526,44.702745],[26.416596,44.702989],[26.437592,44.707831],[26.467214,44.720893],[26.480886,44.722683],[26.485037,44.7213],[26.49822,44.715155],[26.50351,44.713568],[26.5088,44.714545],[26.522227,44.720038],[26.529063,44.721015],[26.539968,44.71894],[26.572683,44.707221],[26.578868,44.706326],[26.597341,44.706855],[26.604503,44.702257],[26.61435,44.683214],[26.621104,44.677558],[26.63144,44.678412],[26.652273,44.689032],[26.661713,44.690741],[26.66505,44.688829],[26.675059,44.681016],[26.680919,44.678575],[26.688487,44.679796],[26.702159,44.688178],[26.709483,44.68891],[26.715343,44.684638],[26.730479,44.668565],[26.740164,44.663153],[26.753998,44.661689],[26.776541,44.667792],[26.790294,44.669013],[26.809093,44.665473],[26.816498,44.6588],[26.819835,44.65001],[26.825857,44.640082],[26.833751,44.630642],[26.836518,44.626044],[26.842214,44.623887],[26.951915,44.61579],[26.977143,44.616767],[27.020437,44.626492],[27.042979,44.623969],[27.067149,44.61286],[27.11378,44.584337],[27.136729,44.575507],[27.3178,44.557685],[27.341563,44.563422],[27.386485,44.582221],[27.432628,44.582953],[27.486746,44.595893],[27.506602,44.604112],[27.511648,44.608466],[27.515391,44.613593],[27.520518,44.61933],[27.529877,44.625271],[27.541026,44.626166],[27.56601,44.618435],[27.577729,44.618516],[27.754161,44.656317],[27.771414,44.657294],[27.806895,44.654731],[27.824311,44.657253],[27.843028,44.666368],[27.850515,44.677191],[27.855235,44.689561],[27.870128,44.708564],[27.86614,44.703315]]]}},{"type":"Feature","properties":{"name":"Truma","rank":9},"geometry":{"type":"MultiLineString","coordinates":[[[23.183604,42.494574],[23.168386,42.498236],[23.161876,42.500922],[23.154959,42.505235],[23.152517,42.509833],[23.153005,42.522162],[23.151134,42.526923],[23.144705,42.53087],[23.129812,42.536566],[23.124197,42.540961],[23.114268,42.562079],[23.109386,42.582099],[23.100352,42.599229],[23.078543,42.611884],[23.053233,42.616563],[23.023611,42.617377],[22.993907,42.61461],[22.969005,42.608466],[22.951671,42.59516],[22.946788,42.576199],[22.9463,42.553982],[22.942638,42.530829],[22.93157,42.507392],[22.920828,42.500515],[22.908132,42.505194],[22.891043,42.516547],[22.870046,42.526313],[22.847667,42.529649],[22.825125,42.527411],[22.802664,42.520779],[22.780935,42.510443],[22.74171,42.483262],[22.725271,42.468329],[22.703787,42.436306],[22.705089,42.408881],[22.763601,42.323554],[22.785085,42.299628],[22.810802,42.280707],[22.845144,42.266181],[22.868419,42.261054],[22.879568,42.25727],[22.888845,42.250312],[22.894949,42.239366],[22.896169,42.230048],[22.899425,42.220649],[22.911306,42.209174],[22.921072,42.204128],[22.955577,42.192328],[22.968923,42.184841],[23.021414,42.134304],[23.031749,42.120307],[23.039806,42.101874],[23.04363,42.078315],[23.044851,42.054755],[23.049246,42.032172],[23.062185,42.011664],[23.09254,41.978217],[23.104015,41.959296],[23.125173,41.886054],[23.136241,41.864081],[23.152517,41.84162],[23.164317,41.820746],[23.165538,41.801215],[23.158702,41.755805],[23.161388,41.733425],[23.19044,41.64171],[23.203054,41.62169],[23.235037,41.582872],[23.244314,41.563096],[23.257009,41.499091],[23.266368,41.477891],[23.278331,41.458116],[23.292898,41.440538],[23.310476,41.425971],[23.326915,41.415351],[23.338878,41.405626],[23.346609,41.393012],[23.349864,41.373643],[23.349294,41.341742],[23.34669,41.325303],[23.341726,41.311062],[23.321788,41.287909],[23.295909,41.27794],[23.190196,41.268093],[23.16627,41.261013],[23.153087,41.24787],[23.155691,41.232856],[23.169444,41.223253],[23.201345,41.208564],[23.211681,41.196845],[23.22698,41.173692],[23.238455,41.163194],[23.269298,41.145535],[23.277843,41.137641],[23.284679,41.126003],[23.294688,41.099677],[23.301199,41.087226],[23.30836,41.077704],[23.316091,41.069525],[23.332693,41.05683],[23.475841,40.987372],[23.511729,40.977118],[23.593761,40.973253],[23.7588,40.936713],[23.799978,40.916449],[23.814138,40.902167],[23.824148,40.88585],[23.830577,40.868028],[23.834646,40.849148],[23.833751,40.817898],[23.840994,40.808865],[23.848806,40.802843],[23.852306,40.796698],[23.846446,40.782904]]]}},{"type":"Feature","properties":{"name":"Marne","rank":9},"geometry":{"type":"MultiLineString","coordinates":[[[5.407725,47.877224],[5.387462,47.877305],[5.36378,47.882636],[5.331798,47.898505],[5.323416,47.902777],[5.299083,47.924994],[5.262706,48.004462]]]}},{"type":"Feature","properties":{"name":"Ural","rank":4},"geometry":{"type":"MultiLineString","coordinates":[[[51.630382,48.007188],[51.657725,47.98196],[51.669526,47.964911],[51.664236,47.959499],[51.65211,47.94953],[51.645763,47.940985],[51.637462,47.934597],[51.635346,47.930732],[51.636974,47.926622],[51.646251,47.923407],[51.648448,47.920478],[51.649343,47.911322],[51.650808,47.905585],[51.650971,47.899726],[51.648448,47.889757],[51.631114,47.885606],[51.622325,47.880439],[51.624522,47.872382],[51.640554,47.846055],[51.636241,47.822862],[51.628917,47.799628],[51.635346,47.773057],[51.618093,47.748481],[51.610606,47.734727],[51.607514,47.721503],[51.615001,47.719184],[51.628998,47.705756],[51.636648,47.690782],[51.615164,47.67768],[51.609955,47.663357],[51.607514,47.632839],[51.612804,47.620714],[51.636241,47.600287],[51.641612,47.591824],[51.64796,47.584581],[51.689382,47.553982],[51.691335,47.548204],[51.693126,47.53205],[51.696218,47.526679],[51.708263,47.522081],[51.716238,47.525214],[51.721121,47.530707],[51.724213,47.533515],[51.746593,47.519843],[51.777599,47.471747],[51.799246,47.464626],[51.794688,47.478949],[51.803233,47.483588],[51.816661,47.478787],[51.827159,47.464626],[51.822195,47.454372],[51.827159,47.443549],[51.847667,47.423651],[51.854584,47.420966],[51.86378,47.419623],[51.871593,47.41588],[51.875011,47.406277],[51.87322,47.398383],[51.867279,47.383979],[51.868175,47.3758],[51.875092,47.368354],[51.897878,47.351508],[51.902354,47.341742],[51.896007,47.325792],[51.870535,47.313666],[51.861339,47.300116],[51.879975,47.297431],[51.897227,47.293036],[51.911876,47.285468],[51.92335,47.273383],[51.927745,47.26081],[51.928233,47.244696],[51.923757,47.230821],[51.912527,47.225043],[51.907725,47.219428],[51.917003,47.206326],[51.930268,47.191433],[51.937022,47.180284],[51.935313,47.174343],[51.92335,47.149237],[51.919526,47.12405],[51.915945,47.11518],[51.905691,47.102973],[51.894786,47.098578],[51.882416,47.095567],[51.868175,47.087836],[51.857921,47.075385],[51.846934,47.045111],[51.837169,47.029812],[51.810069,47.00434],[51.724213,46.943874]]]}},{"type":"Feature","properties":{"name":"Segre","rank":9},"geometry":{"type":"MultiLineString","coordinates":[[[1.8838,42.564643],[1.849864,42.537136],[1.839529,42.524522],[1.85198,42.502387],[1.882823,42.45421],[1.875743,42.417344],[1.823497,42.400987],[1.776785,42.391913],[1.551199,42.377794],[1.483409,42.373562],[1.449718,42.367214],[1.420177,42.352973],[1.3803,42.32685],[1.362966,42.311143],[1.351573,42.290717],[1.300466,42.078966],[1.294119,42.064521],[1.233409,41.975898],[1.213552,41.954047],[1.187266,41.934272],[1.164806,41.927273],[1.034841,41.910264],[0.967214,41.913926]]]}},{"type":"Feature","properties":{"name":"Drin","rank":9},"geometry":{"type":"MultiLineString","coordinates":[[[20.681651,41.180732],[20.680675,41.198106],[20.669932,41.223334],[20.66741,41.239366],[20.662852,41.250027],[20.622976,41.286566],[20.619395,41.29328],[20.623709,41.300564],[20.634532,41.313422],[20.638927,41.321234],[20.612966,41.365058],[20.60255,41.372504],[20.588878,41.385321],[20.562022,41.441677],[20.535574,41.457465],[20.523448,41.476142],[20.516612,41.483425],[20.514334,41.487372],[20.511485,41.490587],[20.503429,41.495429],[20.495128,41.49787],[20.477061,41.499538],[20.468761,41.502875],[20.465261,41.507148],[20.46046,41.518378],[20.455089,41.523383],[20.455089,41.530829],[20.466807,41.542548],[20.460623,41.558946],[20.448253,41.57746],[20.441417,41.595404],[20.442882,41.611518],[20.440115,41.614691],[20.423513,41.629706],[20.347341,41.679389],[20.339041,41.69123],[20.339041,41.763536],[20.340994,41.779405],[20.355398,41.809923],[20.358897,41.828152],[20.35255,41.842597],[20.324636,41.874213],[20.318614,41.893337],[20.326345,41.91059],[20.358572,41.924831],[20.365733,41.938015],[20.366873,41.94599],[20.372081,41.960761],[20.37322,41.972113],[20.371349,41.979438],[20.363536,41.993516],[20.361583,42.001247],[20.362722,42.010606],[20.377452,42.05268],[20.387462,42.071967],[20.390554,42.082872],[20.367849,42.083564],[20.323985,42.101386],[20.291433,42.127509],[20.302745,42.153632],[20.293386,42.159451],[20.278982,42.175076],[20.270193,42.18126],[20.205333,42.201728],[20.196462,42.203437],[20.191417,42.207465],[20.187266,42.211982],[20.181407,42.215399],[20.174246,42.216579],[20.15032,42.215399],[20.036794,42.256415],[20.023611,42.259467],[19.99464,42.262397],[19.983409,42.266791],[19.976817,42.276923],[19.973562,42.289333],[19.967947,42.298855],[19.954356,42.299994],[19.947032,42.2956],[19.90325,42.258368],[19.890391,42.244696],[19.88087,42.229275],[19.875173,42.210639],[19.871104,42.178575],[19.873057,42.174831],[19.877696,42.167914],[19.882823,42.163438],[19.886648,42.16706],[19.873709,42.14293],[19.853445,42.129014],[19.830821,42.11876],[19.810802,42.105536],[19.791759,42.086453],[19.783865,42.084906],[19.735606,42.084988],[19.720144,42.087104],[19.708425,42.092556],[19.699636,42.087022],[19.675792,42.07864],[19.667491,42.072089],[19.649425,42.077012],[19.629649,42.072333],[19.621837,42.060614],[19.639578,42.044135],[19.627452,42.02558],[19.6067,42.002061],[19.580251,41.985785],[19.550792,41.988837],[19.547537,41.978135],[19.543142,41.971462],[19.530284,41.95539],[19.539073,41.949083],[19.556326,41.942206],[19.564464,41.934272],[19.569591,41.923041],[19.573009,41.902655],[19.578624,41.893337],[19.631521,41.852851],[19.646983,41.831855],[19.634939,41.80622],[19.633311,41.800808],[19.639415,41.788601],[19.641856,41.77912],[19.639578,41.770372],[19.626964,41.763943],[19.58489,41.756903],[19.5713,41.75613]]]}},{"type":"Feature","properties":{"name":"Buna","rank":9},"geometry":{"type":"MultiLineString","coordinates":[[[19.480479,42.066474],[19.489431,42.059882],[19.49407,42.049099],[19.494314,42.037136],[19.489919,42.026964],[19.482188,42.022488],[19.462576,42.020779],[19.456716,42.0185],[19.447032,42.009833],[19.434581,42.004747],[19.408214,42.000922],[19.392589,42.006049],[19.382253,42.005805],[19.37379,41.997585],[19.365245,41.969916],[19.359304,41.966254],[19.351085,41.965399],[19.345876,41.961778],[19.352306,41.938788],[19.349864,41.931667],[19.346202,41.926459],[19.3449,41.921454],[19.345388,41.91474],[19.344737,41.91059],[19.347097,41.906602],[19.356456,41.899929],[19.364513,41.889228],[19.363699,41.863105],[19.365164,41.852362]]]}},{"type":"Feature","properties":{"name":"Sefid","rank":9},"geometry":{"type":"MultiLineString","coordinates":[[[49.489757,36.881781],[49.504812,36.895331],[49.511322,36.902899],[49.517019,36.911648],[49.546316,36.969346],[49.558604,36.986762],[49.711029,37.111274],[49.716319,37.120876],[49.720632,37.136583],[49.731049,37.15823],[49.743337,37.177191],[49.753835,37.18537],[49.767833,37.19241],[49.775808,37.209337],[49.782319,37.229844],[49.791921,37.247423],[49.820811,37.256781],[49.868744,37.26496],[49.908946,37.276313],[49.914154,37.295233],[49.934662,37.326239],[49.937022,37.40705],[49.950206,37.446072]]]}},{"type":"Feature","properties":{"name":"Dnieper","rank":4},"geometry":{"type":"MultiLineString","coordinates":[[[33.539968,46.831244],[33.568858,46.835761],[33.603282,46.853461],[33.61614,46.875922],[33.630789,46.898383],[33.643809,46.921454],[33.65325,46.948269],[33.675548,46.99376],[33.705577,47.028144],[33.799734,47.102973],[33.827891,47.135443],[33.866466,47.172227],[33.91269,47.205349],[33.943451,47.229315],[33.964936,47.255194],[33.984874,47.288194],[33.997488,47.317572],[34.003347,47.346869],[34.007416,47.372423],[34.003998,47.399604],[34.002452,47.432318],[34.008393,47.463243],[34.058035,47.480577],[34.157319,47.473822],[34.203543,47.478298],[34.319265,47.505154],[34.445811,47.522773],[34.583507,47.567084],[34.59433,47.568549],[34.644216,47.563503],[34.729747,47.539089],[34.832449,47.525743],[34.898041,47.523139],[34.996593,47.503485],[35.062918,47.504706],[35.113536,47.524359],[35.147878,47.554633],[35.163097,47.596137],[35.165294,47.646999],[35.162527,47.69184],[35.157725,47.729315],[35.148936,47.763943],[35.125418,47.796698],[35.106863,47.826768],[35.105235,47.840155],[35.105561,47.840888],[35.105724,47.841579]]]}},{"type":"Feature","properties":{"name":"Dnieper","rank":4},"geometry":{"type":"MultiLineString","coordinates":[[[35.105235,47.840155],[35.11671,47.885932],[35.118582,47.901068],[35.118256,47.915351],[35.110281,47.943671],[35.109386,47.953559],[35.116222,47.96955],[35.128673,47.983181],[35.138682,47.997585],[35.138194,48.015937]],[[32.645518,46.649604],[32.685964,46.665473],[32.740001,46.679145],[32.794526,46.684516],[33.000011,46.757839],[33.006358,46.758572],[33.011729,46.757636],[33.029714,46.751288],[33.056651,46.748847],[33.080496,46.754421],[33.156505,46.786485],[33.170909,46.789984],[33.186615,46.791327],[33.20045,46.790229],[33.212901,46.78738],[33.236908,46.777452],[33.262462,46.768134],[33.289317,46.764268],[33.316824,46.765489],[33.343354,46.77143],[33.371349,46.782986],[33.397065,46.798651],[33.407156,46.808173],[33.41505,46.817939],[33.424246,46.826728],[33.438406,46.83336],[33.467214,46.839423],[33.480968,46.839423],[33.528575,46.832099],[33.539968,46.831244]]]}},{"type":"Feature","properties":{"name":"Bénoué","rank":4},"geometry":{"type":"MultiLineString","coordinates":[[[13.706228,7.98074],[13.693289,8.013048],[13.698253,8.048407],[13.708669,8.062038],[13.721853,8.069688],[13.75294,8.082546],[13.777843,8.100531],[13.801443,8.123155],[13.811697,8.13113],[13.823497,8.135688],[13.836436,8.137803],[13.850027,8.138495],[13.890554,8.141384],[13.909109,8.14879],[13.924815,8.164496],[13.932628,8.179307],[13.944102,8.211249],[13.952159,8.225898],[13.987478,8.261094],[13.996511,8.274359],[13.99879,8.291368],[13.988699,8.32746],[13.989675,8.342882],[14.005056,8.369167],[14.007579,8.379096],[14.006847,8.397244],[14.000499,8.426378],[13.988455,8.457872],[13.97283,8.487413],[13.955577,8.51081],[13.921153,8.521593],[13.906668,8.532823],[13.914317,8.551785],[13.952159,8.602647],[13.953543,8.610704],[13.951182,8.629218],[13.952159,8.637478],[13.956554,8.645331],[13.972667,8.66474],[13.982677,8.681749],[13.986501,8.691596],[13.986257,8.722764],[13.984386,8.731391],[13.980968,8.740058],[13.979503,8.748562],[13.983165,8.756903],[13.988292,8.762966],[13.991384,8.76789],[13.992849,8.773546],[13.993093,8.78144],[13.986257,8.790961],[13.938487,8.815538],[13.892507,8.856472],[13.871593,8.882676],[13.862804,8.908026],[13.845958,8.931179],[13.807628,8.942939],[13.76588,8.950222],[13.739268,8.95954],[13.729503,8.973985],[13.727306,8.988715],[13.727794,9.004177],[13.726248,9.021023],[13.719412,9.037787],[13.701834,9.068183],[13.698253,9.086493],[13.68922,9.110785],[13.667898,9.136664],[13.62322,9.179267],[13.575125,9.213935],[13.568614,9.226752],[13.566173,9.24494],[13.559255,9.264268],[13.548513,9.281806],[13.534434,9.302191],[13.506847,9.339179],[13.472179,9.32807],[13.386241,9.242743],[13.379893,9.239529],[13.353282,9.240587],[13.340587,9.238959],[13.326182,9.221503],[13.304698,9.214423],[13.259532,9.206],[13.251475,9.210028],[13.24464,9.212592],[13.239024,9.213446],[13.23406,9.211005],[13.225108,9.202216],[13.219168,9.199774],[13.205577,9.201199],[13.178722,9.211371],[13.170665,9.213446],[13.161388,9.208319],[13.145681,9.189887],[13.136648,9.185492],[13.121755,9.188178],[13.115164,9.196357],[13.111583,9.206895],[13.105886,9.216824],[13.096934,9.223456],[13.077322,9.234565],[13.071707,9.240098],[13.063894,9.258246],[13.057791,9.264838],[13.047537,9.267401],[13.027273,9.276435],[13.009451,9.29328],[12.99171,9.302436],[12.972097,9.28852],[12.967703,9.301825],[12.968272,9.30744],[12.972097,9.315863],[12.926931,9.334744],[12.886729,9.351508],[12.85255,9.356798],[12.842947,9.36225],[12.817882,9.386094],[12.800792,9.391547],[12.785411,9.388495],[12.751394,9.371894],[12.687918,9.326361],[12.681814,9.31863],[12.672862,9.303494],[12.663585,9.294745],[12.656668,9.292019],[12.64088,9.290147],[12.632823,9.285102],[12.607921,9.265204],[12.575613,9.247138],[12.541759,9.236762],[12.512706,9.239529],[12.500906,9.247911],[12.478689,9.281684],[12.386485,9.367377],[12.380626,9.37462],[12.377452,9.380968],[12.376475,9.38821],[12.376231,9.398057],[12.374441,9.409491],[12.36964,9.414374],[12.362722,9.418036],[12.355154,9.425727],[12.312918,9.485622],[12.284923,9.51085],[12.252126,9.521308],[12.196218,9.529242],[12.177257,9.524685],[12.055186,9.470811],[12.024669,9.469021],[11.995779,9.48371],[11.980968,9.489325],[11.941335,9.487576],[11.924083,9.490546]]]}},{"type":"Feature","properties":{"name":"Dicle","rank":4},"geometry":{"type":"MultiLineString","coordinates":[[[39.173106,38.424425],[39.190684,38.421739],[39.212657,38.424384],[39.240896,38.434434],[39.265636,38.448106],[39.288178,38.467068],[39.35255,38.480821],[39.402599,38.503445],[39.463471,38.518907],[39.509044,38.516872],[39.518972,38.503445],[39.528819,38.492296],[39.538829,38.486355],[39.578624,38.484239],[39.600352,38.477973],[39.62086,38.462958],[39.633067,38.448106],[39.646658,38.43183],[39.643077,38.415595],[39.645518,38.407091],[39.651459,38.402289],[39.667491,38.396552],[39.671886,38.393988],[39.674571,38.391181],[39.679698,38.383979],[39.684337,38.379706],[39.689382,38.377021],[39.720225,38.370307],[39.729747,38.369818],[39.73935,38.370917],[39.793712,38.386664],[39.814871,38.38703],[39.856456,38.37873],[39.91505,38.378607],[39.956472,38.384874],[39.969819,38.38349],[39.984467,38.376817],[40.002371,38.363349],[40.018484,38.347724],[40.026947,38.33865],[40.030365,38.333279],[40.03183,38.327582],[40.031261,38.322781],[40.029063,38.318712],[40.023204,38.311103],[40.0206,38.299506],[40.026378,38.291571],[40.077078,38.265937],[40.108002,38.259711],[40.117768,38.256619],[40.125987,38.251085],[40.156505,38.221015],[40.172537,38.208808],[40.191173,38.200222],[40.180919,38.190253],[40.18214,38.169989],[40.170665,38.166042],[40.168549,38.148871],[40.141043,38.122748],[40.139659,38.113959],[40.158295,38.107611],[40.205333,38.109809],[40.22519,38.103949],[40.245372,38.092719],[40.266856,38.083523],[40.256602,38.070828],[40.253998,38.054877],[40.253184,38.02143],[40.24114,37.997585],[40.238862,37.991034],[40.24114,37.984076],[40.250662,37.975531],[40.253184,37.966864],[40.252208,37.956732],[40.247,37.939521],[40.245697,37.928982],[40.24822,37.921698],[40.258718,37.906928],[40.259369,37.898546],[40.253347,37.89171],[40.244151,37.890326],[40.235769,37.886908],[40.232026,37.874335],[40.23406,37.866807],[40.239268,37.860053],[40.246104,37.85456],[40.253184,37.850775],[40.247,37.842475],[40.256847,37.838935],[40.341889,37.829657],[40.41505,37.808417],[40.436941,37.809149],[40.518484,37.835517],[40.677175,37.843777],[40.699229,37.837348],[40.738048,37.813585],[40.759207,37.806708],[40.780772,37.808865],[40.821544,37.826361],[40.843272,37.830837],[40.872081,37.826687],[40.968679,37.800482],[41.00351,37.787421],[41.021007,37.775173],[41.03476,37.771674],[41.049734,37.773749],[41.079519,37.78144],[41.088471,37.78144],[41.093842,37.77912],[41.105479,37.770046],[41.111501,37.767401],[41.117198,37.76614],[41.140717,37.764716],[41.164073,37.767401],[41.175385,37.767157],[41.187022,37.762763],[41.207042,37.747585],[41.217459,37.742947],[41.223155,37.742947],[41.226736,37.744696],[41.230235,37.74726],[41.234874,37.749538],[41.239757,37.7508],[41.243175,37.751003],[41.285737,37.739814],[41.296967,37.738837],[41.30185,37.739814],[41.311046,37.74433],[41.315522,37.745673],[41.320893,37.745673],[41.37379,37.736599],[41.503429,37.743842],[41.547293,37.740668],[41.561941,37.743232],[41.612315,37.76321],[41.662201,37.770819],[41.672944,37.769599],[41.683197,37.765692],[41.702566,37.754177],[41.712657,37.749538],[41.730235,37.748847],[41.747569,37.753241],[41.764252,37.755316],[41.780365,37.747504],[41.786143,37.740505],[41.81601,37.686143],[41.826101,37.638699],[41.8331,37.626044],[41.843191,37.617865],[41.851329,37.612982],[41.857351,37.606269],[41.860444,37.592841],[41.861501,37.56977],[41.859874,37.559027],[41.832774,37.497016],[41.827566,37.469835],[41.833914,37.443874],[41.84962,37.426622],[41.86964,37.419501],[41.891612,37.419623],[41.929291,37.427558],[42.015066,37.433295],[42.027761,37.431749],[42.043712,37.425482],[42.089285,37.398261],[42.12322,37.384589],[42.128184,37.384101],[42.139415,37.385565],[42.143809,37.384589],[42.148367,37.37991],[42.158132,37.363552],[42.184988,37.353868],[42.192312,37.34988],[42.196869,37.344184],[42.206309,37.329169],[42.222097,37.314236],[42.223237,37.302598],[42.22169,37.29267],[42.222667,37.288398],[42.236339,37.286566],[42.266694,37.274726],[42.272227,37.276964],[42.278819,37.282538],[42.285248,37.286729],[42.291596,37.285346],[42.295909,37.279975],[42.300873,37.270209],[42.305186,37.264838],[42.339447,37.242865],[42.346202,37.240017],[42.352631,37.227322],[42.33489,37.171454],[42.346202,37.158718],[42.354015,37.152615],[42.355968,37.138495],[42.356619,37.110297],[42.36321,37.098415],[42.370616,37.088202],[42.376231,37.076972],[42.376557,37.062527]]]}},{"type":"Feature","properties":{"name":"Seine","rank":4},"geometry":{"type":"MultiLineString","coordinates":[[[4.712657,47.512641],[4.704112,47.526964],[4.700857,47.540961],[4.704763,47.554511],[4.705333,47.571804],[4.707693,47.577908],[4.704519,47.585313],[4.697439,47.59162],[4.690359,47.599677],[4.687185,47.612616],[4.687022,47.63585],[4.685313,47.644355],[4.673595,47.678575],[4.667491,47.684394],[4.653005,47.691189],[4.623057,47.697618],[4.610362,47.703315],[4.605235,47.714708],[4.59962,47.741034],[4.585216,47.763007],[4.565196,47.780585],[4.543142,47.793565],[4.54656,47.805854],[4.56365,47.834499],[4.570486,47.852607],[4.576182,47.862576],[4.584727,47.869249],[4.566173,47.868923],[4.552989,47.875434],[4.543712,47.885769],[4.536876,47.896593],[4.542898,47.899441],[4.545665,47.902615],[4.547618,47.906195],[4.550548,47.910224],[4.536062,47.919949],[4.50587,47.958075],[4.505544,47.966864],[4.49171,47.985785],[4.475352,48.003689]]]}},{"type":"Feature","properties":{"name":"Tigris","rank":4},"geometry":{"type":"MultiLineString","coordinates":[[[42.376557,37.062527],[42.383718,37.040717],[42.397472,37.017117],[42.414561,36.995632],[42.452647,36.965522],[42.47047,36.954861],[42.488048,36.955146],[42.507498,36.97309],[42.507823,36.957953],[42.503184,36.937852],[42.503998,36.921739],[42.5206,36.918484],[42.513194,36.896552],[42.515554,36.887315],[42.523936,36.87991],[42.534923,36.863227],[42.508718,36.861843],[42.503998,36.851386],[42.51474,36.84337],[42.534923,36.849555],[42.56601,36.836615],[42.582937,36.826606],[42.596446,36.796088],[42.612397,36.789374],[42.654714,36.788764],[42.659597,36.790798],[42.663829,36.795274],[42.669363,36.79975],[42.678233,36.801785],[42.690359,36.799628],[42.699229,36.794298],[42.729584,36.766791],[42.747162,36.753974],[42.75644,36.750271],[42.764578,36.74962],[42.772472,36.747667],[42.781261,36.740343],[42.758881,36.733425],[42.749604,36.727484],[42.747162,36.719835],[42.753998,36.711534],[42.764415,36.712226],[42.799734,36.726386],[42.808035,36.725898],[42.822276,36.719835],[42.8296,36.714626],[42.83489,36.708116],[42.843272,36.692572],[42.851654,36.704657],[42.861095,36.710517],[42.872651,36.712348],[42.887462,36.712429],[42.8921,36.706163],[42.888194,36.692328],[42.877452,36.671454],[42.905528,36.66352],[42.904389,36.646674],[42.886485,36.635443],[42.863862,36.64411],[42.857351,36.643093],[42.83961,36.64411],[42.831147,36.643093],[42.830496,36.640204],[42.831554,36.63585],[42.829112,36.630479],[42.822765,36.623847],[42.818614,36.617214],[42.818126,36.610216],[42.822276,36.602566],[42.79599,36.59516],[42.771902,36.577012],[42.753998,36.552273],[42.747162,36.524685],[42.751069,36.505439],[42.761648,36.498603],[42.794932,36.5008],[42.832774,36.498603],[42.863862,36.493272],[42.921886,36.493272],[42.935557,36.490668],[42.972341,36.476833],[42.979991,36.470038],[42.977794,36.462673],[42.968516,36.45246],[42.966319,36.44245],[42.968761,36.433417],[42.974701,36.426947],[43.000662,36.409288],[43.03183,36.399685],[43.048839,36.390937],[43.061615,36.397406],[43.08196,36.399197],[43.123953,36.397732],[43.117117,36.380154],[43.125499,36.367051],[43.138438,36.356391],[43.14503,36.345893],[43.148529,36.343085],[43.166026,36.333808],[43.172293,36.328884],[43.17628,36.320746],[43.185964,36.287869],[43.172293,36.287869],[43.178803,36.277655],[43.196218,36.256415],[43.199718,36.250596],[43.205007,36.238389],[43.216401,36.229804],[43.227957,36.223009],[43.233165,36.216498],[43.237315,36.204861],[43.247,36.197821],[43.258311,36.19241],[43.267182,36.185411],[43.272472,36.169379],[43.274669,36.164984],[43.28712,36.15001],[43.288259,36.150702],[43.292491,36.148383],[43.299246,36.145697],[43.302989,36.141384],[43.295421,36.128445],[43.294526,36.121283],[43.295909,36.091824],[43.298595,36.08157],[43.303722,36.073432],[43.326264,36.049994],[43.336192,36.033067],[43.340017,36.01435],[43.336192,35.993679],[43.345876,35.979926],[43.346202,35.970811],[43.341401,35.961046],[43.333995,35.938666],[43.331065,35.932481],[43.329112,35.926052],[43.329356,35.918524],[43.334565,35.910956],[43.343191,35.907823],[43.351492,35.906521],[43.356619,35.904242],[43.36085,35.880683],[43.34962,35.861111],[43.331635,35.85281],[43.315684,35.863308],[43.315684,35.807563],[43.309093,35.794908]],[[43.309093,35.794908],[43.298757,35.795722],[43.290457,35.78913],[43.288097,35.776719],[43.287608,35.74372],[43.288259,35.735419],[43.29184,35.729275],[43.318451,35.712958],[43.32252,35.708767],[43.318614,35.694281],[43.308686,35.689805],[43.295339,35.68891],[43.280854,35.685167],[43.273367,35.677558],[43.258311,35.655585],[43.241303,35.644639],[43.24822,35.630194],[43.267182,35.606024],[43.26588,35.597032],[43.262787,35.589911],[43.254324,35.575954],[43.248953,35.569688],[43.244395,35.568915],[43.241466,35.56623],[43.240652,35.554226],[43.249278,35.530463],[43.265636,35.500312],[43.275971,35.471503],[43.267182,35.451768],[43.271902,35.442572],[43.271251,35.436957],[43.268809,35.431098],[43.267182,35.421088],[43.26946,35.411566],[43.274018,35.406317],[43.278738,35.403388],[43.280854,35.400906],[43.285818,35.393378],[43.31129,35.370429],[43.32252,35.362413],[43.350597,35.352973],[43.364838,35.345079],[43.37086,35.332343],[43.369884,35.329535],[43.367117,35.328437],[43.363536,35.32746],[43.360037,35.325222],[43.356863,35.319037],[43.358979,35.315131],[43.362397,35.311957],[43.363536,35.307807],[43.359874,35.293158],[43.356619,35.286973],[43.350515,35.280463],[43.401541,35.273383],[43.422455,35.265448],[43.418712,35.246365],[43.410085,35.2414],[43.398692,35.238389],[43.388927,35.233425],[43.384532,35.22248],[43.388276,35.213568],[43.397065,35.200995],[43.407237,35.189765],[43.41505,35.184882],[43.480724,35.126532],[43.493744,35.110704],[43.52003,35.100694],[43.54005,35.088975],[43.53476,35.068183],[43.562104,35.052924],[43.577159,35.041571],[43.583914,35.030626],[43.580658,35.013739],[43.572765,34.996894],[43.562511,34.983995],[43.552257,34.978827],[43.542572,34.970282],[43.530284,34.951483],[43.522065,34.932725],[43.52532,34.92418],[43.539236,34.917344],[43.540701,34.901068],[43.53948,34.881781],[43.545665,34.865831],[43.55364,34.861151],[43.558849,34.860053],[43.561697,34.856757],[43.564464,34.83572],[43.568614,34.827175],[43.576427,34.815009],[43.577566,34.804877],[43.576182,34.795925],[43.577403,34.789496],[43.594737,34.78559],[43.600515,34.78205],[43.611095,34.773383],[43.619884,34.771186],[43.628835,34.770779],[43.635753,34.767401],[43.638438,34.756659],[43.640229,34.743679],[43.644786,34.742296],[43.651378,34.743964],[43.658946,34.739814],[43.668224,34.727362],[43.675873,34.712836],[43.676768,34.699774],[43.665131,34.691474],[43.671479,34.68183],[43.688569,34.669053],[43.693777,34.66352],[43.695893,34.654893],[43.693777,34.626288],[43.696788,34.614447],[43.71046,34.596788],[43.713471,34.585273],[43.714122,34.56269],[43.716238,34.553656],[43.720876,34.54682],[43.739187,34.538357],[43.756765,34.535997],[43.769786,34.529731],[43.774994,34.509589],[43.78183,34.372748],[43.785085,34.363878],[43.799083,34.350775],[43.802257,34.345079],[43.803803,34.337104],[43.820567,34.298896],[43.824636,34.29328],[43.827729,34.286404],[43.8296,34.273057],[43.828868,34.263495],[43.823985,34.247423],[43.822765,34.235541],[43.829356,34.223009],[43.860362,34.195828],[43.870616,34.184353],[43.886729,34.144558],[43.894786,34.132839],[43.92864,34.10578],[43.971446,34.085395],[43.987885,34.081326],[44.055431,34.075059],[44.092865,34.071804],[44.148529,34.059678],[44.186046,34.057563],[44.194916,34.055976],[44.203624,34.05268],[44.209972,34.048367],[44.221283,34.038031],[44.22755,34.033759],[44.233653,34.032294],[44.239187,34.033718],[44.249278,34.04031],[44.270518,34.046739],[44.291433,34.041693],[44.331147,34.019599],[44.37794,34.001329],[44.427989,33.963568],[44.439952,33.951036],[44.447683,33.935492],[44.450857,33.916327],[44.450125,33.89765],[44.444021,33.880154],[44.409923,33.835517],[44.391205,33.792751],[44.389415,33.783637],[44.389171,33.774482],[44.391612,33.765448],[44.396902,33.757025],[44.403575,33.749864],[44.423432,33.7331],[44.425873,33.729031],[44.425792,33.724677],[44.411713,33.706081],[44.407807,33.698757],[44.391043,33.637559],[44.385346,33.62991],[44.377452,33.625434],[44.366222,33.62462],[44.35434,33.625434],[44.342865,33.624823],[44.332042,33.621365],[44.322683,33.613471],[44.319753,33.603461],[44.328298,33.584499],[44.326182,33.574164],[44.313243,33.561103],[44.310069,33.555854],[44.308604,33.550116],[44.30836,33.532172],[44.305268,33.514716],[44.304861,33.508816],[44.305268,33.503119],[44.311127,33.481065],[44.313243,33.476182],[44.316335,33.471788],[44.320323,33.468085],[44.336843,33.459337],[44.341726,33.455634],[44.348399,33.445258],[44.348725,33.434434],[44.343028,33.411729],[44.342865,33.404853],[44.344656,33.39879],[44.347748,33.393337],[44.352631,33.388495],[44.362397,33.381781],[44.36671,33.377956],[44.369884,33.37287],[44.376394,33.34866],[44.390391,33.325507],[44.383556,33.32213],[44.378429,33.317003],[44.37558,33.310411],[44.375906,33.302761],[44.379649,33.294745],[44.385997,33.289252],[44.393809,33.285915],[44.402354,33.284288],[44.412364,33.284247],[44.417084,33.28502],[44.434581,33.291327],[44.438975,33.291815],[44.447846,33.28913],[44.451915,33.282904],[44.455089,33.266221],[44.458263,33.260688],[44.462494,33.256415],[44.467784,33.253241],[44.473643,33.250841],[44.483816,33.24376],[44.48935,33.233018],[44.491222,33.220404],[44.489757,33.207628],[44.488699,33.205024],[44.485932,33.200548],[44.484955,33.198025],[44.483409,33.185818],[44.484386,33.178778],[44.486827,33.173122],[44.491222,33.169053],[44.497976,33.166815],[44.508718,33.166287],[44.512136,33.165595],[44.516043,33.164089],[44.52711,33.157742],[44.550548,33.136176],[44.556244,33.128933],[44.560802,33.121039],[44.568614,33.09809],[44.570811,33.083564],[44.572846,33.077989],[44.576427,33.072943],[44.581065,33.06977],[44.586925,33.070095],[44.591401,33.07331],[44.595144,33.077582],[44.599132,33.081122],[44.604503,33.082058],[44.612234,33.077216],[44.618256,33.067816],[44.626882,33.048204],[44.632091,33.03913],[44.638682,33.031806],[44.646414,33.025824],[44.655691,33.020575],[44.665701,33.016181],[44.677257,33.013129],[44.688569,33.012722],[44.698985,33.016181],[44.71046,33.024115],[44.714936,33.025702],[44.72047,33.026435],[44.727143,33.026679],[44.733653,33.025824],[44.738536,33.023261],[44.74114,33.013739],[44.736095,33.003119],[44.728608,32.99254],[44.724213,32.983425],[44.724864,32.977973],[44.727957,32.974229],[44.732839,32.972032],[44.738292,32.971137],[44.744395,32.971747],[44.749034,32.974189],[44.757091,32.982123],[44.766856,32.988064],[44.776296,32.986518],[44.784923,32.980414],[44.806651,32.959784],[44.814382,32.957343],[44.822683,32.962104],[44.8296,32.97016],[44.833751,32.97248],[44.839366,32.972113],[44.844656,32.969021],[44.848155,32.964219],[44.85255,32.952948],[44.858165,32.943183],[44.865815,32.93712],[44.875418,32.934272],[44.896983,32.932644],[44.907237,32.928819],[44.917003,32.923285],[44.925792,32.916938],[44.934093,32.908555],[44.94866,32.889594],[44.95753,32.881456],[44.969168,32.876003],[44.980561,32.875067],[44.992117,32.877712],[45.031505,32.898057],[45.041515,32.900336],[45.050792,32.899237],[45.060069,32.894843],[45.065684,32.887559],[45.064382,32.877997],[45.056082,32.870958],[45.033702,32.864081],[45.026378,32.856757],[45.026947,32.846706],[45.034434,32.837185],[45.09075,32.792751],[45.097097,32.789089],[45.103526,32.786322],[45.110362,32.785346],[45.117442,32.787136],[45.130463,32.793769],[45.136974,32.79446],[45.144949,32.792019],[45.163666,32.781195],[45.170502,32.778591],[45.17864,32.777126],[45.267345,32.774278],[45.278819,32.766221],[45.279226,32.752021],[45.273529,32.736192],[45.257498,32.709052],[45.254405,32.700873],[45.255789,32.693427],[45.261974,32.689236],[45.270437,32.688829],[45.286632,32.692328],[45.293875,32.692898],[45.300059,32.69184],[45.306082,32.689154],[45.311697,32.684882],[45.316905,32.679633],[45.320323,32.67414],[45.324962,32.661404],[45.329112,32.653428],[45.334727,32.647976],[45.341889,32.64586],[45.350515,32.647976],[45.357921,32.651313],[45.364757,32.652777],[45.371511,32.651923],[45.378917,32.64822],[45.389659,32.638048],[45.397065,32.625678],[45.415701,32.58454],[45.419851,32.578315],[45.42628,32.573554],[45.435313,32.57038],[45.440196,32.569688],[45.444753,32.570258],[45.447765,32.571845],[45.450206,32.574164],[45.4546,32.579454],[45.462169,32.584581],[45.502696,32.595526],[45.507335,32.595811],[45.511729,32.595242],[45.513682,32.59455],[45.515636,32.593451],[45.518647,32.590277],[45.519786,32.589545],[45.520437,32.589301],[45.521007,32.589301],[45.522472,32.588975],[45.524994,32.586249],[45.526866,32.583279],[45.529307,32.576728],[45.528819,32.567206],[45.520112,32.550157],[45.520518,32.54088],[45.526296,32.534369],[45.53476,32.53205],[45.544037,32.532986],[45.552175,32.5362],[45.566824,32.548651],[45.574636,32.553819],[45.584402,32.555487],[45.589366,32.553575],[45.592784,32.549628],[45.595795,32.544949],[45.599213,32.54088],[45.605479,32.537909],[45.61321,32.536689],[45.621104,32.536933],[45.627696,32.538357],[45.6338,32.541938],[45.647878,32.558661],[45.654307,32.56269],[45.660574,32.563992],[45.692475,32.558621],[45.698253,32.555976],[45.706147,32.54796],[45.717296,32.528835],[45.725352,32.521511],[45.730724,32.518866],[45.735769,32.517524],[45.740815,32.51789],[45.779307,32.531684],[45.785167,32.532335],[45.791108,32.531358],[45.79599,32.528632],[45.799571,32.524726],[45.804779,32.515204],[45.807628,32.508612],[45.809093,32.502224]],[[43.309093,35.794908],[43.308849,35.794379],[43.315684,35.794379],[43.309093,35.794908]],[[45.806895,32.510932],[45.812104,32.505927],[45.818858,32.506415],[45.831554,32.512478],[45.840912,32.525336],[45.851492,32.536485],[45.863862,32.545233],[45.893158,32.554755],[45.900645,32.555732],[45.907319,32.554714],[45.913666,32.55211],[45.919526,32.550401],[45.925222,32.551134],[45.930675,32.555854],[45.932872,32.560329],[45.936941,32.575303],[45.941173,32.585232],[45.947683,32.595526],[45.955658,32.604438],[45.964773,32.610175],[45.976573,32.613389],[46.030854,32.622178],[46.036062,32.625108],[46.047781,32.636542],[46.052826,32.639472],[46.095795,32.653144],[46.10434,32.654568],[46.140636,32.650173],[46.161876,32.640896],[46.176524,32.629828],[46.206472,32.583441],[46.219005,32.572374],[46.233816,32.565212],[46.249766,32.560858],[46.296967,32.554511],[46.312022,32.550157],[46.335948,32.533026],[46.348888,32.528266],[46.398367,32.523953],[46.465261,32.530707],[46.481619,32.529364],[46.497081,32.52558],[46.555431,32.504218],[46.635671,32.492458],[46.651459,32.486396],[46.663178,32.479356],[46.673106,32.47073],[46.747813,32.367214],[46.749522,32.358222],[46.747569,32.34988],[46.740652,32.343777],[46.723643,32.33747],[46.716075,32.333035],[46.710053,32.32571],[46.70696,32.318183],[46.705577,32.31037],[46.706065,32.302517],[46.708425,32.294704],[46.717865,32.276679],[46.721609,32.267361],[46.721772,32.25727],[46.719249,32.248603],[46.714854,32.241156],[46.708914,32.23489],[46.701915,32.229356],[46.693614,32.220811],[46.691905,32.211371],[46.695079,32.201239],[46.711192,32.174587],[46.71339,32.168565],[46.714122,32.16352],[46.714285,32.148139],[46.71575,32.137559],[46.719493,32.12877],[46.726085,32.121772],[46.735362,32.1164],[46.757335,32.10932],[46.767182,32.104112],[46.774425,32.095486],[46.781016,32.08157],[46.78419,32.077826],[46.789073,32.075141],[46.794444,32.074246],[46.799897,32.07453],[46.823741,32.079535],[46.830089,32.079372],[46.836925,32.077826],[46.843842,32.075303],[46.856456,32.068305],[46.862804,32.062079],[46.86671,32.054755],[46.893647,31.961941],[46.899343,31.948554],[46.906342,31.936835],[46.948334,31.893175],[46.954845,31.877875],[46.965587,31.869249],[46.989268,31.86225],[47.012787,31.863105],[47.023692,31.877875],[47.034434,31.878974],[47.083914,31.890652],[47.098725,31.89586],[47.10963,31.88288],[47.12322,31.874538],[47.134776,31.863837],[47.13974,31.844021],[47.137625,31.832953],[47.128347,31.819607],[47.126069,31.809882],[47.12794,31.797227],[47.132091,31.788031],[47.136729,31.780341],[47.13974,31.772325],[47.143972,31.729275],[47.149832,31.711371],[47.18336,31.695339],[47.191661,31.675482],[47.194347,31.641384],[47.205496,31.629503],[47.221283,31.620673],[47.23585,31.609442],[47.242198,31.59044],[47.283702,31.531521],[47.29241,31.527452],[47.314708,31.521918],[47.324148,31.5185],[47.336029,31.51081],[47.355479,31.487738],[47.374522,31.47252],[47.379975,31.463894],[47.376231,31.453315],[47.369558,31.441352],[47.369558,31.430121],[47.37558,31.419379],[47.386811,31.408637],[47.400076,31.400499],[47.414154,31.394151],[47.42628,31.386746],[47.434011,31.375108],[47.435151,31.355821],[47.427989,31.343858],[47.418549,31.334662],[47.414073,31.323594],[47.426036,31.284613],[47.437266,31.263251],[47.441173,31.247504],[47.442556,31.230902],[47.441417,31.216824],[47.426524,31.180935],[47.427745,31.169623],[47.441417,31.156317],[47.453868,31.153428],[47.455658,31.149197],[47.437592,31.131456],[47.423106,31.108913],[47.420909,31.10696],[47.421967,31.097724],[47.426687,31.093614],[47.431651,31.090277],[47.434011,31.083075],[47.428722,31.050482],[47.427989,31.034857],[47.434011,31.018826]]]}},{"type":"Feature","properties":{"name":"Benue","rank":4},"geometry":{"type":"MultiLineString","coordinates":[[[11.924083,9.490546],[11.907644,9.497178],[11.873057,9.505439],[11.819753,9.50906],[11.777029,9.506456],[11.736746,9.498562],[11.695486,9.476101],[11.666759,9.465359],[11.652843,9.456122],[11.626964,9.43476],[11.601573,9.41824],[11.42628,9.331488],[11.375662,9.294745],[11.345225,9.262397],[11.334158,9.25377],[11.301443,9.24494],[11.286388,9.236884],[11.28004,9.219997],[11.263357,9.19892],[11.224376,9.185981],[11.149832,9.17182],[11.086192,9.140733],[11.028575,9.09394],[10.979991,9.036444],[10.915782,8.916124],[10.905935,8.887071],[10.90211,8.85338],[10.892996,8.820624],[10.870046,8.792304],[10.841075,8.769599],[10.752615,8.719346],[10.733165,8.714789],[10.683604,8.719346],[10.650157,8.710761],[10.586436,8.67536],[10.553233,8.670966],[10.539968,8.676215],[10.513357,8.693874],[10.498709,8.698839],[10.479421,8.697821],[10.46282,8.690782],[10.432872,8.667833],[10.421886,8.666693],[10.390636,8.68122],[10.374522,8.685167],[10.357839,8.684434],[10.342214,8.681952],[10.327566,8.677558],[10.313731,8.670966],[10.284353,8.671576],[10.269542,8.639675],[10.257823,8.601386],[10.238292,8.582831],[10.221202,8.578681],[10.21046,8.56863],[10.188975,8.53795],[10.183523,8.521511],[10.177989,8.514757],[10.169688,8.51085],[10.141124,8.507107],[10.113292,8.496772],[10.112315,8.45661],[10.106456,8.445258],[10.095144,8.438341],[10.068126,8.433905],[10.055186,8.427924],[10.048025,8.419949],[10.043386,8.410264],[10.030284,8.364936],[10.021414,8.350775],[10.019705,8.345649],[10.012136,8.344346],[9.990408,8.334988],[9.980724,8.333075],[9.950613,8.331977],[9.91505,8.32335],[9.88087,8.308661],[9.859386,8.289862],[9.847097,8.272244],[9.827078,8.24372],[9.804128,8.226833],[9.784923,8.22248],[9.744884,8.223944],[9.725515,8.221747],[9.71754,8.218614],[9.710704,8.214179],[9.677745,8.185981],[9.654226,8.173122],[9.631847,8.164089],[9.624929,8.159939],[9.607107,8.14407],[9.600108,8.139838],[9.566905,8.129706],[9.559093,8.126044],[9.555105,8.123562],[9.552175,8.120876],[9.549978,8.117377],[9.547862,8.110541],[9.546072,8.107367],[9.538992,8.101345],[9.530772,8.097764],[9.432791,8.073798],[9.424327,8.070095],[9.420177,8.066718],[9.412771,8.059272],[9.407644,8.057074],[9.388194,8.041571],[9.367686,8.003282],[9.360281,7.993191]],[[7.828868,7.990017],[7.781179,8.006049],[7.716807,8.013129],[7.653331,8.028917],[7.636729,8.030097],[7.495128,8.016425],[7.319265,8.031684],[7.285818,8.028144],[7.083995,7.96015]]]}},{"type":"Feature","properties":{"name":"Rhein","rank":4},"geometry":{"type":"MultiLineString","coordinates":[[[8.881114,47.656358],[8.852061,47.671007],[8.815684,47.684272],[8.776541,47.693671],[8.639822,47.696234],[8.631521,47.690497],[8.624522,47.681505],[8.607351,47.670681],[8.617442,47.666327],[8.624522,47.659044],[8.624766,47.65058],[8.614268,47.642686],[8.6067,47.656562],[8.602468,47.647488],[8.599864,47.612616],[8.594412,47.600531],[8.568044,47.575466],[8.559581,47.560818],[8.539317,47.568671],[8.52296,47.577663],[8.505138,47.585028],[8.480154,47.58808],[8.417491,47.581081],[8.353526,47.581244],[8.315684,47.58808],[8.305837,47.592475],[8.298757,47.602118],[8.293386,47.61168],[8.288097,47.616034],[8.276541,47.616889],[8.250499,47.62226],[8.232432,47.622138],[8.17864,47.616034],[8.173269,47.613796],[8.168386,47.608913],[8.161632,47.604031],[8.14324,47.600369],[8.121593,47.592393],[8.113292,47.58808],[8.104991,47.581488],[8.100841,47.576443],[8.096446,47.572089],[8.086681,47.567654],[8.041677,47.560818],[7.911632,47.560818],[7.908946,47.56505],[7.906993,47.57449],[7.903738,47.583848],[7.897634,47.58808],[7.833181,47.590766],[7.819102,47.595526],[7.801036,47.57628],[7.784923,47.563422],[7.766124,47.55622],[7.682872,47.544501],[7.660899,47.546495],[7.609141,47.565009],[7.588552,47.567654],[7.583507,47.572943],[7.585378,47.584255],[7.58961,47.595038],[7.59197,47.5987],[7.589773,47.608222],[7.584646,47.613471],[7.578136,47.617214],[7.572032,47.62226],[7.549734,47.652696],[7.536143,47.665473],[7.521251,47.670681],[7.517345,47.67532],[7.514089,47.686062],[7.511241,47.707587],[7.514822,47.713568],[7.531505,47.72545],[7.537364,47.732123],[7.537771,47.748399],[7.525401,47.783393],[7.528087,47.797309],[7.54241,47.829657],[7.547862,47.834499],[7.561453,47.839545],[7.56365,47.850653],[7.558523,47.869249],[7.558604,47.873725],[7.557872,47.876288],[7.557302,47.87877],[7.558523,47.882921],[7.561453,47.887397],[7.567882,47.891628],[7.572032,47.896593],[7.57838,47.906562],[7.580089,47.911078],[7.578868,47.927314],[7.584483,47.940701],[7.611095,47.959662],[7.620616,47.971706],[7.618419,48.002875]]]}},{"type":"Feature","properties":{"name":"White Nile","rank":1},"geometry":{"type":"MultiLineString","coordinates":[[[30.425873,7.993191],[30.437104,8.002387],[30.425304,8.021186],[30.405284,8.04328],[30.392345,8.062038],[30.391043,8.075995],[30.3921,8.091091],[30.391124,8.105089],[30.384288,8.116034],[30.372162,8.116889],[30.359467,8.11164],[30.350841,8.112128],[30.350678,8.130316],[30.324636,8.118435],[30.310802,8.149522],[30.307628,8.191718],[30.312918,8.212917],[30.329194,8.218085],[30.326915,8.2296],[30.319591,8.241156],[30.320079,8.246405],[30.337983,8.252875],[30.336925,8.268175],[30.316661,8.301052],[30.323985,8.303982],[30.343842,8.315253],[30.337657,8.325548],[30.333018,8.353827],[30.323497,8.363715],[30.330333,8.390977],[30.33546,8.396186],[30.342296,8.399848],[30.348155,8.404893],[30.35377,8.431912],[30.358897,8.445868],[30.359874,8.460232],[30.350678,8.479112],[30.346934,8.48017],[30.334402,8.478339],[30.330333,8.479112],[30.329356,8.483425],[30.331309,8.496161],[30.330333,8.500271],[30.301199,8.519639],[30.296153,8.524197],[30.292898,8.534776],[30.278331,8.549628],[30.274994,8.558621],[30.278331,8.571357],[30.283946,8.581732],[30.285085,8.589952],[30.274994,8.596462],[30.274913,8.593085],[30.275483,8.586046],[30.274994,8.582831],[30.268809,8.582831],[30.269216,8.594997],[30.272227,8.607611],[30.276947,8.619818],[30.282481,8.630561],[30.30185,8.655463],[30.309581,8.670233],[30.309174,8.685167],[30.303315,8.693061],[30.296479,8.695583],[30.289154,8.696234],[30.282481,8.698839],[30.242686,8.735907],[30.234304,8.746772],[30.227143,8.760321],[30.239757,8.770046],[30.249929,8.781073],[30.253998,8.793809],[30.24822,8.808702],[30.240815,8.801866],[30.235362,8.818142],[30.236746,8.85281],[30.23463,8.870185],[30.230235,8.878485],[30.218272,8.890163],[30.213634,8.898139],[30.212494,8.904242],[30.213634,8.917996],[30.213634,8.925401],[30.20989,8.940985],[30.198253,8.961371],[30.193126,8.973212],[30.19101,8.990343],[30.193777,9.006537],[30.199474,9.019843],[30.206716,9.028428],[30.212901,9.031033],[30.229421,9.033637],[30.23463,9.035264],[30.252371,9.053534],[30.254487,9.055203],[30.256114,9.060736],[30.2588,9.077338],[30.261322,9.083075],[30.266856,9.086778],[30.281016,9.091417],[30.288666,9.096137],[30.299734,9.107937],[30.303803,9.118476],[30.309174,9.151394],[30.318777,9.169623],[30.332286,9.179511],[30.34669,9.187445],[30.358165,9.199774],[30.351166,9.207099],[30.353608,9.212755],[30.359874,9.218573],[30.36435,9.226426],[30.36435,9.291612],[30.362071,9.306464],[30.355886,9.311835],[30.347097,9.314887],[30.337006,9.322618],[30.324718,9.347724],[30.335948,9.35753],[30.354503,9.364529],[30.36435,9.380968],[30.369395,9.40351],[30.380789,9.4171],[30.394135,9.427273],[30.404796,9.439317],[30.415945,9.471706],[30.424734,9.482856],[30.442882,9.487128],[30.456716,9.492133],[30.468028,9.503852],[30.477957,9.517442],[30.487885,9.528103],[30.504812,9.536241],[30.523204,9.540066],[30.6456,9.53498],[30.773367,9.504828],[30.816173,9.50019],[30.895763,9.50019],[30.911143,9.503445],[30.92392,9.509955],[30.938487,9.515204],[30.959727,9.514472],[31.003998,9.499376],[31.124766,9.432481]]]}},{"type":"Feature","properties":{"name":"White Nile","rank":1},"geometry":{"type":"MultiLineString","coordinates":[[[31.124766,9.432481],[31.28297,9.391547],[31.327891,9.38642],[31.349132,9.37995],[31.358165,9.367377],[31.36614,9.359483],[31.384369,9.35163],[31.404877,9.345526],[31.419526,9.343126],[31.463959,9.348944],[31.509695,9.364447],[31.551362,9.386501],[31.583995,9.412055],[31.612804,9.44831],[31.626231,9.471259],[31.631847,9.490546],[31.634939,9.495795],[31.649099,9.508979],[31.652354,9.51789],[31.649425,9.527208],[31.635753,9.543728],[31.631847,9.555447],[31.635834,9.575019],[31.660167,9.599148],[31.669037,9.620063],[31.67685,9.623155],[31.697276,9.624335],[31.704845,9.629096],[31.720632,9.658474],[31.739675,9.670274],[31.760509,9.676378],[31.806895,9.678982],[31.828136,9.684272],[31.920502,9.751492],[31.939952,9.758368],[31.96461,9.76085],[31.975678,9.767524],[31.986339,9.783149],[32.002452,9.816107],[32.025401,9.845649],[32.092214,9.889106],[32.125255,9.919135],[32.155284,9.957465],[32.168386,9.979031],[32.176524,10.007636],[32.183523,10.015245],[32.19337,10.019965],[32.204112,10.021552],[32.212169,10.025336],[32.218354,10.034532],[32.238536,10.089301],[32.246593,10.104112],[32.259044,10.110297],[32.266205,10.119818],[32.280365,10.16706],[32.28297,10.185411],[32.278575,10.20307],[32.259858,10.231716],[32.253429,10.249864],[32.244151,10.268378],[32.241954,10.278835],[32.243175,10.28974],[32.247976,10.311062],[32.248139,10.323188],[32.24586,10.334499],[32.235037,10.364203],[32.233409,10.376532],[32.235037,10.408555],[32.231537,10.429633],[32.220876,10.440863],[32.203705,10.445339],[32.133311,10.44477],[32.108653,10.451443],[32.098074,10.470323],[32.100678,10.51142],[32.104991,10.529893],[32.111746,10.54914],[32.135834,10.584784],[32.241954,10.680121],[32.300792,10.749091],[32.336436,10.779608],[32.372325,10.79621],[32.382253,10.796495],[32.403819,10.794501],[32.413259,10.79621],[32.425304,10.804551],[32.490733,10.892401],[32.505382,10.918972],[32.516205,10.933539],[32.523204,10.939561],[32.558686,10.951483],[32.572683,10.967231],[32.612804,10.98664],[32.625499,10.994818],[32.646902,11.034003],[32.652761,11.071357],[32.652924,11.244656],[32.650808,11.254096],[32.641531,11.274034],[32.639252,11.28559],[32.64088,11.309109],[32.645518,11.330634],[32.67628,11.39586],[32.680756,11.416287],[32.687022,11.501899],[32.707042,11.574897],[32.722341,11.608913],[32.741628,11.638495],[32.761241,11.678819],[32.768565,11.72838],[32.76588,11.779405],[32.755382,11.824042],[32.724376,11.908718],[32.722179,11.957628],[32.749115,11.995307],[32.746674,12.028022],[32.728526,12.10456],[32.730072,12.202257],[32.721202,12.221259],[32.723074,12.25491],[32.729259,12.292182],[32.740977,12.327419],[32.767507,12.367987],[32.772878,12.385321],[32.778738,12.440456],[32.796886,12.495632],[32.80364,12.566962],[32.755382,12.769965],[32.754893,12.78795],[32.759044,12.801622],[32.764903,12.814805],[32.769542,12.831407],[32.769786,12.850287],[32.76588,12.870225],[32.752208,12.906806],[32.755626,12.930935],[32.797862,12.991523],[32.810557,13.016384],[32.810069,13.036729],[32.802745,13.049018],[32.79241,13.058621],[32.783214,13.07099],[32.774425,13.122423],[32.766205,13.136176],[32.760346,13.143622],[32.75351,13.159857],[32.748546,13.167182],[32.740733,13.17182],[32.725027,13.173407],[32.718028,13.17711],[32.666515,13.215033],[32.628673,13.249579],[32.619395,13.262234],[32.613292,13.278103],[32.604991,13.313259],[32.576589,13.357042],[32.570811,13.393622],[32.577729,13.468288],[32.587332,13.502509],[32.614024,13.569525],[32.619395,13.605414],[32.612559,13.62641],[32.596609,13.630479],[32.57724,13.629828],[32.560639,13.636501],[32.550304,13.644884],[32.522227,13.662624],[32.509532,13.673692],[32.481863,13.709581],[32.475352,13.722113],[32.472667,13.740058],[32.474376,13.782294],[32.47169,13.794053],[32.384288,13.860622],[32.358002,13.887234],[32.340261,13.916368],[32.330007,13.947577],[32.325125,13.980902],[32.323985,14.016628],[32.3213,14.029893],[32.30714,14.064276],[32.292247,14.088324],[32.282807,14.124823],[32.276134,14.140448],[32.23406,14.192003],[32.215587,14.221381],[32.200613,14.283881],[32.167735,14.347032],[32.159434,14.379421],[32.162364,14.409044],[32.184011,14.475165],[32.197032,14.503526],[32.201915,14.531521],[32.185069,14.590359],[32.179861,14.619656],[32.184011,14.650702],[32.194265,14.687812],[32.208507,14.722683],[32.22462,14.746853],[32.304698,14.820868],[32.323985,14.852362],[32.336436,14.885932],[32.344493,14.900173],[32.358002,14.913845],[32.410818,14.946357],[32.423595,14.962226],[32.428152,14.987901],[32.419851,15.050564],[32.420177,15.078925],[32.436697,15.145453],[32.475108,15.241807],[32.483409,15.274685],[32.489024,15.346137],[32.482514,15.381863],[32.454112,15.443549],[32.44752,15.476142],[32.452566,15.508328],[32.476166,15.571357],[32.484793,15.623358],[32.490164,15.634548]]]}},{"type":"Feature","properties":{"name":"Rosetta Branch","rank":1},"geometry":{"type":"MultiLineString","coordinates":[[[31.236908,30.123847],[31.23406,30.133368],[31.228445,30.141059],[31.218516,30.146104],[31.179454,30.150092],[31.16627,30.15587],[31.145274,30.17532],[31.117931,30.188992],[31.093272,30.206651],[31.081147,30.211697],[31.067556,30.221503],[31.059581,30.223741],[31.050792,30.221747],[31.036876,30.212266],[31.029226,30.209418],[31.008718,30.209662],[30.990977,30.215196],[30.978608,30.225653],[30.973888,30.240505],[30.972748,30.262885],[30.969737,30.273301],[30.96339,30.277696],[30.962169,30.280219],[30.95045,30.28498],[30.939138,30.28795],[30.929698,30.291042],[30.926768,30.291693],[30.919932,30.305691],[30.917979,30.315782],[30.918224,30.326972],[30.916759,30.336046],[30.909272,30.339789],[30.882416,30.34573],[30.851085,30.326117],[30.832937,30.333686],[30.826427,30.347846],[30.833018,30.361599],[30.879324,30.372748],[30.872813,30.383897],[30.844249,30.401231],[30.841401,30.415554],[30.844249,30.429958],[30.848643,30.442939],[30.851085,30.45307],[30.849132,30.46365],[30.844168,30.474962],[30.830496,30.497423],[30.837983,30.506781],[30.845225,30.518256],[30.850108,30.531358],[30.851085,30.545844],[30.843028,30.548367],[30.83546,30.547146],[30.829031,30.54682],[30.823741,30.552069],[30.820893,30.56037],[30.821056,30.568468],[30.826101,30.575263],[30.837413,30.579372],[30.837413,30.586859],[30.816905,30.595526],[30.804454,30.613349],[30.798106,30.637519],[30.795909,30.680121],[30.793468,30.694444],[30.788178,30.70539],[30.779063,30.709744],[30.774099,30.716335],[30.781179,30.730496],[30.791108,30.743598],[30.796397,30.74726],[30.792247,30.763495],[30.78183,30.763739],[30.768321,30.759955],[30.754893,30.76435],[30.753022,30.775417],[30.760265,30.788886],[30.770112,30.800482],[30.77589,30.805976],[30.802257,30.81212],[30.814871,30.817572],[30.816173,30.827012],[30.806651,30.833279],[30.792491,30.832546],[30.761729,30.827012],[30.784923,30.84101],[30.789561,30.846869],[30.792898,30.856716],[30.793549,30.868191],[30.789806,30.877712],[30.779063,30.881659],[30.756847,30.88581],[30.759858,30.896267],[30.773367,30.909613],[30.782156,30.922634],[30.777273,30.939073],[30.75351,30.970893],[30.751475,30.97663],[30.763438,30.983466],[30.753184,30.998399],[30.736095,31.013007],[30.72755,31.018826],[30.724701,31.027371],[30.727957,31.042182],[30.72755,31.052314],[30.723074,31.06212],[30.709239,31.078477],[30.706309,31.083075],[30.699148,31.091986],[30.651866,31.114366],[30.605886,31.172797],[30.597911,31.179999],[30.586925,31.183295],[30.581065,31.186225],[30.569916,31.19949],[30.562429,31.203192],[30.554698,31.202663],[30.550792,31.199897],[30.547537,31.197048],[30.542572,31.196357],[30.54241,31.195868],[30.525157,31.196357],[30.52532,31.202094],[30.519216,31.229315],[30.514659,31.237901],[30.507823,31.237901],[30.507823,31.230496],[30.501557,31.230496],[30.499278,31.233507],[30.498953,31.234727],[30.498057,31.235663],[30.494151,31.237901],[30.494151,31.244167],[30.505626,31.254421],[30.514252,31.270209],[30.52003,31.289333],[30.522065,31.309638],[30.521007,31.320095],[30.518077,31.327989],[30.513601,31.334296],[30.507823,31.339708],[30.503835,31.342353],[30.495372,31.346788],[30.490977,31.350613],[30.483165,31.354438],[30.477468,31.350124],[30.474213,31.343329],[30.473643,31.339708],[30.46461,31.342841],[30.458018,31.347927],[30.454031,31.355007],[30.452566,31.364569],[30.448334,31.374945],[30.439138,31.379421],[30.429861,31.381456],[30.425873,31.384711],[30.426524,31.409491],[30.424571,31.428982],[30.41505,31.440945],[30.398529,31.443386]]]}},{"type":"Feature","properties":{"name":"Mur","rank":6},"geometry":{"type":"MultiLineString","coordinates":[[[13.499278,47.162787],[13.554698,47.136542],[13.588878,47.116726],[13.617198,47.105496],[13.658865,47.100206],[13.705577,47.104763],[13.74464,47.117865],[13.776785,47.12873],[13.798757,47.130968],[13.809825,47.122097],[13.814138,47.106553],[13.821788,47.09044],[13.833018,47.086982],[13.886241,47.080024],[13.90447,47.079901],[13.968761,47.097846],[13.989675,47.100409],[14.003835,47.105048],[14.0171,47.115302],[14.032888,47.124823],[14.054617,47.127631],[14.065359,47.125108],[14.085948,47.116523],[14.09669,47.11404],[14.140554,47.120876],[14.204112,47.120225],[14.219005,47.122016],[14.273204,47.140326],[14.367361,47.147406],[14.377371,47.149237],[14.403331,47.161689],[14.443533,47.201524],[14.468191,47.215766],[14.55364,47.229682],[14.584239,47.227118],[14.641043,47.201972],[14.671886,47.203721],[14.686534,47.208604],[14.700369,47.211737],[14.71461,47.21308],[14.788829,47.206163],[14.817882,47.208441],[14.842784,47.221625],[14.847097,47.233262],[14.847423,47.248969],[14.849783,47.262885],[14.859874,47.268826],[14.874766,47.27086],[14.891531,47.276394],[14.905447,47.284288],[14.911143,47.293647],[14.912364,47.301093],[14.915782,47.304633],[14.920177,47.306912],[14.975027,47.348456],[14.98878,47.35574],[15.003917,47.358832],[15.031749,47.358507],[15.041677,47.360175],[15.055186,47.365017],[15.073171,47.374823],[15.10255,47.397976],[15.119314,47.407416],[15.138357,47.412624],[15.212657,47.416815],[15.235606,47.411404],[15.250987,47.40998],[15.258067,47.411566],[15.265066,47.414822],[15.272634,47.417304],[15.281749,47.416815],[15.283702,47.413031],[15.284923,47.406073],[15.288992,47.399359],[15.299083,47.396308],[15.305837,47.391954],[15.345225,47.352362],[15.367117,47.324286],[15.358409,47.312445],[15.328868,47.302191],[15.308849,47.291938],[15.329519,47.279649],[15.321462,47.277208],[15.314708,47.27265],[15.310476,47.266425],[15.309011,47.259101],[15.313975,47.246649],[15.323497,47.240587],[15.332774,47.236151],[15.336925,47.228461],[15.33782,47.218126],[15.341563,47.204169],[15.342459,47.193956],[15.33961,47.187201],[15.326345,47.17296],[15.322683,47.163601],[15.335623,47.134304],[15.411876,47.103339],[15.438731,47.08161],[15.440684,47.07335],[15.442393,47.051581],[15.446056,47.040066],[15.46339,47.022895],[15.470714,47.0008],[15.493419,46.974718],[15.501475,46.957465],[15.501231,46.939236],[15.498953,46.918809],[15.501964,46.902289],[15.517589,46.895453],[15.529796,46.887234],[15.569753,46.834581],[15.582774,46.810858],[15.580333,46.793769],[15.574148,46.778103],[15.575938,46.758857],[15.587657,46.742865],[15.60613,46.730007],[15.651622,46.711046],[15.728038,46.703233],[15.754649,46.704291],[15.822439,46.72309],[15.850271,46.724718],[15.878103,46.720974],[15.945811,46.697374],[15.986501,46.69245],[15.997325,46.687201],[16.016287,46.670925],[16.027843,46.665066],[16.042003,46.662665],[16.067068,46.644355],[16.120372,46.619086],[16.20338,46.591905],[16.216726,46.584093],[16.25408,46.547431],[16.267996,46.53974],[16.271739,46.542751],[16.274587,46.544501],[16.281668,46.547227],[16.292166,46.534735],[16.310232,46.531277],[16.329519,46.535712],[16.343679,46.547227],[16.351085,46.53974],[16.357432,46.547227],[16.368907,46.540839],[16.381602,46.539618],[16.39446,46.540351],[16.405772,46.53974],[16.414724,46.535834],[16.43157,46.523464],[16.439871,46.519314],[16.448497,46.518622],[16.470225,46.520535],[16.480886,46.519314],[16.490652,46.515408],[16.520518,46.498847],[16.515066,46.498847],[16.563731,46.48017],[16.577078,46.470893],[16.583263,46.470893],[16.587657,46.479804],[16.593923,46.483222],[16.601573,46.482367],[16.610606,46.478339],[16.637218,46.474718],[16.658702,46.464423],[16.677013,46.44892],[16.693126,46.429877],[16.711925,46.412909],[16.742361,46.399848],[16.754568,46.382148],[16.761404,46.382148],[16.768809,46.39643],[16.776052,46.393175],[16.802989,46.388983],[16.807384,46.387559],[16.811778,46.385281],[16.816091,46.38227],[16.820486,46.378445],[16.827078,46.374335],[16.829763,46.37755],[16.83196,46.382148],[16.837169,46.382148],[16.850027,46.373318],[16.865001,46.359402],[16.874522,46.343126],[16.871267,46.327501],[16.87794,46.314073],[16.888682,46.292426],[16.895437,46.286566],[16.902843,46.282172],[16.940196,46.251776],[16.964773,46.219753],[16.974294,46.210801],[17.027517,46.180732],[17.035818,46.173285],[17.040782,46.162421],[17.052257,46.153754],[17.100597,46.128485],[17.115733,46.123358],[17.196788,46.121405],[17.208018,46.116807],[17.247976,46.08043],[17.253591,46.071112],[17.266124,46.039008],[17.268565,46.028917],[17.275401,46.012274],[17.291026,46.008124],[17.30714,46.006659],[17.316335,45.997911],[17.308767,45.996934],[17.296397,45.992947],[17.289561,45.991726],[17.289561,45.984931],[17.304373,45.981269],[17.316173,45.974066],[17.326671,45.972276],[17.337413,45.984931],[17.343191,45.9678],[17.341563,45.958848],[17.3449,45.955919],[17.364675,45.956895],[17.388682,45.963324],[17.399181,45.96015],[17.405691,45.943915],[17.411062,45.946845],[17.414806,45.949897],[17.417654,45.953233],[17.426199,45.956895],[17.511485,45.954169],[17.553884,45.948065],[17.59075,45.936469],[17.63795,45.901557],[17.645274,45.892117],[17.646414,45.883979],[17.651622,45.869086],[17.652761,45.857611],[17.656016,45.845649],[17.664073,45.841864],[17.686778,45.840888],[17.808604,45.814643],[17.837657,45.799872],[17.857432,45.776068],[17.857595,45.771999],[17.869395,45.773749],[17.875173,45.780951],[17.880056,45.788764],[17.889171,45.792426],[17.974864,45.792426],[18.079845,45.771918],[18.091563,45.771999],[18.102468,45.774848],[18.11964,45.783718],[18.128429,45.785671],[18.210704,45.785671],[18.229259,45.781521],[18.26002,45.765448],[18.282725,45.765163],[18.292491,45.747504],[18.306895,45.735663],[18.32488,45.728339],[18.350027,45.72366],[18.368337,45.724189],[18.376394,45.721991],[18.384451,45.709906],[18.392589,45.703721],[18.409109,45.698106],[18.423106,45.696723],[18.447765,45.696845],[18.481944,45.692328],[18.493175,45.684272],[18.48878,45.668972],[18.506033,45.669379],[18.516775,45.662665],[18.525401,45.652411],[18.536632,45.642279],[18.549246,45.637763],[18.57838,45.633979],[18.591807,45.627997],[18.601492,45.617987],[18.614513,45.597032],[18.625987,45.586982],[18.64031,45.580593],[18.77296,45.555203],[18.927501,45.552843]]]}},{"type":"Feature","properties":{"name":"Damietta Branch","rank":1},"geometry":{"type":"MultiLineString","coordinates":[[[31.145274,30.17532],[31.134207,30.19241],[31.115245,30.215359],[31.111095,30.226833],[31.11085,30.254991],[31.107921,30.270819],[31.100597,30.277696],[31.104015,30.322292],[31.103608,30.332343],[31.092784,30.34394],[31.066824,30.360541],[31.055756,30.374579],[31.077729,30.369981],[31.086925,30.370144],[31.097341,30.374579],[31.106537,30.382392],[31.107432,30.388536],[31.104747,30.394355],[31.103608,30.401231],[31.103445,30.412706],[31.101085,30.416205],[31.10198,30.415717],[31.111095,30.414903],[31.11907,30.410956],[31.122325,30.40412],[31.125011,30.402655],[31.131602,30.414903],[31.134939,30.428412],[31.134369,30.437852],[31.135753,30.446234],[31.145274,30.456488],[31.154552,30.461249],[31.171316,30.463935],[31.179454,30.46955],[31.180593,30.474962],[31.17921,30.482001],[31.178966,30.488064],[31.183116,30.490587],[31.184174,30.491726],[31.199799,30.497423],[31.227794,30.51793],[31.227794,30.524115],[31.222097,30.531562],[31.220144,30.541856],[31.221934,30.55211],[31.227794,30.559516],[31.233409,30.558376],[31.240001,30.552191],[31.248953,30.547797],[31.261811,30.552069],[31.250987,30.564968],[31.25351,30.588243],[31.268647,30.633979],[31.270274,30.660915],[31.258393,30.706855],[31.255056,30.733954],[31.25294,30.7414],[31.24822,30.743476],[31.243663,30.744086],[31.241466,30.74726],[31.23463,30.771796],[31.230724,30.81391],[31.221202,30.822781],[31.216319,30.829861],[31.213634,30.836941],[31.218761,30.841173],[31.241466,30.846869],[31.248139,30.850409],[31.252452,30.850775],[31.254487,30.853583],[31.255056,30.864325],[31.252859,30.868191],[31.247325,30.873318],[31.240733,30.878241],[31.23463,30.881659],[31.242198,30.882839],[31.246349,30.884467],[31.249766,30.886542],[31.255056,30.888495],[31.241628,30.899115],[31.245046,30.90705],[31.2553,30.914171],[31.261811,30.922634],[31.260997,30.935248],[31.256358,30.943142],[31.252859,30.950995],[31.255056,30.963568],[31.263276,30.973741],[31.274018,30.976589],[31.285737,30.977973],[31.296804,30.984076],[31.299083,30.988471],[31.305593,31.016913],[31.310639,31.019477],[31.317149,31.020535],[31.323334,31.02501],[31.330496,31.034369],[31.337332,31.041205],[31.345876,31.046739],[31.358165,31.052314],[31.365001,31.053656],[31.389171,31.052314],[31.394542,31.054796],[31.396251,31.060736],[31.396658,31.067694],[31.399099,31.073432],[31.437022,31.128933],[31.453705,31.14171],[31.453705,31.147976],[31.45045,31.156562],[31.457612,31.163845],[31.468028,31.171983],[31.474864,31.183295],[31.488536,31.176825],[31.504893,31.172675],[31.514659,31.173896],[31.508311,31.183295],[31.508311,31.189521],[31.512299,31.191352],[31.513113,31.192084],[31.513113,31.193183],[31.515147,31.196357],[31.545665,31.187608],[31.581554,31.186469],[31.613373,31.195421],[31.631847,31.216824],[31.630951,31.230658],[31.625092,31.238959],[31.625418,31.243028],[31.642507,31.244167],[31.661713,31.248603],[31.676036,31.258857],[31.677745,31.27029],[31.65919,31.278266],[31.661876,31.285997],[31.663585,31.289578],[31.666026,31.292548],[31.672862,31.292548],[31.681163,31.286485],[31.689545,31.286444],[31.692882,31.290961],[31.686534,31.298774],[31.686534,31.30622],[31.708018,31.331244],[31.716889,31.346259],[31.720632,31.364569],[31.719656,31.367214],[31.717459,31.36933],[31.715343,31.372504],[31.714366,31.378241],[31.716889,31.381781],[31.723074,31.381415],[31.72991,31.380235],[31.734874,31.381293],[31.747813,31.391628],[31.752045,31.397488],[31.755382,31.408637],[31.768565,31.403754],[31.783132,31.408271],[31.810557,31.422227],[31.810557,31.429145],[31.801524,31.442003],[31.804617,31.458075],[31.814871,31.471747],[31.827403,31.477484],[31.824799,31.484076],[31.830658,31.498887],[31.844737,31.525336]]]}},{"type":"Feature","properties":{"name":"Chari","rank":6},"geometry":{"type":"MultiLineString","coordinates":[[[15.041515,12.056749],[15.027273,12.05626],[15.015391,12.052598],[14.993663,12.043158],[14.972911,12.03852],[14.929861,12.036566],[14.9192,12.038031],[14.909679,12.041856],[14.897472,12.049343],[14.892345,12.051785],[14.876964,12.056749],[14.86907,12.0633],[14.863048,12.069932],[14.856375,12.075222],[14.846202,12.077257],[14.827322,12.083686],[14.784679,12.111843],[14.729747,12.124294],[14.693777,12.149278],[14.671641,12.153022],[14.667735,12.178249],[14.662852,12.187771],[14.651052,12.193956],[14.642589,12.190782],[14.628835,12.183661],[14.615896,12.179145],[14.610118,12.183702],[14.603689,12.204454],[14.58782,12.217353],[14.567638,12.227891],[14.548025,12.241767],[14.557791,12.247138],[14.561778,12.248603],[14.561778,12.256049],[14.55071,12.260606],[14.521007,12.282538],[14.513927,12.289578],[14.511974,12.298855],[14.5171,12.313544],[14.513927,12.323676],[14.486583,12.337958],[14.422618,12.35338],[14.217052,12.359483],[14.201671,12.362657],[14.188487,12.370551],[14.179373,12.385769],[14.17864,12.397406],[14.184581,12.428046],[14.184988,12.447211]],[[18.885997,8.836046],[18.882498,8.817939],[18.867442,8.810126],[18.82781,8.808702],[18.819265,8.811876],[18.815929,8.818956],[18.811534,8.825995],[18.800059,8.82921],[18.79127,8.830024],[18.787527,8.832465],[18.784109,8.836941],[18.776134,8.843533],[18.740245,8.864814],[18.718435,8.873887],[18.675792,8.880927],[18.656505,8.88935],[18.564952,8.949815],[18.557058,8.948676],[18.550792,8.958686],[18.509288,8.986884],[18.467784,9.028835],[18.457774,9.035264],[18.447032,9.04621],[18.419932,9.116563],[18.330496,9.239529],[18.303233,9.267401],[18.284597,9.275824],[18.273692,9.28266],[18.269054,9.291612],[18.264089,9.297797],[18.231456,9.319281],[18.207042,9.349392],[18.20281,9.350369],[18.190847,9.348497],[18.186534,9.349392],[18.184825,9.352159],[18.18214,9.360704],[18.180349,9.363593],[18.167491,9.374335],[18.161632,9.381171],[18.15919,9.388129],[18.15032,9.399522],[18.068858,9.453233],[18.06422,9.459255],[18.062755,9.469184],[18.062999,9.482937],[18.061453,9.494981],[18.053966,9.50019],[18.048757,9.502387],[18.043875,9.507351],[18.036876,9.512234],[18.015391,9.515937],[18.004812,9.519477],[17.988536,9.528103],[17.919607,9.579617],[17.912771,9.591417],[17.871837,9.631171],[17.86321,9.663153],[17.857595,9.672716],[17.848074,9.680854],[17.824718,9.694444],[17.813406,9.702826],[17.800304,9.717393],[17.768809,9.768337],[17.74464,9.79328],[17.658946,9.842841],[17.644298,9.856472],[17.633556,9.872097],[17.627126,9.891221],[17.623709,9.925605],[17.61907,9.945136],[17.617931,9.977484],[17.616384,9.985541],[17.612478,9.986192],[17.607677,9.984971],[17.60377,9.987413],[17.573904,10.026801],[17.569509,10.038926],[17.567393,10.064276],[17.560557,10.082099],[17.426199,10.227607],[17.410411,10.255398],[17.40032,10.269395],[17.377452,10.280951],[17.287527,10.376492],[17.272227,10.38463],[17.200206,10.38463],[17.162283,10.397162],[17.131033,10.420966],[17.062429,10.496446],[17.053152,10.510525],[17.04949,10.52558],[17.046153,10.530585],[17.031505,10.541042],[17.02825,10.546007],[17.024587,10.559923],[17.015554,10.560981],[17.004568,10.557074],[16.994802,10.555976],[16.962332,10.574042],[16.943044,10.577419],[16.922862,10.566514],[16.908214,10.555854],[16.824148,10.521837],[16.792735,10.520819],[16.777599,10.514838],[16.753429,10.508857],[16.748302,10.504747],[16.727306,10.480821],[16.695811,10.464708],[16.674815,10.460028],[16.654714,10.48253],[16.630544,10.48668],[16.583263,10.487738],[16.501964,10.508857],[16.419444,10.542996],[16.397146,10.556464],[16.384451,10.570828],[16.37908,10.587348],[16.377859,10.607489],[16.368907,10.61461],[16.309581,10.637885],[16.264822,10.67475],[16.245372,10.682725],[16.206716,10.710517],[16.172374,10.721055],[16.158132,10.729112],[16.151541,10.734239],[16.14503,10.740994],[16.100597,10.762641],[16.074636,10.767279],[16.063162,10.751166],[16.053966,10.754462],[16.000987,10.789374],[15.982677,10.787706],[15.944753,10.778022],[15.921641,10.775702],[15.883067,10.779608],[15.802745,10.799262],[15.764903,10.803005],[15.745372,10.811225],[15.685802,10.871894],[15.665212,10.88878],[15.649343,10.896552],[15.632091,10.898708],[15.607595,10.898546],[15.591319,10.90119],[15.574474,10.907986],[15.559337,10.916815],[15.548595,10.925889],[15.532644,10.952948],[15.524343,10.971218],[15.520681,10.984239],[15.519054,11.003485],[15.513682,11.009874],[15.503184,11.011257],[15.486583,11.015245],[15.470876,11.022976],[15.452891,11.035102],[15.437999,11.050238],[15.431895,11.066759],[15.431895,11.131944],[15.396902,11.190985],[15.391612,11.207099],[15.393809,11.21662],[15.417166,11.262519],[15.418224,11.268826],[15.395518,11.33039],[15.357432,11.405626],[15.350027,11.450385],[15.344981,11.466864],[15.320974,11.512885],[15.312755,11.522406],[15.310476,11.527411],[15.304128,11.551581],[15.299083,11.560248],[15.290294,11.571072],[15.289968,11.579698],[15.293142,11.587266],[15.295339,11.594672],[15.296153,11.618435],[15.299327,11.63703],[15.306651,11.653266],[15.319509,11.669786],[15.330577,11.690945],[15.32838,11.711046],[15.309011,11.748358],[15.32838,11.78205],[15.334646,11.800157],[15.336925,11.820339],[15.332449,11.839667],[15.321462,11.852851],[15.295339,11.871202],[15.283946,11.883002],[15.280284,11.892768],[15.281749,11.923367],[15.275645,11.937038],[15.261241,11.9383],[15.243175,11.934678],[15.227061,11.933905],[15.196218,11.950222],[15.180593,11.977078],[15.1692,12.009548],[15.151378,12.043158],[15.143321,12.053331],[15.134288,12.062323],[15.122569,12.068671],[15.070974,12.072821],[15.055919,12.076972],[15.049001,12.084744],[15.029959,12.101101],[15.011404,12.108751],[14.993337,12.106879],[14.976329,12.094346],[14.964366,12.092637],[14.950206,12.103542],[14.928233,12.12877],[14.902599,12.146064],[14.897472,12.153022],[14.894298,12.167548],[14.899425,12.171942],[14.906912,12.173651],[14.911143,12.180284],[14.909679,12.190497],[14.905284,12.195868],[14.900401,12.200222],[14.897472,12.207628],[14.897472,12.219672],[14.902599,12.236436],[14.904307,12.248603],[14.905772,12.318142],[14.907725,12.327094],[14.890636,12.402859],[14.876964,12.427354],[14.876394,12.43183],[14.87794,12.443223],[14.876964,12.447211],[14.871837,12.450548],[14.865408,12.452704],[14.861339,12.452175],[14.863292,12.447211],[14.85491,12.454698],[14.850515,12.45539],[14.84905,12.457221],[14.84962,12.468329],[14.851492,12.474799],[14.85963,12.490302],[14.863292,12.495632],[14.830251,12.618476],[14.818614,12.638983],[14.785655,12.631374],[14.768321,12.633368],[14.760916,12.649522],[14.758311,12.659003],[14.751638,12.669135],[14.742849,12.677314],[14.733653,12.680609],[14.728282,12.677354],[14.713145,12.652655],[14.701671,12.669216],[14.716319,12.701972],[14.709483,12.718451],[14.693533,12.723944],[14.663992,12.716132],[14.647634,12.725287],[14.641124,12.731024],[14.62379,12.742011],[14.620291,12.748074],[14.619802,12.754218],[14.617849,12.759345],[14.610118,12.762519],[14.603526,12.761013],[14.584402,12.746527],[14.574718,12.745144],[14.570242,12.750556],[14.568858,12.759792],[14.568858,12.769599],[14.560232,12.766425],[14.554373,12.767035],[14.550548,12.771755],[14.548513,12.780626],[14.548513,12.818386],[14.549734,12.833279],[14.547293,12.850653],[14.541026,12.865546],[14.537364,12.887885],[14.546072,12.899034],[14.549734,12.909003],[14.548513,12.916449],[14.541026,12.9289],[14.533621,12.938788],[14.526134,12.954901],[14.521251,12.964871],[14.518728,12.971055],[14.516287,12.979763]]]}},{"type":"Feature","properties":{"name":"Bamingui","rank":6},"geometry":{"type":"MultiLineString","coordinates":[[[19.351573,7.989773],[19.345632,8.001776],[19.343028,8.011094],[19.344737,8.021064],[19.352306,8.02912],[19.372488,8.038357],[19.379405,8.048407],[19.35963,8.051581],[19.354259,8.063503],[19.358897,8.089952],[19.355886,8.121649],[19.358897,8.130316],[19.34547,8.138536],[19.342784,8.147406],[19.343272,8.157986],[19.338552,8.171251],[19.286143,8.215684],[19.265147,8.237413],[19.250255,8.258857],[19.249034,8.274359],[19.234793,8.278144],[19.236827,8.284003],[19.245291,8.291775],[19.249034,8.301052],[19.245046,8.306912],[19.232107,8.311591],[19.229259,8.318956],[19.229177,8.326483],[19.228201,8.331895],[19.226085,8.336982],[19.222423,8.343207],[19.206554,8.36164],[19.168956,8.390001],[19.153494,8.404649],[19.105724,8.486599],[19.100108,8.510443],[19.096934,8.537218],[19.089773,8.561103],[19.06422,8.582831],[19.063894,8.598822],[19.074474,8.626654],[19.090994,8.653022],[19.123709,8.675238],[19.103445,8.698188],[19.073009,8.72073],[19.057384,8.729926],[19.048106,8.745876],[18.928477,8.796698],[18.916759,8.805284],[18.912039,8.81863],[18.90919,8.835517],[18.902517,8.845038],[18.885997,8.836046]]]}},{"type":"Feature","properties":{"name":"Jordan","rank":6},"geometry":{"type":"MultiLineString","coordinates":[[[35.598888,32.899726],[35.597179,32.87934],[35.595876,32.857937],[35.597179,32.800849],[35.594168,32.766669],[35.591075,32.74372],[35.576915,32.720282]],[[35.422862,31.325385],[35.426524,31.341864],[35.434581,31.360867],[35.452403,31.401068],[35.456309,31.423692],[35.4581,31.491807],[35.457612,31.492133],[35.458263,31.491767],[35.458588,31.492133],[35.458507,31.493028],[35.458263,31.494656],[35.463796,31.568793],[35.479584,31.641384],[35.52711,31.735297],[35.556733,31.751532],[35.559011,31.765489]]]}},{"type":"Feature","properties":{"name":"Jordan","rank":6},"geometry":{"type":"MultiLineString","coordinates":[[[35.863862,33.596381],[35.85019,33.587755],[35.837332,33.577663],[35.825776,33.565985],[35.816335,33.552843],[35.803396,33.511501],[35.795177,33.505316],[35.779307,33.500067],[35.761241,33.476996],[35.730724,33.466579],[35.716401,33.454291],[35.695567,33.430854],[35.676687,33.411241],[35.664968,33.389024],[35.638682,33.311835],[35.633067,33.269639],[35.628184,33.254462],[35.596772,33.197537],[35.593354,33.181342],[35.583995,32.995917],[35.598237,32.92418],[35.598888,32.899726]],[[35.576915,32.720282],[35.566824,32.711208],[35.564708,32.70543],[35.566173,32.70071],[35.572032,32.697211],[35.560476,32.69245],[35.558116,32.68126],[35.561127,32.667792],[35.565196,32.656195],[35.565684,32.652371],[35.564952,32.649766],[35.565196,32.648749],[35.560069,32.64114],[35.559581,32.63288],[35.563569,32.625678],[35.572032,32.621446],[35.572032,32.615261],[35.565196,32.615261],[35.565196,32.607774],[35.570811,32.598741],[35.573822,32.573025],[35.579519,32.560614],[35.575287,32.555203],[35.573822,32.554633],[35.573334,32.556993],[35.572032,32.560614],[35.569591,32.557074],[35.565196,32.546332],[35.559011,32.553168],[35.562429,32.532253],[35.565196,32.525906],[35.551362,32.525906],[35.551362,32.51907],[35.556733,32.519558],[35.560802,32.519355],[35.567963,32.510443],[35.570079,32.506293],[35.579519,32.497911],[35.579519,32.491767],[35.570404,32.489447],[35.564464,32.484158],[35.560802,32.477362],[35.559011,32.470649],[35.562592,32.46837],[35.564952,32.466579],[35.567556,32.465196],[35.572032,32.464423],[35.572032,32.456977],[35.565684,32.453315],[35.559011,32.450751],[35.565196,32.443915],[35.551362,32.436469],[35.553722,32.434678],[35.555675,32.435004],[35.557384,32.434353],[35.559011,32.429633],[35.551362,32.429633],[35.551362,32.423448],[35.557628,32.41824],[35.558686,32.414171],[35.554291,32.411404],[35.544688,32.409776],[35.549083,32.398749],[35.551362,32.395535],[35.556407,32.39114],[35.560476,32.384955],[35.563487,32.377265],[35.565196,32.368232],[35.559011,32.368232],[35.559011,32.375027],[35.551362,32.375027],[35.551362,32.368232],[35.556895,32.358466],[35.556163,32.328437],[35.565196,32.313585],[35.560639,32.301866],[35.560313,32.282904],[35.564057,32.263861],[35.572032,32.252143],[35.566987,32.249783],[35.563406,32.247097],[35.560557,32.243354],[35.559011,32.23786],[35.572032,32.23786],[35.554698,32.174628],[35.559011,32.162787],[35.559011,32.155341],[35.550792,32.151719],[35.546153,32.147244],[35.546153,32.141791],[35.551362,32.135443],[35.534679,32.111029],[35.534109,32.099433],[35.544688,32.087022],[35.527843,32.075263],[35.52239,32.058051],[35.524099,32.011908],[35.535167,31.988471],[35.537201,31.977851],[35.537852,31.964179],[35.539561,31.955837],[35.545421,31.94477],[35.544688,31.936835],[35.540131,31.932237],[35.533214,31.930487],[35.526947,31.927558],[35.524099,31.91946],[35.548595,31.839382],[35.537852,31.826972],[35.537852,31.819525],[35.559011,31.765489]],[[35.423432,31.324815],[35.421804,31.303249],[35.407725,31.282253],[35.395274,31.25788],[35.400645,31.230496]]]}},{"type":"Feature","properties":{"name":"Dniester","rank":6},"geometry":{"type":"MultiLineString","coordinates":[[[30.478282,46.101142],[30.461355,46.118191],[30.447358,46.127468],[30.427257,46.149115],[30.405528,46.17239],[30.391612,46.195583],[30.36378,46.223415],[30.340587,46.242011],[30.308116,46.25434],[30.280284,46.260565],[30.255463,46.277615],[30.249278,46.293036],[30.253917,46.306952],[30.268809,46.320014]]]}},{"type":"Feature","properties":{"name":"Dniester","rank":6},"geometry":{"type":"MultiLineString","coordinates":[[[28.527843,48.009304],[28.537527,47.994005],[28.559337,47.998481],[28.610037,48.029486]],[[28.697846,48.02265],[28.719005,47.998969],[28.753673,47.979112],[28.784679,47.982774],[28.812918,47.965399],[28.83017,47.941026],[28.828868,47.91706],[28.86085,47.899726],[28.980235,47.875515],[29.018077,47.853542],[29.017507,47.826931],[28.980235,47.765652],[28.975515,47.743476],[28.980235,47.687445],[28.987885,47.660753],[28.990245,47.656358],[28.995372,47.650946],[28.993582,47.638943],[28.989024,47.627143],[28.98642,47.62226],[28.992931,47.604763],[29.015636,47.582058],[29.020518,47.571072],[29.021251,47.550238],[29.024669,47.533067],[29.03297,47.518622],[29.048595,47.506171],[29.092784,47.487372],[29.10377,47.478217],[29.110444,47.463975],[29.107026,47.454169],[29.090017,47.437323],[29.082449,47.40644],[29.105072,47.390815],[29.138927,47.376044],[29.164643,47.347927],[29.153901,47.336249],[29.139089,47.329372],[29.122569,47.329291],[29.087983,47.351589],[29.078624,47.347927],[29.080007,47.332546],[29.093272,47.310655],[29.163178,47.23078],[29.178966,47.197089],[29.163097,47.191921],[29.14446,47.162909],[29.111908,47.149929],[29.094168,47.134874],[29.078298,47.116889],[29.069021,47.101508],[29.084402,47.098904],[29.098562,47.092231],[29.124278,47.074164],[29.129975,47.081814],[29.147878,47.096544],[29.156016,47.113593],[29.166759,47.112657],[29.179128,47.109565],[29.189138,47.111762],[29.193777,47.123847],[29.187592,47.134833],[29.179698,47.145331],[29.178966,47.156114],[29.187592,47.162869],[29.200206,47.163153],[29.212657,47.158149],[29.22047,47.149237],[29.226654,47.149237],[29.23642,47.162421],[29.249522,47.158515],[29.263927,47.148261],[29.277924,47.142442],[29.290701,47.140448],[29.292247,47.135443],[29.290945,47.12873],[29.294932,47.122016],[29.304698,47.116482],[29.329112,47.108344],[29.371186,47.078721],[29.377452,47.070746],[29.381928,47.041815],[29.380626,47.028876],[29.370046,47.03323],[29.36378,47.03323],[29.36907,47.018093],[29.37322,47.011542],[29.377452,47.012763],[29.372488,47.004259],[29.370128,47.002794],[29.366466,47.002997],[29.340831,46.992011],[29.324636,46.988349],[29.308849,46.988349],[29.294932,46.992255],[29.302989,46.974962],[29.315929,46.958767],[29.332042,46.945421],[29.34962,46.937038],[29.37558,46.935167],[29.396658,46.942735],[29.415619,46.952663],[29.435557,46.957465],[29.459483,46.953396],[29.470632,46.941596],[29.473643,46.923204],[29.473643,46.899115],[29.476166,46.889716],[29.488292,46.872667],[29.493663,46.861884],[29.495128,46.849229],[29.493907,46.83808],[29.494558,46.82864],[29.501069,46.820909],[29.497651,46.801622],[29.511648,46.787177],[29.530365,46.782782],[29.542003,46.793647],[29.548839,46.793647],[29.562266,46.787177],[29.576427,46.802761],[29.589773,46.82392],[29.600352,46.834581],[29.602957,46.835557],[29.605072,46.837714],[29.608409,46.839871],[29.61435,46.840847],[29.617768,46.837958],[29.618337,46.832099],[29.616222,46.827175],[29.610932,46.827175],[29.61435,46.823432],[29.616303,46.818915],[29.619884,46.815131],[29.627696,46.813503],[29.646658,46.814643],[29.651866,46.813503],[29.664317,46.801215],[29.679291,46.76435],[29.689382,46.748603],[29.697683,46.727891],[29.689138,46.707302],[29.666108,46.676337],[29.685313,46.677029],[29.695323,46.675889],[29.699636,46.673204],[29.703054,46.664903],[29.711029,46.664903],[29.72047,46.66828],[29.727631,46.670111],[29.748627,46.665717],[29.758311,46.6588],[29.775401,46.629177],[29.761729,46.624701],[29.747488,46.617621],[29.735037,46.607611],[29.727631,46.594346],[29.742442,46.593207],[29.775401,46.580756],[29.786388,46.583035],[29.823171,46.601264],[29.830089,46.588568],[29.839854,46.582546],[29.852306,46.580756],[29.867198,46.580756],[29.870209,46.576728],[29.890147,46.558417],[29.898204,46.553412],[29.901378,46.531073],[29.915538,46.51911],[29.959727,46.506293],[29.961518,46.50373],[29.966563,46.494086],[29.9699,46.492011],[29.976492,46.493476],[29.988699,46.498969],[29.994558,46.498847],[30.002452,46.494452],[30.008881,46.488349],[30.021088,46.470893],[30.013438,46.462266],[30.0595,46.437079],[30.076427,46.423122],[30.086436,46.429145],[30.101573,46.430976],[30.117686,46.428982],[30.130951,46.423122],[30.138682,46.41828],[30.145518,46.41828],[30.152354,46.42239],[30.158946,46.429877],[30.167572,46.42536],[30.178233,46.430772],[30.190359,46.439236],[30.203298,46.443549],[30.21933,46.442003],[30.236095,46.436876],[30.249278,46.427314],[30.254487,46.412543],[30.257335,46.394151],[30.264089,46.386054],[30.273041,46.380194],[30.282481,46.368476],[30.288259,46.352159],[30.289073,46.336046],[30.283132,46.324083],[30.268809,46.320014]],[[30.478282,46.101142],[30.498464,46.084174]]]}},{"type":"Feature","properties":{"name":"Rhne","rank":6},"geometry":{"type":"MultiLineString","coordinates":[[[6.133311,46.204617],[6.140636,46.215155],[6.148123,46.22016],[6.163015,46.232489],[6.175059,46.248643],[6.185313,46.268581],[6.213552,46.315741],[6.218923,46.329372],[6.240001,46.349189],[6.268484,46.375312],[6.301036,46.394721],[6.331798,46.401638],[6.364675,46.402696],[6.397227,46.408474],[6.482351,46.44892],[6.546397,46.457587],[6.613048,46.456122],[6.762218,46.429511],[6.761404,46.431179],[6.838308,46.417507],[6.856375,46.409044],[6.86614,46.402777]]]}},{"type":"Feature","properties":{"name":"Rhône","rank":6},"geometry":{"type":"MultiLineString","coordinates":[[[8.378591,46.578803],[8.369151,46.564521],[8.3567,46.556423],[8.348155,46.543484],[8.32545,46.527208],[8.292654,46.508653],[8.26116,46.488837],[8.250499,46.482245],[8.106456,46.3935],[8.038259,46.362494],[8.029063,46.349066],[8.007498,46.33808],[7.963145,46.324652],[7.924327,46.318915],[7.798595,46.324652],[7.62672,46.331407],[7.604259,46.327216],[7.567882,46.308946],[7.476492,46.290473],[7.429617,46.261339],[7.391287,46.253933],[7.361583,46.23725],[7.195323,46.18126],[7.102061,46.132107],[7.071788,46.128241],[7.062999,46.133979],[7.051687,46.145372],[7.041921,46.157742],[7.037771,46.166124],[7.036876,46.186876],[7.033376,46.200059],[7.02589,46.209906],[7.003429,46.23078],[6.939952,46.307481],[6.935313,46.316596],[6.930919,46.334255],[6.920177,46.340155],[6.906749,46.342108],[6.894298,46.347968],[6.890554,46.355414],[6.891775,46.36286],[6.894216,46.369574],[6.894298,46.374701],[6.88795,46.383246],[6.873057,46.395372],[6.866384,46.402615]],[[6.133311,46.204617],[6.122325,46.205268],[6.108572,46.207628],[6.098562,46.210801],[6.093435,46.211941],[6.092214,46.212958],[6.082042,46.211046],[6.072032,46.208686],[6.061778,46.207546],[6.050792,46.204617],[6.02003,46.183458],[6.00172,46.175605],[5.967703,46.139187],[5.9546,46.128241],[5.944835,46.127143],[5.92335,46.129584],[5.913748,46.128241],[5.905528,46.122626],[5.892996,46.105902],[5.886241,46.099311],[5.871593,46.093329],[5.863699,46.097235],[5.856944,46.105048],[5.845958,46.111029],[5.825206,46.095282],[5.824229,46.050238],[5.839122,45.970567],[5.840587,45.932929],[5.83196,45.89822],[5.799571,45.831855],[5.792003,45.811103],[5.788829,45.796942],[5.775401,45.795478],[5.758311,45.795478],[5.73585,45.792548],[5.72047,45.777411],[5.708018,45.757107],[5.708669,45.734076],[5.71339,45.713202],[5.712901,45.700141],[5.694102,45.687079],[5.660574,45.65705],[5.64088,45.645779],[5.619884,45.643744],[5.600515,45.655585],[5.565929,45.701361],[5.547048,45.71955],[5.477712,45.764106],[5.450206,45.792996],[5.433035,45.831081],[5.434337,45.831977],[5.437511,45.832831],[5.438975,45.833686],[5.434988,45.839219],[5.430186,45.844265],[5.384939,45.873887],[5.36907,45.87995],[5.36199,45.879218],[5.357107,45.875922],[5.347097,45.873887],[5.333507,45.867987],[5.318777,45.854031],[5.272878,45.799831],[5.257335,45.78974],[5.239187,45.785671],[5.2199,45.788845],[5.191091,45.802924],[5.166921,45.809027],[5.1338,45.822699],[5.118419,45.826606],[5.102468,45.826199],[5.067393,45.820665],[5.050304,45.81977],[4.992198,45.826606],[4.975597,45.824571],[4.946951,45.815619],[4.916921,45.811347],[4.877371,45.79918],[4.865245,45.792426],[4.861501,45.778266],[4.861095,45.760199],[4.855968,45.749945],[4.838064,45.758897],[4.830577,45.752387],[4.824392,45.744656],[4.843679,45.717353],[4.840505,45.683173],[4.823171,45.648139],[4.799815,45.618028],[4.802419,45.592963],[4.839285,45.572943],[4.870046,45.549669],[4.854747,45.515001],[4.786388,45.47309],[4.76002,45.444444],[4.755382,45.402045],[4.773448,45.356635],[4.77589,45.337185],[4.783458,45.324897],[4.799001,45.313422],[4.811534,45.299343],[4.81072,45.27912],[4.816905,45.27912],[4.812511,45.260199],[4.811534,45.228705],[4.814138,45.197374],[4.827322,45.157904],[4.822439,45.132758],[4.822765,45.111192],[4.844737,45.10102],[4.841075,45.088324],[4.845876,45.080756],[4.853445,45.07449],[4.858409,45.065619],[4.858572,45.053819],[4.85255,45.033271],[4.851003,45.021552],[4.857432,45.002305],[4.885916,44.966742],[4.892589,44.94953],[4.888601,44.932237],[4.868582,44.884833],[4.861827,44.875067],[4.858084,44.871121],[4.835867,44.854071],[4.830577,44.850898],[4.828298,44.837022],[4.822276,44.830756],[4.81365,44.826931],[4.803233,44.820502],[4.788259,44.807644],[4.777599,44.795437],[4.771251,44.779364],[4.769054,44.754706],[4.77296,44.741482],[4.791189,44.712755],[4.796397,44.696357],[4.78948,44.658474],[4.766612,44.631456],[4.740001,44.606269],[4.721365,44.573432],[4.70338,44.474718],[4.699636,44.465522],[4.677013,44.437201],[4.67213,44.428534],[4.670339,44.420925],[4.673513,44.415147],[4.666026,44.39171],[4.657644,44.275662],[4.659841,44.26435],[4.666026,44.258165],[4.675222,44.253282],[4.683523,44.246365],[4.692393,44.217108],[4.704112,44.207302],[4.715831,44.194444],[4.721365,44.168728],[4.71754,44.123114],[4.719249,44.103135],[4.72877,44.085557],[4.735606,44.085557],[4.752615,44.096462],[4.770681,44.088243],[4.787283,44.07392],[4.799815,44.06627],[4.851003,44.025417],[4.850841,44.013861],[4.846365,44.007514],[4.83839,44.004828],[4.827403,44.004218],[4.816661,44.000841],[4.818614,43.992743],[4.823253,43.98253],[4.820567,43.973212],[4.770681,43.936876],[4.762218,43.932237],[4.753835,43.930976],[4.707693,43.908067],[4.655447,43.888861],[4.646739,43.884141],[4.646739,43.811835],[4.641287,43.789252],[4.611501,43.737331],[4.616384,43.713568],[4.615896,43.709133]],[[4.617442,43.710028],[4.615896,43.709133]],[[4.615896,43.709133],[4.602794,43.701606],[4.591319,43.706081],[4.574229,43.709418],[4.512462,43.709418],[4.479666,43.699734],[4.461681,43.677191],[4.447765,43.651801],[4.427013,43.633734],[4.427013,43.627509],[4.440115,43.622504],[4.4546,43.621039],[4.463878,43.61754],[4.461192,43.606391],[4.448904,43.595974],[4.419444,43.589219],[4.406668,43.579128],[4.403331,43.57156],[4.388113,43.561876],[4.351329,43.544949],[4.359548,43.537421],[4.401052,43.453192]],[[4.615896,43.709133],[4.610281,43.658718],[4.622325,43.648017],[4.6421,43.638739],[4.677013,43.594306],[4.694591,43.579128]]]}},{"type":"Feature","properties":{"name":"Danube","rank":2},"geometry":{"type":"MultiLineString","coordinates":[[[17.272227,48.005561],[17.337413,47.998969],[17.36907,47.981472],[17.471446,47.889106],[17.481456,47.882921],[17.49171,47.880072],[17.516856,47.876532],[17.526134,47.872382],[17.559825,47.838243],[17.572032,47.829779],[17.582449,47.830024],[17.59254,47.833441],[17.60377,47.834499],[17.618582,47.829535],[17.639415,47.819444],[17.657888,47.807563],[17.665782,47.797309],[17.676036,47.789415],[17.741466,47.765652],[17.825206,47.750271],[18.112234,47.762722],[18.235362,47.754177],[18.272472,47.756456],[18.347341,47.776964],[18.552013,47.793158],[18.596934,47.79088],[18.633311,47.780097],[18.663097,47.77619],[18.692393,47.778184],[18.716726,47.788357],[18.749766,47.813829],[18.7671,47.822577],[18.789806,47.826606],[18.882253,47.825954],[18.898123,47.823798],[18.911143,47.819607],[18.915294,47.815863],[18.922781,47.805976],[18.927908,47.802802],[18.948497,47.803087],[19.013845,47.828966],[19.039073,47.83043],[19.063243,47.826483],[19.085948,47.817206],[19.106863,47.802843],[19.123057,47.775458],[19.128347,47.736396],[19.124034,47.693427],[19.11199,47.65412],[19.054454,47.540391],[19.050548,47.506171],[19.053722,47.49669],[19.062266,47.485419],[19.06422,47.478217],[19.062266,47.468451],[19.052745,47.454047],[19.050548,47.447821],[19.046804,47.425564],[19.036388,47.412543],[19.002126,47.396308],[18.974376,47.379462],[18.952566,47.357001],[18.934988,47.328477],[18.920177,47.29328],[18.907644,47.237494],[18.886974,47.208197],[18.881358,47.189643],[18.878917,47.169013],[18.879161,47.149237],[18.889171,47.110419],[18.896902,47.090277],[18.903087,47.08161],[18.918712,47.074042],[18.968028,47.03323],[18.966726,47.023749],[18.962087,47.017198],[18.95696,47.011746],[18.954356,47.005316],[18.955089,46.994737],[18.96046,46.977484],[18.96697,46.935858],[18.966563,46.917304],[18.958018,46.909044],[18.948904,46.903917],[18.938975,46.891791],[18.930919,46.877224],[18.927501,46.865017],[18.926036,46.835273],[18.927501,46.827175],[18.933116,46.820583],[18.950613,46.807156],[18.954356,46.803534],[18.958425,46.800849],[18.975352,46.784003],[18.978526,46.779975],[18.984793,46.775662],[18.986827,46.765489],[18.987559,46.753974],[18.989024,46.745185],[18.998953,46.723212],[19.00172,46.708523],[18.996349,46.694892],[18.981619,46.676337],[18.952891,46.656195],[18.885265,46.635321],[18.858165,46.614854],[18.877208,46.591173],[18.907644,46.531806],[18.920177,46.498847],[18.922781,46.468695],[18.898936,46.414374],[18.892263,46.378445],[18.895518,46.362901],[18.910085,46.342963],[18.913341,46.330634],[18.914968,46.195258],[18.903575,46.173041],[18.872325,46.183458],[18.825206,46.141547],[18.813406,46.126166],[18.794119,46.116726],[18.789806,46.111518],[18.785167,46.11225],[18.775157,46.102973],[18.762462,46.087266],[18.700369,46.044786],[18.691661,46.0185],[18.721609,45.984931],[18.806163,45.923611],[18.831472,45.895535],[18.832449,45.891059],[18.830577,45.879503],[18.831472,45.875067],[18.835216,45.873481],[18.841319,45.873969],[18.847423,45.873155],[18.85198,45.868191],[18.853933,45.859239],[18.85198,45.830349],[18.849864,45.82449],[18.846202,45.820258],[18.844493,45.815945],[18.848155,45.809841],[18.863536,45.798774],[18.870616,45.790229],[18.899669,45.765163],[18.904307,45.750067],[18.908458,45.719672],[18.916759,45.706855],[18.930431,45.699083],[18.947683,45.692328],[18.962087,45.683295],[18.968028,45.668972],[18.962413,45.660346],[18.934825,45.633612],[18.923839,45.627997],[18.911876,45.619452],[18.907725,45.600653],[18.906505,45.581895],[18.903087,45.57331],[18.91155,45.568427],[18.93157,45.545762],[18.941335,45.539252],[18.959646,45.539374],[18.972667,45.546495],[18.982677,45.554999],[19.000173,45.561469],[19.008718,45.565741],[19.017589,45.567572],[19.026622,45.562812],[19.032725,45.554877],[19.035899,45.54975],[19.040294,45.545274],[19.050548,45.539252],[19.067312,45.533637],[19.081798,45.53144],[19.094493,45.526313],[19.105724,45.511908],[19.076589,45.491889],[19.009044,45.498887],[18.99586,45.474066],[19.002452,45.455593],[19.031016,45.43419],[19.036794,45.422553],[19.028087,45.412421],[18.975352,45.395209],[18.988292,45.379462],[19.003184,45.3664],[19.020518,45.357489],[19.040212,45.354275],[19.081554,45.354275],[19.091319,45.350287],[19.094737,45.340766],[19.095714,45.329413],[19.098318,45.320136],[19.124278,45.298407],[19.16155,45.285264],[19.362722,45.248481],[19.406749,45.248969],[19.490896,45.264268],[19.529552,45.266872],[19.557628,45.255805],[19.571707,45.236599],[19.580496,45.23078],[19.598562,45.227851],[19.658132,45.234442],[19.698497,45.24669],[19.741954,45.245063],[19.784923,45.237494],[19.810802,45.227851],[19.817068,45.231716],[19.831716,45.238145],[19.838145,45.242133],[19.846609,45.250556],[19.855642,45.265082],[19.862478,45.272813],[19.88087,45.282294],[19.898611,45.279364],[19.914317,45.268907],[19.927501,45.255805],[19.949392,45.218695],[19.965587,45.198554],[19.985606,45.189765],[20.04241,45.177761],[20.064708,45.175482],[20.184988,45.185004],[20.222423,45.175482],[20.257009,45.156765],[20.28948,45.13227],[20.345876,45.073065],[20.356944,45.034491],[20.333263,45.010565],[20.303966,44.993964],[20.298106,44.977484],[20.290701,44.977484],[20.303233,44.954657],[20.318858,44.934394],[20.396902,44.864569],[20.408458,44.857042],[20.455089,44.840277],[20.514171,44.836859],[20.545909,44.839789],[20.580333,44.857367],[20.594981,44.857978],[20.623709,44.8546],[20.636404,44.849433],[20.638601,44.837348],[20.628184,44.788601],[20.62794,44.777045],[20.633311,44.765204],[20.64446,44.755805],[20.671886,44.743964],[20.684825,44.733507],[20.720388,44.696234],[20.741954,44.679226],[20.763682,44.668402],[20.826427,44.660956],[20.88323,44.672675],[20.989513,44.716824],[21.07781,44.726508],[21.102794,44.740668],[21.112234,44.744818],[21.125662,44.745632],[21.15089,44.744086],[21.163829,44.74787],[21.172293,44.756903],[21.179454,44.768093],[21.188894,44.778266],[21.222423,44.796698],[21.26946,44.813666],[21.319102,44.825059],[21.360118,44.826687],[21.37794,44.816921],[21.395274,44.790473],[21.411632,44.785102],[21.496593,44.778266],[21.557872,44.781846],[21.577566,44.777899],[21.594981,44.766181],[21.603689,44.750312],[21.609793,44.732204],[21.619151,44.714179],[21.655691,44.687934],[21.7046,44.677273],[21.756277,44.677517],[21.801199,44.684149],[21.83782,44.695421],[21.854991,44.698757],[21.871511,44.696234],[21.961843,44.662543],[21.993826,44.6588],[22.003835,44.651719],[22.031668,44.603583],[22.039317,44.577094],[22.044688,44.569403],[22.055186,44.562364],[22.06658,44.557481],[22.075694,44.550971],[22.086436,44.52204],[22.10377,44.509874],[22.12615,44.502956],[22.147716,44.501166],[22.171641,44.505642],[22.184581,44.515408],[22.298513,44.661933],[22.304454,44.677598],[22.319265,44.685614],[22.360606,44.692328],[22.380056,44.700751],[22.414968,44.728095],[22.425548,44.733913],[22.450125,44.733222],[22.468435,44.730414],[22.483165,44.724229],[22.552745,44.66946],[22.586925,44.649604],[22.620616,44.637722],[22.699474,44.630886],[22.714285,44.623358],[22.764822,44.583075],[22.7588,44.564887],[22.74114,44.55211],[22.718923,44.544623],[22.699474,44.5421],[22.677989,44.545722],[22.641531,44.5633],[22.620616,44.569403],[22.599783,44.570095],[22.579845,44.565741],[22.565115,44.555732],[22.559337,44.539008],[22.556163,44.521674],[22.547862,44.51199],[22.534923,44.507758],[22.499929,44.506659],[22.490489,44.504462],[22.483572,44.500027],[22.479259,44.490668],[22.476573,44.47724],[22.476492,44.464179],[22.479503,44.456081],[22.500499,44.442165],[22.504893,44.435248],[22.50587,44.427802],[22.503429,44.411933],[22.504649,44.404324],[22.522227,44.375312],[22.548757,44.349229],[22.582286,44.328681],[22.620616,44.31623],[22.662039,44.311957],[22.681082,44.305528],[22.688975,44.291938],[22.684744,44.243923],[22.690115,44.229193],[22.905935,44.123114],[22.942149,44.111762],[22.987559,44.107245],[23.030528,44.093329],[23.039561,44.062608],[23.022472,44.031846],[22.987559,44.01789],[22.96575,44.015733],[22.926036,44.006415],[22.905284,44.004218],[22.885427,43.994737],[22.874197,43.972276],[22.850027,43.897244],[22.850515,43.874579],[22.862966,43.855658],[22.888194,43.839789],[22.919119,43.834499],[23.131358,43.848212],[23.161388,43.857611],[23.196462,43.862982],[23.233897,43.877509],[23.324555,43.886827]],[[23.324555,43.886827],[23.326427,43.88703],[23.319591,43.88703],[23.324555,43.886827]],[[23.324555,43.886827],[23.484141,43.880805],[23.592052,43.837673],[23.635509,43.832384],[23.720225,43.846055],[23.742198,43.842963],[23.79949,43.818712],[24.158865,43.753201],[24.357677,43.760281],[24.374929,43.764106],[24.430593,43.794379],[24.46575,43.80268],[24.499685,43.79975],[24.705089,43.743964],[24.752126,43.739081],[24.963145,43.749864],[25.081065,43.719184],[25.210704,43.712104],[25.251882,43.704901],[25.288178,43.689276],[25.322358,43.669949],[25.358979,43.654486],[25.402599,43.650336],[25.425385,43.654608],[25.466889,43.667996],[25.488292,43.670762],[25.533295,43.668972],[25.556082,43.670681],[25.574636,43.677598],[25.593354,43.680935],[25.615977,43.688015],[25.637462,43.697577],[25.653087,43.708319],[25.670909,43.717597],[25.739024,43.719184],[25.780528,43.732245],[25.803966,43.760199],[25.805756,43.763943],[25.838796,43.788642],[25.868744,43.801134],[25.916026,43.844591],[25.924083,43.858913],[25.933523,43.870551],[26.053722,43.934597],[26.061127,43.950019],[26.078868,43.969265],[26.115733,43.999091],[26.150157,44.012722],[26.230886,44.027777],[26.309988,44.052843],[26.613699,44.08515],[26.647227,44.093614],[26.667247,44.095323],[26.67685,44.097357],[26.696788,44.106309],[26.708263,44.108344],[26.753184,44.108344],[26.788992,44.116238],[26.883556,44.156806],[27.001069,44.165351],[27.026947,44.177314],[27.09962,44.144721],[27.205007,44.129462],[27.226166,44.120917],[27.266612,44.137763],[27.292247,44.151435],[27.444753,44.133979],[27.461029,44.137641],[27.481619,44.145697],[27.499278,44.155788],[27.506765,44.165351],[27.51588,44.172553],[27.568777,44.195421],[27.607839,44.205349],[27.691661,44.204413],[27.732677,44.209744],[27.753022,44.218695],[27.788585,44.239691],[27.933849,44.265937],[27.967296,44.280382],[27.993256,44.304267],[28.047944,44.398057],[28.057058,44.405707],[28.098562,44.430243],[28.109955,44.44245],[28.108816,44.457709],[28.10198,44.478339],[28.093191,44.496649],[28.085867,44.504503],[28.066824,44.507025],[28.042491,44.513373],[28.020112,44.522162],[28.006928,44.531846],[28.003673,44.53974],[28.015066,44.543158],[28.021251,44.552314],[28.021088,44.587836],[28.027843,44.59809],[28.033376,44.621649],[28.034434,44.630805],[28.030528,44.636908],[27.977794,44.679145],[27.960053,44.686306],[27.935069,44.68891],[27.916108,44.694363],[27.898448,44.707953],[27.884288,44.725898],[27.87672,44.744086],[27.883311,44.756903],[27.877371,44.765326],[27.863292,44.769965],[27.845714,44.77143],[27.828868,44.77912],[27.81837,44.795966],[27.814708,44.812771],[27.818777,44.820502],[27.833995,44.830878],[27.859386,44.855048],[27.878835,44.882107],[27.87672,44.90115],[27.889252,44.926215],[27.894216,44.956977],[27.890554,44.985867],[27.87672,45.004828],[27.907237,45.053168],[27.911388,45.069363],[27.917572,45.08161],[27.944916,45.11282],[27.951752,45.128363],[27.950206,45.137152],[27.941173,45.153347],[27.93808,45.161811],[27.93808,45.20657],[27.941661,45.224229],[28.006358,45.324815],[28.010346,45.333808],[28.018077,45.343126],[28.028819,45.387478],[28.034434,45.402045],[28.048595,45.413764],[28.066987,45.422553],[28.087169,45.428046],[28.106619,45.429999],[28.127533,45.426785],[28.169526,45.414984],[28.185151,45.415635],[28.193614,45.423163],[28.201671,45.443142],[28.212413,45.450466],[28.237071,45.452338],[28.266368,45.440741],[28.285818,45.421983],[28.280772,45.402045],[28.310313,45.34809],[28.329682,45.323106],[28.352631,45.31269],[28.369721,45.309516],[28.404714,45.295356],[28.493663,45.27912],[28.576589,45.248358],[28.709483,45.22724],[28.747,45.23074]]]}},{"type":"Feature","properties":{"name":"Atbara","rank":6},"geometry":{"type":"MultiLineString","coordinates":[[[35.901541,14.935574],[35.895112,14.88227],[35.896088,14.861151],[35.902843,14.840033],[35.924083,14.821845],[35.935476,14.803575],[35.932384,14.782742],[35.927745,14.763292],[35.92628,14.746283],[35.921967,14.724962],[35.90089,14.682807],[35.891368,14.659776],[35.895437,14.619656]]]}},{"type":"Feature","properties":{"name":"Atbara","rank":6},"geometry":{"type":"MultiLineString","coordinates":[[[35.585704,16.00373],[35.587169,15.986925],[35.595876,15.976752],[35.606619,15.968126],[35.613536,15.955919],[35.612234,15.948188],[35.602143,15.929023],[35.599213,15.92121],[35.599701,15.911444],[35.605235,15.894395],[35.606619,15.884304],[35.599864,15.871405],[35.587006,15.865343],[35.5796,15.858466],[35.589366,15.842963],[35.595144,15.830024],[35.623139,15.703681],[35.626069,15.666205],[35.61671,15.637519],[35.621837,15.619656],[35.675059,15.531358],[35.707286,15.501532],[35.715912,15.490424],[35.709076,15.469672],[35.71046,15.46308],[35.714122,15.461005],[35.718761,15.459744],[35.723399,15.455675],[35.728282,15.449246],[35.747,15.432074],[35.763682,15.405951],[35.762462,15.34748],[35.771088,15.319159],[35.78297,15.305528],[35.808035,15.284206],[35.81894,15.270697],[35.825857,15.256537],[35.843516,15.208686],[35.853038,15.200385],[35.868093,15.192979],[35.881847,15.184109],[35.893158,15.15644],[35.906261,15.146064],[35.921967,15.137315],[35.935639,15.127305],[35.956472,15.099718],[35.965831,15.082546],[35.97405,15.052436],[35.992198,15.018622],[35.996511,15.003241],[35.98406,14.969346],[35.920502,14.964423],[35.901541,14.935574]],[[35.583425,16.000027],[35.569265,16.023057],[35.515636,16.07864],[35.50587,16.09516],[35.464366,16.208441],[35.450694,16.230536],[35.426362,16.246527],[35.399669,16.258124],[35.3803,16.27029],[35.36435,16.287421],[35.27532,16.416693],[35.264903,16.450629],[35.2671,16.471544],[35.271495,16.490668],[35.27296,16.509955],[35.266205,16.531195],[35.246837,16.558783],[35.199148,16.611599],[35.161876,16.673122],[35.143809,16.695258],[35.097667,16.738471],[35.070079,16.772488],[35.0053,16.882839],[34.971934,16.916612],[34.95989,16.934272],[34.954356,16.959662],[34.957612,17.005723],[34.9546,17.026679],[34.940684,17.048285],[34.92099,17.062771],[34.899913,17.069281],[34.855235,17.075954],[34.835053,17.08279],[34.778087,17.113308],[34.732921,17.146186],[34.654714,17.227729],[34.606863,17.253852],[34.587413,17.256944],[34.546641,17.257636],[34.526785,17.260769],[34.247162,17.408759],[34.215912,17.436062],[34.201427,17.467841],[34.207286,17.517401],[34.203705,17.533271],[34.187022,17.563422],[34.168386,17.585517],[34.145925,17.600613],[34.083263,17.623969],[34.016124,17.662177],[33.984793,17.665961]]]}},{"type":"Feature","properties":{"name":"Don","rank":6},"geometry":{"type":"MultiLineString","coordinates":[[[42.109793,47.601752],[42.141856,47.614203],[42.205089,47.630316],[42.241222,47.643175],[42.329112,47.670681],[42.371511,47.689887],[42.436941,47.714911],[42.556651,47.752143],[42.609874,47.77558],[42.69337,47.799913],[42.793549,47.817735],[42.857839,47.845079],[42.919363,47.959418],[42.962413,48.013943]]]}},{"type":"Feature","properties":{"name":"Don","rank":6},"geometry":{"type":"MultiLineString","coordinates":[[[42.109793,47.601752],[42.086436,47.592841],[42.043712,47.566352],[42.006114,47.558539],[41.988536,47.548774],[41.983165,47.546495],[41.970795,47.547309],[41.945242,47.553982],[41.891043,47.556098],[41.862071,47.561835],[41.84962,47.577908],[41.844493,47.586127],[41.832774,47.586453],[41.811697,47.581244],[41.795339,47.582709],[41.786143,47.586208],[41.778575,47.590847],[41.7671,47.595526],[41.721934,47.602891],[41.513927,47.601752],[41.500255,47.604682],[41.474376,47.614081],[41.462657,47.616034],[41.434093,47.611762],[41.417084,47.600653],[41.403087,47.58515],[41.383393,47.567654],[41.360362,47.55744],[41.336843,47.556098],[41.28419,47.560818],[41.271576,47.558661],[41.249766,47.549099],[41.239513,47.546495],[41.220714,47.548367],[41.212169,47.555203],[41.207042,47.564643],[41.197846,47.57449],[41.174897,47.582587],[41.156261,47.576768],[41.137136,47.566352],[41.112559,47.560818],[41.068126,47.562567],[41.053966,47.560818],[41.028331,47.550076],[41.017182,47.549831],[41.006114,47.560818],[41.018484,47.593858],[41.009207,47.614203],[40.984955,47.618109],[40.952159,47.601752],[40.945323,47.59809],[40.926036,47.585883],[40.899343,47.573065],[40.887136,47.569119],[40.85198,47.563422],[40.780203,47.533515],[40.635671,47.525173],[40.58839,47.512397],[40.523855,47.470567],[40.475841,47.459988],[40.465587,47.446967],[40.458018,47.402533],[40.444347,47.38699],[40.399425,47.363389],[40.38974,47.35163],[40.382253,47.333197],[40.363699,47.318793],[40.307384,47.292548],[40.288585,47.279853],[40.264903,47.269151],[40.253998,47.262519],[40.250092,47.259223],[40.247813,47.255683],[40.242768,47.243232],[40.235932,47.235175],[40.227957,47.2296],[40.218761,47.225775],[40.199718,47.2213],[40.191987,47.221259],[40.1845,47.223009],[40.176687,47.226833],[40.160818,47.232042],[40.143972,47.232123],[40.078217,47.215155],[40.062104,47.21308],[40.047537,47.216905],[40.033621,47.224921],[40.019786,47.23078],[40.005789,47.233222],[39.990326,47.230536],[39.961355,47.219916],[39.937999,47.213975],[39.925792,47.21247],[39.914154,47.212592],[39.876964,47.221747],[39.864187,47.222276],[39.793224,47.212592],[39.761974,47.199978],[39.751231,47.197821],[39.718679,47.19831],[39.711029,47.197211],[39.689871,47.189968],[39.580007,47.170111],[39.570404,47.166449],[39.563569,47.161444],[39.551199,47.148301],[39.54184,47.140937],[39.530284,47.135565],[39.517833,47.132025],[39.505789,47.130316],[39.483328,47.130561],[39.478282,47.129665],[39.465261,47.12519],[39.459402,47.117458],[39.447195,47.11164],[39.411225,47.101752],[39.399913,47.102566],[39.388764,47.105821],[39.37794,47.110785]]]}},{"type":"Feature","properties":{"name":"Omo","rank":6},"geometry":{"type":"MultiLineString","coordinates":[[[37.03183,9.151394],[37.042898,9.124945],[37.036632,9.106757],[37.024832,9.089423],[37.018158,9.065701],[37.021495,9.043321],[37.030365,9.019355],[37.043712,8.998887],[37.059825,8.986884],[37.070079,8.985419],[37.089285,8.988593],[37.100678,8.986884],[37.107188,8.982611],[37.115896,8.974229],[37.124034,8.964423],[37.131114,8.946316],[37.139659,8.935411],[37.149994,8.927924],[37.158783,8.928534],[37.170909,8.935248],[37.177013,8.930203],[37.182628,8.911729],[37.188569,8.90001],[37.199799,8.861599],[37.203705,8.838243],[37.205984,8.81212],[37.204845,8.787787],[37.199636,8.767442],[37.189464,8.753485],[37.170665,8.744737],[37.155365,8.741807],[37.144786,8.733669],[37.141124,8.709093],[37.145518,8.700466],[37.164643,8.695095],[37.169037,8.68891],[37.168061,8.659491],[37.169037,8.651068],[37.174408,8.641059],[37.182628,8.631415],[37.192556,8.623074],[37.203136,8.61697],[37.240326,8.610053],[37.248139,8.606391],[37.299327,8.534369],[37.319265,8.493435],[37.329112,8.484239],[37.341075,8.476386],[37.351085,8.467597],[37.355235,8.455593],[37.35963,8.433783],[37.370616,8.409532],[37.385671,8.386786],[37.401785,8.369249],[37.442149,8.339301],[37.46046,8.322211],[37.472667,8.301947],[37.477631,8.284491],[37.480886,8.279324],[37.48878,8.271593],[37.504649,8.260362],[37.5206,8.253852],[37.595225,8.235134],[37.604503,8.2296],[37.60491,8.2178],[37.593354,8.131456],[37.592214,8.059638],[37.596121,8.04031],[37.613292,8.00906],[37.619151,7.991034]]]}},{"type":"Feature","properties":{"name":"Ouham","rank":6},"geometry":{"type":"MultiLineString","coordinates":[[[17.713634,7.999335],[17.70045,8.034735],[17.700206,8.039659],[17.700857,8.049669],[17.70045,8.054633],[17.693614,8.079128],[17.714366,8.272569],[17.727794,8.308458],[17.763682,8.365424],[17.770925,8.395819],[17.775645,8.40587],[17.781423,8.414171],[17.786143,8.41767],[17.796886,8.422716],[17.799083,8.433905],[17.796641,8.45185],[17.80364,8.459662],[17.807058,8.461249],[17.812022,8.461697],[17.832937,8.469062],[17.841807,8.470811],[17.848643,8.474433],[17.851329,8.482856],[17.85491,8.50373],[17.875011,8.550971],[17.916189,8.618272],[17.919607,8.63406],[17.922862,8.641954],[17.937429,8.656317],[17.940684,8.667833],[17.937918,8.681423],[17.931326,8.690212],[17.924083,8.697211],[17.919607,8.705675],[17.921641,8.729438],[17.948253,8.764838],[17.955007,8.784532],[17.953136,8.795356],[17.95045,8.804633],[17.950857,8.814154],[17.958181,8.825792],[17.962901,8.836249],[17.95696,8.841824],[17.947032,8.845323],[17.940684,8.849677],[17.937511,8.859727],[17.93865,8.864081],[17.942393,8.868191],[17.94752,8.877631],[17.949718,8.878933],[17.953787,8.878933],[17.958018,8.87995],[17.961192,8.884467],[17.961681,8.891181],[17.959402,8.895372],[17.956472,8.898301],[17.955007,8.90119],[17.96461,8.999579],[17.967459,9.007392],[17.977794,9.01789],[17.983897,9.016628],[17.989675,9.008328],[17.999034,8.997423],[18.004324,8.999457],[18.022472,9.01671],[18.033458,9.021023],[18.047374,9.018826],[18.054698,9.018581],[18.06422,9.021023],[18.091482,9.041205],[18.120535,9.076239],[18.141856,9.114691],[18.146169,9.145128],[18.153738,9.149441],[18.165457,9.160102],[18.172862,9.165066],[18.180105,9.165839],[18.192393,9.160346],[18.197439,9.161566],[18.202078,9.168077],[18.203624,9.173774],[18.2046,9.17947],[18.214366,9.208319],[18.216319,9.230048],[18.222423,9.246527],[18.24171,9.25377],[18.234548,9.285346],[18.233328,9.298285],[18.234874,9.315863]]]}},{"type":"Feature","properties":{"name":null,"rank":6},"geometry":{"type":"MultiLineString","coordinates":[[[24.177908,48.018134],[24.176768,47.995632],[24.178966,47.99018],[24.183604,47.985419],[24.188243,47.978868],[24.19044,47.968288],[24.187918,47.958767],[24.174815,47.947455],[24.169363,47.938178],[24.168875,47.934882],[24.169363,47.923896],[24.148204,47.91238]],[[21.137706,48.006781],[21.12672,47.998969],[21.120046,47.986762],[21.111583,47.951972],[21.106212,47.938178],[21.098074,47.929633],[21.065196,47.903428],[21.056407,47.89057],[21.055675,47.883002],[21.058116,47.873562],[21.05836,47.855048],[21.055349,47.839219],[21.049327,47.831407],[21.029633,47.823147]],[[24.148204,47.91238],[24.130626,47.914822],[24.094168,47.938178],[24.074474,47.944403],[24.024669,47.953477],[24.008311,47.961493],[23.976817,47.96251],[23.87615,47.934678],[23.854666,47.934434],[23.84783,47.949897],[23.796072,47.982245],[23.779552,47.987738],[23.709972,47.985378],[23.686778,47.987494],[23.645518,47.996894],[23.581228,48.001817]],[[21.029633,47.823147],[21.024343,47.820868],[21.030528,47.828315],[21.029633,47.823147]],[[21.029633,47.823147],[21.028575,47.816352],[21.034109,47.785997],[21.033946,47.779893],[20.979015,47.773057],[20.978689,47.765489],[20.954763,47.73371],[20.948497,47.72838],[20.942149,47.718614],[20.8921,47.684353],[20.791515,47.677517],[20.774099,47.67239],[20.768077,47.665107],[20.763357,47.655382],[20.750011,47.642686],[20.719981,47.634385],[20.709727,47.627956],[20.715831,47.616034],[20.712413,47.609687],[20.709239,47.605496],[20.704356,47.602973],[20.695323,47.601752],[20.695323,47.595526],[20.689382,47.577948],[20.51238,47.496894],[20.503429,47.488796],[20.498057,47.467841],[20.48463,47.459255],[20.448253,47.450954],[20.442882,47.447089],[20.430431,47.435655],[20.421072,47.430487],[20.390636,47.424018],[20.383067,47.420233],[20.375011,47.402289],[20.39031,47.396348],[20.414968,47.393134],[20.434744,47.383246],[20.441417,47.347927],[20.441905,47.343288],[20.44044,47.332343],[20.441417,47.32807],[20.44573,47.325629],[20.459727,47.320868],[20.462576,47.317491],[20.463064,47.298285],[20.460948,47.281562],[20.450938,47.268337],[20.427908,47.259101],[20.406993,47.255561],[20.387462,47.255398],[20.36907,47.260606],[20.352061,47.273383],[20.345388,47.265692],[20.337169,47.251166],[20.332286,47.245469],[20.323985,47.241238],[20.303966,47.234687],[20.294444,47.228461],[20.287364,47.219021],[20.284597,47.211453],[20.279714,47.206366],[20.254812,47.20246],[20.250662,47.197211],[20.248709,47.190538],[20.242849,47.184027],[20.177175,47.159735],[20.167735,47.145819],[20.162364,47.126247],[20.16448,47.118354],[20.177989,47.11518],[20.191661,47.113593],[20.193533,47.10932],[20.190115,47.102729],[20.188243,47.094672],[20.188975,47.057929],[20.195811,47.038926],[20.212169,47.043402],[20.23113,47.051378],[20.256521,47.051703],[20.277843,47.045356],[20.284434,47.03323],[20.271658,47.026923],[20.225597,47.023953],[20.206716,47.010037],[20.111827,46.961737],[20.105724,46.953803],[20.11199,46.945624],[20.126475,46.942328],[20.142751,46.940497],[20.154063,46.937038],[20.154063,46.930772],[20.109304,46.889106],[20.09547,46.882392],[20.077159,46.882392],[20.059255,46.879991],[20.044607,46.871894],[20.036794,46.854438],[20.038097,46.835761],[20.053966,46.810492],[20.057872,46.789903],[20.062266,46.785753],[20.071951,46.783271],[20.081554,46.778835],[20.085867,46.76911],[20.088796,46.757351],[20.095876,46.75198],[20.104503,46.749213],[20.11671,46.743232],[20.128917,46.740668],[20.133556,46.73904],[20.134451,46.735053],[20.132823,46.721015],[20.133556,46.717312],[20.143077,46.715277],[20.177989,46.717312],[20.188731,46.712022],[20.19337,46.700507],[20.195323,46.689032],[20.198497,46.683783],[20.208669,46.680447],[20.206228,46.67296],[20.198904,46.665717],[20.195079,46.662665],[20.159353,46.615424],[20.151866,46.589545],[20.147227,46.586127],[20.142589,46.581651],[20.140391,46.570176],[20.142507,46.561469],[20.147472,46.554511],[20.154063,46.547878],[20.16033,46.53974],[20.174327,46.498806],[20.177989,46.492011],[20.196788,46.484565],[20.198253,46.467312],[20.188243,46.433661],[20.188975,46.41002],[20.195079,46.388983],[20.198497,46.365994],[20.203543,46.355536],[20.215587,46.347968],[20.210948,46.331651],[20.216726,46.31684],[20.225271,46.303046],[20.229747,46.289903],[20.221853,46.275662],[20.202647,46.26614],[20.178884,46.26081]],[[24.86614,47.737901],[24.849376,47.744737],[24.794444,47.756659],[24.75115,47.7803],[24.715099,47.796169],[24.668712,47.803575],[24.620616,47.796739],[24.581228,47.780382],[24.562266,47.768744],[24.539236,47.754584],[24.506114,47.747829],[24.471609,47.731635],[24.448009,47.725165],[24.425955,47.723497],[24.389334,47.732204],[24.351492,47.738389],[24.31422,47.748155],[24.2942,47.762803],[24.282725,47.778673],[24.250987,47.802517],[24.235525,47.826117],[24.209646,47.848944],[24.197765,47.874864],[24.18336,47.891628],[24.148204,47.91238]]]}},{"type":"Feature","properties":{"name":"Setit","rank":6},"geometry":{"type":"MultiLineString","coordinates":[[[37.816661,13.875312],[37.812755,13.872911],[37.806651,13.873358],[37.795665,13.878485],[37.789073,13.879747],[37.781261,13.877468],[37.77296,13.873318],[37.763927,13.871609],[37.754649,13.876329],[37.73406,13.896796],[37.725841,13.903103],[37.720795,13.902899],[37.716401,13.90058],[37.710378,13.900214],[37.674246,13.9112],[37.660574,13.921495],[37.65504,13.937812],[37.651378,13.953966],[37.642589,13.966417],[37.621511,13.988959],[37.615896,13.998481],[37.607921,14.023139],[37.607351,14.02794],[37.608653,14.038926],[37.607921,14.043647],[37.604747,14.046983],[37.595876,14.052558],[37.594249,14.054226],[37.580577,14.081814],[37.578868,14.096747],[37.573497,14.101264],[37.564952,14.101915],[37.553233,14.10574],[37.535167,14.117051],[37.524913,14.129014],[37.520274,14.145616],[37.519054,14.17121],[37.516043,14.180732],[37.50823,14.1883],[37.498057,14.193305],[37.487804,14.195095],[37.475027,14.199774],[37.469005,14.211005],[37.463878,14.236029],[37.456472,14.254828],[37.452159,14.26081],[37.411713,14.293809],[37.397227,14.301947],[37.39446,14.312567],[37.394949,14.335313],[37.393565,14.350206],[37.389659,14.358344],[37.374522,14.373236],[37.336518,14.426581],[37.317556,14.437323],[37.293224,14.457587],[37.279552,14.455634],[37.257823,14.44831],[37.183849,14.449734],[37.149099,14.442084],[37.120616,14.421007],[37.105398,14.399359],[37.09726,14.379706],[37.093842,14.35932],[37.093272,14.335313],[37.090343,14.314399],[37.082937,14.297919],[37.072195,14.285468],[37.059825,14.276964],[37.052013,14.275499],[37.033702,14.277696],[37.025645,14.276964],[37.010997,14.265245],[37.005056,14.263373],[36.994884,14.264268],[36.986257,14.266954],[36.978282,14.271308],[36.970307,14.276964],[36.95224,14.301134],[36.946544,14.304958],[36.913259,14.30919],[36.848155,14.327948],[36.815929,14.332221],[36.747569,14.332221],[36.737885,14.329942],[36.721609,14.320176],[36.713145,14.317939],[36.668061,14.317939],[36.648041,14.314765],[36.617117,14.300645],[36.603282,14.297471],[36.582042,14.296902],[36.565196,14.293077],[36.552664,14.282904],[36.545177,14.263373],[36.525971,14.263739],[36.514252,14.256293],[36.504405,14.245551],[36.490652,14.236029],[36.47405,14.233507],[36.430919,14.238878],[36.414806,14.242865],[36.398448,14.249335],[36.388764,14.256781],[36.3803,14.265815],[36.367117,14.276964],[36.361501,14.279853],[36.34669,14.2838],[36.321056,14.295762],[36.319265,14.297471],[36.288015,14.297634],[36.260265,14.287624],[36.202566,14.256537],[36.168468,14.242865],[36.14796,14.222357],[36.037852,14.220974],[36.017182,14.22366],[36.000255,14.232611],[35.976329,14.251654],[35.962332,14.259955],[35.934581,14.268378],[35.921397,14.280829],[35.912039,14.296576],[35.908376,14.311469],[35.903087,14.325995],[35.890147,14.336208],[35.859955,14.348985],[35.854259,14.359971],[35.882091,14.390245],[35.884369,14.40766],[35.881847,14.422227],[35.885509,14.438788],[35.898448,14.469062],[35.897553,14.485216],[35.887462,14.499091],[35.880951,14.514187],[35.904877,14.555121],[35.905284,14.575385],[35.895437,14.619656]]]}},{"type":"Feature","properties":{"name":"Soroksari Duna","rank":6},"geometry":{"type":"MultiLineString","coordinates":[[[19.063406,47.472683],[19.073904,47.467108],[19.085134,47.458319],[19.09254,47.445746],[19.103038,47.415717],[19.104259,47.405341],[19.100841,47.395697],[18.993419,47.282253],[18.96461,47.235175],[18.954356,47.210761],[18.949392,47.177314],[18.957774,47.148505],[18.976573,47.123399],[19.002126,47.101508],[18.970144,47.08751],[18.961843,47.08161],[18.956554,47.072943],[18.95574,47.064032],[18.961436,47.056912],[18.975352,47.053738],[18.973888,47.047716],[18.970958,47.042344],[18.968028,47.03323]]]}},{"type":"Feature","properties":{"name":"Ferenc Csatorna","rank":6},"geometry":{"type":"MultiLineString","coordinates":[[[18.914968,46.195258],[18.936941,46.178249],[18.938975,46.157091],[18.930837,46.137152],[18.916759,46.128241],[18.894542,46.121283],[18.888113,46.10456],[18.891775,46.084337],[18.899669,46.066759],[18.912039,46.047187],[18.917003,46.036322],[18.916759,46.028917],[18.895437,46.006171],[18.892263,46.001654],[18.888438,45.984442],[18.883718,45.970282],[18.886485,45.957384],[18.906505,45.943915],[18.90211,45.936835],[18.900808,45.931423],[18.902354,45.925238],[18.906505,45.915961],[18.889334,45.908067],[18.881358,45.902899],[18.872325,45.895535],[18.893077,45.884101],[18.903494,45.875922],[18.906505,45.868191],[18.899181,45.86164],[18.886648,45.859727],[18.854747,45.857611]]]}},{"type":"Feature","properties":{"name":"Bahr el  Zeraf","rank":6},"geometry":{"type":"MultiLineString","coordinates":[[[30.593679,7.999457],[30.610444,8.025458],[30.617686,8.041571],[30.625418,8.080349],[30.632091,8.10045],[30.641856,8.109198],[30.649099,8.118516],[30.644786,8.26321],[30.65797,8.343207],[30.660818,8.348009],[30.665701,8.353135],[30.670339,8.359727],[30.672293,8.369249],[30.669932,8.380479],[30.660167,8.399034],[30.65797,8.407782],[30.65504,8.431016],[30.641856,8.473456],[30.638194,8.493435],[30.652273,8.537218],[30.689464,8.557074],[30.731944,8.567328],[30.761729,8.582831],[30.768484,8.599311],[30.77589,8.638495],[30.790538,8.663194],[30.794363,8.686103],[30.799408,8.695746],[30.811697,8.712755],[30.823741,8.733669],[30.829031,8.7508],[30.835378,8.798774],[30.833914,8.808702],[30.850841,8.81623],[30.850515,8.833279],[30.837413,8.863349],[30.839447,8.868109],[30.84433,8.876166],[30.849213,8.886542],[30.851085,8.898139],[30.84905,8.907782],[30.844737,8.918809],[30.839366,8.927843],[30.833914,8.931667],[30.821788,8.93655],[30.807546,8.948676],[30.795177,8.964423],[30.789561,8.980048],[30.791026,8.987982],[30.80836,9.042263],[30.812104,9.04975],[30.819916,9.058539],[30.826752,9.059638],[30.837901,9.058783],[30.850515,9.059638],[30.861339,9.065701],[30.864024,9.06977],[30.870209,9.082058],[30.871593,9.086493],[30.874278,9.090033],[30.887299,9.093817],[30.892019,9.096137],[30.898041,9.114325],[30.895763,9.168402],[30.906179,9.176093],[30.92628,9.187283],[30.936615,9.196357],[30.943777,9.206122],[30.953136,9.224921],[30.959727,9.233262],[30.965261,9.236925],[31.00294,9.256212],[31.018321,9.271104],[31.02532,9.275824],[31.052745,9.28852],[31.055756,9.292426],[31.069591,9.315863],[31.083263,9.326931],[31.094819,9.333604],[31.104259,9.34337],[31.111095,9.363593],[31.113699,9.406195],[31.120128,9.419623],[31.139089,9.425727]]]}},{"type":"Feature","properties":{"name":"Tisa","rank":6},"geometry":{"type":"MultiLineString","coordinates":[[[20.178884,46.26081],[20.157156,46.259223],[20.14324,46.252305],[20.131033,46.236192],[20.112559,46.204617],[20.078868,46.17711],[20.063243,46.159206],[20.057872,46.135688],[20.063162,46.123481],[20.058279,46.111884],[20.047862,46.101996],[20.036794,46.094753],[20.079763,46.066677],[20.085867,46.056586],[20.081228,46.04088],[20.069347,46.030097],[20.05364,46.024726],[20.036794,46.025214],[20.045095,46.012274],[20.05657,46.00377],[20.071056,45.999294],[20.088878,45.997911],[20.094412,45.992621],[20.097423,45.979519],[20.098888,45.947333],[20.104259,45.935614],[20.128184,45.911689],[20.133556,45.898871],[20.12615,45.886908],[20.093272,45.873236],[20.085867,45.864447],[20.093028,45.851671],[20.10963,45.842149],[20.12794,45.834337],[20.140391,45.826606],[20.149181,45.810736],[20.148204,45.798367],[20.144786,45.784735],[20.146658,45.765163],[20.153738,45.755316],[20.161632,45.749091],[20.16212,45.742499],[20.146658,45.731635],[20.134939,45.728095],[20.103282,45.722276],[20.092052,45.717353],[20.099864,45.695136],[20.10491,45.674628],[20.101817,45.653144],[20.085867,45.627997],[20.064138,45.610297],[20.062918,45.60338],[20.082205,45.600653],[20.111257,45.601915],[20.121755,45.598253],[20.12615,45.586982],[20.122,45.58157],[20.112559,45.574246],[20.103038,45.563829],[20.098888,45.54914],[20.103038,45.537624],[20.112966,45.527167],[20.206472,45.465644],[20.229747,45.442979],[20.201915,45.395209],[20.214366,45.379584],[20.248302,45.355577],[20.263927,45.340603],[20.253591,45.334174],[20.247081,45.324652],[20.241954,45.314561],[20.236013,45.306464],[20.252371,45.286973],[20.301443,45.258572],[20.311778,45.234158],[20.318614,45.209255],[20.31658,45.195665],[20.288829,45.183661],[20.283702,45.169542],[20.281505,45.153632],[20.277599,45.142035]]]}},{"type":"Feature","properties":{"name":"Kaduna","rank":7},"geometry":{"type":"MultiLineString","coordinates":[[[6.085623,10.490587],[6.058116,10.471381],[6.047862,10.458279],[6.042979,10.442084],[6.04005,10.401719],[6.049001,10.322292],[6.049001,10.301378],[6.045095,10.280829],[6.026378,10.220567],[6.023692,10.199734],[6.026052,10.138373],[6.024669,10.131456],[6.018809,10.118028],[6.017507,10.110907],[6.019298,10.106065],[6.023448,10.103217],[6.027354,10.09988],[6.028494,10.093533],[6.02296,10.079413],[6.003917,10.054267],[5.997569,10.039618],[5.997,10.027208],[5.999522,10.018012],[6.00294,10.009345],[6.005382,9.998481],[6.004161,9.985378],[5.996267,9.966132],[5.996755,9.952501],[5.991222,9.923407],[5.967784,9.904649],[5.915538,9.880072],[5.906179,9.861884],[5.904063,9.834784],[5.909841,9.729112],[5.906505,9.684678],[5.904552,9.6588],[5.905935,9.649237],[5.911794,9.640163],[5.923269,9.636094],[5.933279,9.640489],[5.941335,9.641954],[5.946788,9.628974],[5.947927,9.607774],[5.945323,9.585761],[5.931163,9.540351],[5.881358,9.433132],[5.87672,9.41413],[5.875499,9.353624],[5.812918,9.017524],[5.81544,8.991563],[5.827647,8.976508],[5.8449,8.964545],[5.86321,8.94831],[5.874197,8.927314],[5.87379,8.907294],[5.864757,8.887885],[5.76295,8.78559]]]}},{"type":"Feature","properties":{"name":"Atshan","rank":7},"geometry":{"type":"MultiLineString","coordinates":[[[44.786143,31.463894],[44.808035,31.463324],[44.816661,31.46129],[44.823985,31.457058],[44.835948,31.438788],[44.842865,31.418402],[44.853119,31.401801],[44.875255,31.394965],[44.90211,31.393337],[44.966726,31.375108],[45.012462,31.369208],[45.033621,31.361436],[45.042491,31.343451],[45.050385,31.332302],[45.068777,31.322577],[45.089366,31.315741],[45.109874,31.312323],[45.125011,31.30622],[45.138438,31.316107],[45.15919,31.302029],[45.178152,31.283962],[45.186453,31.281684],[45.189464,31.305121],[45.198741,31.316759],[45.213878,31.32213],[45.234874,31.326687]]]}},{"type":"Feature","properties":{"name":"Ouémé","rank":7},"geometry":{"type":"MultiLineString","coordinates":[[[2.566335,10.110297],[2.542654,10.110622],[2.528819,10.108995],[2.519216,10.101345],[2.489675,10.047553],[2.483084,10.027696],[2.480642,10.004462],[2.476003,9.984565],[2.446544,9.925971],[2.443777,9.90644],[2.444265,9.886827],[2.44158,9.86697],[2.429373,9.846503],[2.425059,9.836615],[2.426768,9.826199],[2.430593,9.815701],[2.432791,9.805528],[2.429373,9.795274],[2.412364,9.778144],[2.405528,9.768337],[2.392589,9.707465],[2.381277,9.699408],[2.373953,9.690863],[2.290538,9.397895],[2.281993,9.31212],[2.279796,9.304633],[2.270518,9.284776],[2.266368,9.257636],[2.261404,9.248155],[2.254812,9.23904],[2.247813,9.226426],[2.260997,9.222113],[2.285899,9.233507],[2.302419,9.226426],[2.295584,9.219184],[2.287527,9.214626],[2.278494,9.212714],[2.268321,9.213446],[2.276622,9.193956],[2.269216,9.156806],[2.281993,9.138292],[2.271251,9.125312],[2.267263,9.108507],[2.268565,9.09101],[2.274587,9.075629],[2.297374,9.084784],[2.300548,9.068305],[2.29005,9.049628],[2.271414,9.052069],[2.256847,9.055732],[2.239187,9.047675],[2.224783,9.032416],[2.220876,9.017727]],[[2.219981,9.021023],[2.220876,9.017727]],[[2.220876,9.017727],[2.224376,9.005642],[2.228445,8.999538],[2.228201,8.993964],[2.219981,8.980048],[2.215343,8.977729],[2.208669,8.976996],[2.202647,8.975206],[2.199962,8.969794],[2.199962,8.960273],[2.199229,8.95421],[2.197195,8.949897],[2.192556,8.945339],[2.192556,8.939073],[2.199962,8.936347],[2.219981,8.925401],[2.21282,8.92239],[2.208018,8.916815],[2.205984,8.908718],[2.206228,8.898139],[2.216807,8.903144],[2.221609,8.906317],[2.226817,8.911729],[2.234304,8.904324],[2.240245,8.90998],[2.242931,8.911241],[2.247813,8.911729],[2.244314,8.882595],[2.229666,8.861884],[2.213796,8.844591],[2.206228,8.825792],[2.187022,8.745632],[2.1963,8.733669],[2.203543,8.719916],[2.219981,8.630561],[2.206554,8.544867],[2.213796,8.520697],[2.219412,8.51496],[2.225597,8.512641],[2.232677,8.510932],[2.240408,8.507107],[2.250418,8.499091],[2.271414,8.47602],[2.289806,8.462348],[2.309581,8.450995],[2.326671,8.437527],[2.336681,8.41767],[2.338145,8.374864],[2.328868,8.287177],[2.336681,8.246405],[2.367931,8.191759],[2.369314,8.181749],[2.349132,8.133368],[2.344168,8.116034],[2.345876,8.109727],[2.361583,8.084093],[2.36614,8.079901],[2.369802,8.075303],[2.371349,8.068223],[2.369151,8.061306],[2.359793,8.051052],[2.357677,8.044989],[2.359874,8.034247],[2.364513,8.027452],[2.369151,8.022528],[2.371349,8.017361],[2.392345,7.853787]],[[2.220876,9.017727],[2.219981,9.014187]]]}},{"type":"Feature","properties":{"name":"Danube","rank":2},"geometry":{"type":"MultiLineString","coordinates":[[[8.329356,48.002387],[8.336111,47.998969],[8.345388,47.998114],[8.36378,47.998969],[8.372,47.997423],[8.37672,47.993598],[8.381033,47.989081],[8.387706,47.985378],[8.419363,47.97956],[8.435476,47.973171],[8.442312,47.961493],[8.44573,47.944892],[8.455333,47.93419],[8.47047,47.92947],[8.490001,47.930732],[8.508311,47.938788],[8.519705,47.947781],[8.530935,47.949083],[8.548757,47.934434],[8.562755,47.92654],[8.597179,47.923692],[8.614268,47.91706],[8.639089,47.927354],[8.764415,47.938178],[8.764089,47.957831],[8.781749,47.971544],[8.844737,48.00198]]]}},{"type":"Feature","properties":{"name":"Morava","rank":7},"geometry":{"type":"MultiLineString","coordinates":[[[21.345958,42.241726],[21.348806,42.26671],[21.358165,42.295681],[21.366954,42.356065],[21.358165,42.372178],[21.36614,42.381781],[21.436534,42.40058],[21.451834,42.408759],[21.466563,42.420925],[21.494395,42.439236],[21.554942,42.45421],[21.59962,42.465277],[21.583425,42.492011],[21.59962,42.513983],[21.633067,42.525336],[21.667979,42.519965],[21.685069,42.504584],[21.688487,42.503485],[21.691091,42.501899],[21.701427,42.482978],[21.702647,42.478949],[21.717296,42.47366],[21.735606,42.472276],[21.754812,42.474311],[21.771658,42.478949],[21.792247,42.475369],[21.819835,42.485134],[21.921804,42.541612],[21.955984,42.575222],[22.015391,42.619493],[22.031668,42.637274],[22.040782,42.654649],[22.05714,42.71247],[22.125255,42.846055],[22.128184,42.861396],[22.122569,42.873155],[22.055837,42.934434],[22.04127,42.954291],[22.044688,42.966173],[22.039561,42.979926],[22.036306,43.008816],[22.029796,43.021593],[22.018484,43.030341],[21.992442,43.043077],[21.982107,43.053331],[21.959972,43.1046],[21.950369,43.120429],[21.848806,43.215928],[21.840505,43.229031],[21.827891,43.266791],[21.819347,43.278022],[21.823253,43.279853],[21.823985,43.280056],[21.824392,43.280829],[21.826182,43.284247],[21.798839,43.304755],[21.791515,43.312201],[21.789561,43.318671],[21.789724,43.325995],[21.787527,43.333116],[21.777843,43.338894],[21.777843,43.346381],[21.78004,43.35517],[21.776541,43.368842],[21.764171,43.39411],[21.764171,43.401557],[21.776622,43.410224],[21.773936,43.419257],[21.757986,43.435085],[21.755544,43.446357],[21.754405,43.467882],[21.750499,43.476671],[21.759776,43.490831],[21.750906,43.507188],[21.733084,43.521999],[21.716319,43.531317],[21.697195,43.535346],[21.654307,43.539008],[21.640636,43.544949],[21.642996,43.557318],[21.634776,43.571967],[21.640636,43.579128],[21.622813,43.587104],[21.586681,43.593777],[21.572439,43.606391],[21.561534,43.606391],[21.55364,43.613227],[21.544688,43.618476],[21.530772,43.613837],[21.520193,43.619005],[21.511485,43.618842],[21.502208,43.616034],[21.489757,43.613837],[21.491628,43.619249],[21.494395,43.622748],[21.498464,43.625271],[21.503429,43.627509],[21.497813,43.629096],[21.494395,43.63113],[21.490164,43.63288],[21.482351,43.633734],[21.48699,43.644721],[21.486583,43.653632],[21.482595,43.661322],[21.476085,43.668484],[21.469981,43.668484],[21.463064,43.654364],[21.455007,43.650946],[21.431814,43.654812],[21.419688,43.659125],[21.413992,43.669745],[21.405935,43.710639],[21.405284,43.718817],[21.400076,43.722724],[21.383962,43.7237],[21.37794,43.728583],[21.366954,43.764675],[21.374278,43.77086],[21.367686,43.784491],[21.368826,43.789822],[21.374278,43.798204],[21.364513,43.798204],[21.355479,43.799425],[21.347097,43.801947],[21.339041,43.805609],[21.353201,43.831081],[21.360118,43.839789],[21.349376,43.84752],[21.346609,43.861762],[21.345225,43.878607],[21.339041,43.894395],[21.352061,43.897325],[21.35198,43.905097],[21.347179,43.916287],[21.346446,43.929145],[21.351085,43.938422],[21.357432,43.943061],[21.374278,43.949652],[21.374278,43.956488],[21.36199,43.955837],[21.354991,43.959052],[21.354015,43.96601],[21.360118,43.976345],[21.344656,43.978054],[21.336192,43.988959],[21.334483,44.003974],[21.339041,44.01789],[21.329112,44.023871],[21.322032,44.021186],[21.314871,44.016954],[21.304942,44.01789],[21.298106,44.024482],[21.283865,44.045762],[21.277517,44.052069],[21.211843,44.068061],[21.195079,44.079413],[21.192068,44.088406],[21.188894,44.127143],[21.183604,44.13996],[21.179128,44.146593],[21.172374,44.150255],[21.160818,44.154486],[21.152517,44.155097],[21.147146,44.152899],[21.143321,44.153388],[21.140391,44.161933],[21.138438,44.174628],[21.139334,44.185492],[21.144216,44.192979],[21.154552,44.195421],[21.133556,44.209744],[21.154552,44.209744],[21.152354,44.213202],[21.151296,44.214179],[21.150157,44.214789],[21.147227,44.217108],[21.151866,44.225653],[21.153331,44.229438],[21.151785,44.232001],[21.147227,44.237006],[21.147227,44.243842],[21.168224,44.250678],[21.168224,44.258124],[21.152354,44.263007],[21.134044,44.286566],[21.119884,44.292263],[21.119884,44.29914],[21.12672,44.29914],[21.12672,44.305284],[21.119884,44.305284],[21.119884,44.312771],[21.137462,44.311713],[21.145193,44.317328],[21.141856,44.32571],[21.12672,44.332587],[21.131602,44.345242],[21.126964,44.351182],[21.118907,44.354926],[21.113048,44.360541],[21.110118,44.370958],[21.111339,44.376532],[21.115001,44.382595],[21.119884,44.394639],[21.124197,44.411078],[21.131277,44.425849],[21.146251,44.435248],[21.17449,44.435614],[21.171316,44.443142],[21.165294,44.448432],[21.157237,44.45246],[21.147227,44.456122],[21.154552,44.47663],[21.162283,44.47252],[21.165212,44.472724],[21.167898,44.474718],[21.17449,44.47663],[21.1692,44.478542],[21.166026,44.480658],[21.162283,44.482693],[21.154552,44.484076],[21.158946,44.499823],[21.160818,44.504503],[21.154552,44.504503],[21.147146,44.500759],[21.142507,44.510199],[21.135265,44.521918],[21.119884,44.52501],[21.119884,44.531846],[21.1338,44.541327],[21.140554,44.551459],[21.140391,44.563747],[21.133556,44.579657],[21.125499,44.592597],[21.117686,44.598741],[21.105642,44.600653],[21.085216,44.600775],[21.08782,44.619737],[21.066173,44.643988],[21.079031,44.655341],[21.073741,44.660427],[21.059093,44.670844],[21.050955,44.675238],[21.052989,44.679877],[21.056163,44.691759],[21.05836,44.696357],[21.047374,44.697455],[21.040294,44.702582],[21.03712,44.711493],[21.037283,44.721747]]]}},{"type":"Feature","properties":{"name":"Maritsa","rank":7},"geometry":{"type":"MultiLineString","coordinates":[[[23.675955,42.277533],[23.690929,42.289659],[23.724783,42.309638],[23.740977,42.321885],[23.756114,42.325385],[23.826671,42.318427],[23.858084,42.319892],[23.867686,42.318427],[23.874197,42.314236],[23.886485,42.300849],[23.891856,42.29796],[23.901134,42.2956],[23.908702,42.28974],[23.913585,42.282009],[23.917735,42.264716],[23.924001,42.258572],[24.003103,42.225369],[24.022227,42.222235],[24.035574,42.223578],[24.048106,42.226833],[24.070567,42.235907],[24.088634,42.242377],[24.094168,42.243354],[24.108572,42.242011],[24.134044,42.232123],[24.145763,42.229763],[24.207449,42.229763],[24.230724,42.225409],[24.377208,42.166449],[24.388438,42.157416],[24.404714,42.150092],[24.480724,42.150702],[24.505138,42.146552],[24.535574,42.159451],[24.93336,42.160834],[24.936534,42.161729],[24.938406,42.163886],[24.94101,42.166083],[24.946788,42.16706],[24.952403,42.164984],[24.958263,42.160468],[24.96282,42.156033],[24.963796,42.153998],[24.973562,42.154853],[24.986827,42.160183],[24.997976,42.160834],[25.010346,42.156928],[25.019786,42.151068],[25.029714,42.149237],[25.059581,42.166571],[25.095714,42.172553],[25.115245,42.18126],[25.126069,42.172065],[25.142019,42.16706],[25.152924,42.160468],[25.149425,42.146552],[25.16741,42.14407],[25.193289,42.124579],[25.214447,42.1199],[25.225515,42.123725],[25.241954,42.137763],[25.24879,42.136583],[25.257416,42.132758],[25.293386,42.13349],[25.308523,42.131415],[25.365164,42.113064],[25.386811,42.114081],[25.398204,42.113105],[25.406016,42.10932],[25.417084,42.10163],[25.42864,42.099677],[25.439545,42.099962],[25.449799,42.098741],[25.501557,42.069363],[25.522716,42.065253],[25.601166,42.072089],[25.634288,42.067328],[25.739024,42.023627],[25.755951,42.021674],[25.810802,42.023627],[25.820242,42.026882],[25.841075,42.040961],[25.852061,42.044135],[25.862315,42.040839],[25.874034,42.033067],[25.884044,42.023993],[25.88974,42.016791],[25.895518,41.997585],[25.898936,41.977566],[25.905365,41.961778],[25.920665,41.95539],[25.92921,41.947862],[25.95696,41.912421],[25.971772,41.900743],[25.990733,41.894843],[26.00644,41.892849],[26.043468,41.893337],[26.062266,41.887641],[26.077891,41.874335],[26.102061,41.845526],[26.108897,41.840847],[26.126557,41.831732],[26.136322,41.824408],[26.141531,41.821723],[26.152843,41.820421],[26.156749,41.818793],[26.158376,41.813747],[26.157319,41.799831],[26.160167,41.794013],[26.190522,41.773749],[26.198253,41.766425],[26.203054,41.758083],[26.211355,41.7508],[26.225597,41.749864],[26.233979,41.746121],[26.260509,41.723334],[26.273448,41.715155],[26.294444,41.710557],[26.35906,41.715155],[26.376964,41.710883],[26.403901,41.692165],[26.442312,41.68476],[26.459972,41.679023],[26.475678,41.675971],[26.491954,41.681016],[26.491466,41.674018],[26.493663,41.670844],[26.497081,41.669379],[26.499441,41.667344],[26.534272,41.666571],[26.560802,41.654812],[26.580496,41.635688],[26.5949,41.612738],[26.594737,41.605251],[26.595795,41.597846],[26.598155,41.591091],[26.601817,41.585395],[26.597341,41.573513],[26.601166,41.547553],[26.5949,41.537665],[26.605561,41.523261],[26.610444,41.505968],[26.615489,41.468777],[26.631765,41.419989],[26.635834,41.399848],[26.63616,41.37873],[26.631277,41.357733],[26.622081,41.340644],[26.609304,41.331],[26.59075,41.329535],[26.569021,41.333808],[26.550222,41.341986],[26.539643,41.352078],[26.488862,41.311103],[26.478282,41.309841],[26.47405,41.306586],[26.471446,41.302191],[26.465912,41.297431],[26.437918,41.283759],[26.41155,41.265937],[26.394542,41.259223],[26.331147,41.254421],[26.320079,41.246446],[26.33546,41.229193],[26.325125,41.207221],[26.320567,41.187852],[26.323741,41.170111],[26.33546,41.152777],[26.316824,41.130683],[26.316824,41.122504],[26.331716,41.11933],[26.338959,41.114773],[26.321869,41.088813],[26.324636,41.074286],[26.338634,41.051785],[26.347179,41.041205],[26.373627,41.031358],[26.374522,41.019639],[26.367605,41.007921],[26.35906,41.002631],[26.344168,41.001288],[26.33546,40.997382],[26.332612,40.990994],[26.33546,40.982123],[26.345876,40.971951],[26.355724,40.96837],[26.35849,40.964911],[26.348643,40.954779],[26.334483,40.946479],[26.305919,40.936225],[26.293956,40.926866],[26.296804,40.922634],[26.302826,40.915717],[26.303477,40.909288],[26.290131,40.906358],[26.281668,40.907497],[26.274669,40.910509],[26.269542,40.915066],[26.266043,40.920681],[26.259776,40.920681],[26.25172,40.900824],[26.24586,40.891669],[26.23878,40.885932],[26.231863,40.885932],[26.230561,40.890001],[26.225597,40.899604],[26.225841,40.889024],[26.22462,40.883857],[26.22047,40.881537],[26.211355,40.879706],[26.210704,40.874945],[26.211925,40.873358],[26.214773,40.873114],[26.218191,40.87226],[26.208263,40.868598],[26.205333,40.865261],[26.204519,40.858588],[26.211436,40.847724],[26.157725,40.812364],[26.142507,40.794013],[26.134044,40.767361],[26.111827,40.74726],[26.081065,40.735785],[26.043956,40.738471]]]}},{"type":"Feature","properties":{"name":"Tiber","rank":7},"geometry":{"type":"MultiLineString","coordinates":[[[12.052013,43.765163],[12.037852,43.7567],[12.031423,43.738552],[12.033214,43.716864],[12.04005,43.702257],[12.060557,43.647284],[12.066417,43.613837],[12.046641,43.593329],[12.046641,43.586534],[12.082042,43.579942],[12.112315,43.56977],[12.138927,43.554226],[12.163341,43.531317],[12.167491,43.522325],[12.168956,43.513495],[12.171886,43.5067],[12.186941,43.502021],[12.211192,43.489691],[12.222097,43.478583],[12.232921,43.463813],[12.240001,43.44831],[12.239024,43.435085],[12.232188,43.442491],[12.246349,43.380927],[12.252696,43.366807],[12.261404,43.361925],[12.298595,43.348497],[12.31422,43.346381],[12.309825,43.324815],[12.323985,43.310899],[12.362559,43.291693],[12.409434,43.214952],[12.425304,43.197089],[12.438487,43.174099],[12.458018,43.164008],[12.45574,43.153266],[12.444591,43.137478],[12.444591,43.11697],[12.447683,43.113145],[12.461843,43.106635],[12.465017,43.102973],[12.45989,43.094184],[12.434255,43.070909],[12.424001,43.058946],[12.429373,43.051866],[12.429373,43.044053],[12.424978,43.036729],[12.417166,43.031033],[12.421072,43.028754],[12.423757,43.026801],[12.426524,43.025255],[12.430919,43.024197],[12.417003,43.009548],[12.413503,43.001247],[12.417166,42.990058],[12.408865,42.988227],[12.404226,42.985419],[12.396739,42.976386],[12.399425,42.97252],[12.403575,42.96955],[12.399425,42.964179],[12.394054,42.95421],[12.389903,42.949083],[12.395518,42.940375],[12.39503,42.930487],[12.390391,42.92121],[12.383067,42.914333],[12.383067,42.908149],[12.390391,42.895941],[12.386729,42.88463],[12.37794,42.874823],[12.368826,42.867133],[12.390066,42.856716],[12.39796,42.849799],[12.403575,42.839219],[12.387136,42.833767],[12.378591,42.832302],[12.368826,42.832384],[12.368826,42.826199],[12.376882,42.817694],[12.388194,42.812201],[12.398611,42.804958],[12.403575,42.790839],[12.388357,42.788845],[12.370291,42.781195],[12.321707,42.748603],[12.30836,42.743476],[12.273204,42.736192],[12.232188,42.702012],[12.197439,42.702012],[12.202566,42.683946],[12.210378,42.666287],[12.221365,42.652777],[12.235606,42.647406],[12.240489,42.638983],[12.245128,42.619696],[12.247325,42.5987],[12.245291,42.585395],[12.258962,42.565497],[12.262218,42.564154],[12.2671,42.565538],[12.271414,42.565985],[12.273204,42.561794],[12.272472,42.548204],[12.275401,42.535915],[12.277273,42.518866],[12.28004,42.510281],[12.283621,42.50613],[12.295095,42.496853],[12.300466,42.489814],[12.318858,42.49787],[12.342703,42.491767],[12.393321,42.462348],[12.417166,42.441352],[12.417735,42.438992],[12.416515,42.430609],[12.417166,42.42829],[12.420177,42.428005],[12.428152,42.429023],[12.430919,42.42829],[12.435476,42.425849],[12.446707,42.423407],[12.451427,42.420844],[12.451427,42.414659],[12.445242,42.410997],[12.440603,42.406602],[12.430919,42.39293],[12.438487,42.388943],[12.446707,42.387763],[12.455496,42.389228],[12.465017,42.39293],[12.465017,42.386746],[12.45338,42.372138],[12.4546,42.352851],[12.466238,42.335232],[12.486095,42.325263],[12.472423,42.318427],[12.490977,42.298285],[12.546886,42.293524],[12.560557,42.270616],[12.569509,42.278266],[12.572276,42.282579],[12.574229,42.291124],[12.581716,42.291124],[12.581065,42.278917],[12.584646,42.272244],[12.591726,42.271552],[12.602224,42.277533],[12.611746,42.265163],[12.622325,42.25434],[12.629812,42.2414],[12.629405,42.222235],[12.611095,42.237738],[12.605724,42.226142],[12.607921,42.205837],[12.612071,42.194932],[12.60613,42.191759],[12.612966,42.18476],[12.629405,42.174506],[12.635265,42.163357],[12.637869,42.156317],[12.63795,42.149726],[12.636241,42.139716],[12.629405,42.120673],[12.618826,42.109809],[12.581554,42.081366],[12.573253,42.079779],[12.566335,42.080146],[12.560557,42.078884],[12.542979,42.069037],[12.542003,42.06391],[12.553722,42.057807],[12.553722,42.051581],[12.530691,42.050157],[12.515391,42.038642],[12.509207,42.021552],[12.512706,42.003201],[12.505138,41.997423],[12.499685,41.989936],[12.492931,41.975206],[12.494314,41.95893],[12.492198,41.9442],[12.4817,41.93476],[12.458181,41.934272],[12.458181,41.928046],[12.466726,41.924506],[12.471202,41.918402],[12.470958,41.910346],[12.465017,41.900743],[12.474864,41.891547],[12.473806,41.879828],[12.468272,41.865546],[12.465017,41.848944],[12.459483,41.836127],[12.446056,41.833604],[12.430349,41.834418],[12.417166,41.831855],[12.415294,41.826728],[12.41627,41.818915],[12.415945,41.810818],[12.41033,41.804511],[12.403819,41.803168],[12.363455,41.806505],[12.350515,41.80919],[12.339366,41.807725],[12.328543,41.797065],[12.311697,41.804307],[12.297374,41.799018],[12.273204,41.777208],[12.279307,41.761339],[12.267833,41.752224],[12.232188,41.742499]]]}},{"type":"Feature","properties":{"name":"Donets","rank":7},"geometry":{"type":"MultiLineString","coordinates":[[[40.91684,48.01203],[40.966401,47.958075],[40.98585,47.942206],[40.996593,47.927598],[41.013601,47.889757],[41.018809,47.882025],[41.023041,47.878485],[41.025808,47.873725],[41.026541,47.862413],[41.024343,47.850409],[41.020763,47.84394],[41.020112,47.838202],[41.026541,47.828315],[41.061453,47.817206],[41.068289,47.814032],[41.067963,47.802029],[41.059988,47.791327],[41.040131,47.773057],[41.03004,47.753038],[41.038097,47.748806],[41.081716,47.75255],[41.062592,47.716254],[41.049734,47.698676],[41.03712,47.691189],[41.017345,47.69477],[41.002452,47.700792],[40.98878,47.701972],[40.972667,47.691189],[40.967296,47.709011],[40.954519,47.709011],[40.940196,47.700059],[40.930919,47.691189],[40.942312,47.673163],[40.941173,47.656358],[40.929779,47.643337],[40.909923,47.636542],[40.896658,47.62995],[40.890554,47.621039],[40.890066,47.609198],[40.89503,47.602729],[40.915294,47.594265],[40.924815,47.58808]]]}},{"type":"Feature","properties":{"name":"Kiz?lirmak","rank":7},"geometry":{"type":"MultiLineString","coordinates":[[[37.660818,39.879747],[37.47877,39.869005],[37.174734,39.79796],[37.139578,39.793769],[37.002371,39.75255],[36.918468,39.712104],[36.909109,39.708808],[36.899994,39.708564],[36.890636,39.713324],[36.887218,39.719916],[36.885183,39.726915],[36.880626,39.732733],[36.860769,39.737657],[36.837901,39.733425],[36.814138,39.726264],[36.791515,39.72252],[36.752696,39.722439],[36.735037,39.719509],[36.694591,39.705512],[36.635265,39.697699],[36.613862,39.691433],[36.59905,39.682318],[36.570567,39.657009],[36.535574,39.636786],[36.463959,39.609483],[36.434011,39.585964],[36.408621,39.556952],[36.403575,39.547634],[36.395274,39.523261],[36.384288,39.507392],[36.371511,39.494737],[36.253022,39.409776],[36.202891,39.38288],[36.16212,39.352362],[36.111908,39.325263],[36.096609,39.312527],[36.065684,39.27619],[36.049408,39.265815],[35.992931,39.248725],[35.975678,39.240343],[35.961681,39.231147],[35.955496,39.225287],[35.951182,39.217719],[35.95045,39.209052],[35.95574,39.19599],[35.955577,39.188585],[35.947358,39.174628],[35.934825,39.165798],[35.858653,39.133979],[35.846121,39.126166],[35.8331,39.114325],[35.811453,39.087348],[35.798595,39.075751],[35.790131,39.072211],[35.769949,39.068793],[35.760997,39.065863],[35.753835,39.060574],[35.740489,39.047675],[35.732921,39.043077],[35.690359,39.034451],[35.560639,39.041327],[35.549408,39.01199],[35.526296,38.987006],[35.49586,38.971462],[35.463634,38.970242],[35.427013,38.976142],[35.390147,38.976386],[35.356456,38.971137],[35.318126,38.957953],[35.29127,38.93537],[35.292247,38.902167],[35.279796,38.895087],[35.253998,38.890896],[35.241466,38.886908],[35.230968,38.87934],[35.205577,38.853787],[35.161876,38.828559],[35.091563,38.799506],[35.047944,38.770209],[35.024343,38.758572],[35.00587,38.755072],[34.969819,38.756049],[34.949962,38.75198],[34.920014,38.741645],[34.905365,38.738959],[34.87086,38.73961],[34.807384,38.752143],[34.762625,38.774766],[34.750662,38.778022],[34.726492,38.780707],[34.656993,38.773139],[34.634288,38.773708],[34.613292,38.778917],[34.593516,38.787624],[34.542491,38.821397],[34.529226,38.82807],[34.368744,38.863227],[34.355479,38.86872],[34.346202,38.87755],[34.3296,38.898953],[34.317149,38.908393],[34.274832,38.928168],[34.23463,38.955512],[34.219005,38.962592],[34.20224,38.966376],[34.194265,38.969306],[34.187592,38.974799],[34.184174,38.9831],[34.182872,39.0008],[34.178396,39.009101],[34.156342,39.022569],[34.104259,39.028591],[34.079194,39.036444],[34.022553,39.063788],[33.991466,39.069444],[33.961436,39.062934],[33.946788,39.069892],[33.929779,39.091498],[33.917735,39.101386],[33.901785,39.105902],[33.845144,39.104926],[33.8095,39.109931],[33.673432,39.170356],[33.542003,39.274726],[33.518158,39.298855],[33.504649,39.308702],[33.464936,39.320176],[33.455496,39.32685],[33.450857,39.341498],[33.453217,39.372748],[33.444753,39.387397],[33.433686,39.393012],[33.408132,39.399482],[33.398529,39.407335],[33.395112,39.425849],[33.407237,39.495185],[33.406016,39.50373],[33.403819,39.510321],[33.403087,39.51793],[33.406016,39.529731],[33.42099,39.558661],[33.424815,39.568915],[33.433116,39.603339],[33.440196,39.619493],[33.452403,39.631781],[33.478282,39.639716],[33.48878,39.646348],[33.488862,39.6588],[33.480886,39.659532],[33.461436,39.669542],[33.4463,39.681179],[33.451427,39.686713],[33.463634,39.692491],[33.473399,39.706977],[33.47991,39.725938],[33.485444,39.779568],[33.464447,39.79682],[33.461681,39.803412],[33.46461,39.808458],[33.479503,39.817165],[33.482188,39.82453],[33.47877,39.82807],[33.463878,39.837022],[33.44337,39.852484],[33.428966,39.860134],[33.418061,39.871202],[33.413829,39.892849],[33.417491,39.908637],[33.42392,39.920844],[33.425222,39.932725],[33.413829,39.947455],[33.43157,39.960761],[33.441905,39.980984],[33.446869,40.005723],[33.451182,40.063096],[33.460704,40.08336],[33.477631,40.09809],[33.5442,40.134833],[33.563487,40.153103],[33.571544,40.176459],[33.574474,40.200507],[33.583425,40.21955],[33.598643,40.235134],[33.619884,40.249091],[33.619884,40.255316],[33.612397,40.255316],[33.612397,40.262152],[33.620697,40.266425],[33.625987,40.27265],[33.62794,40.280544],[33.626069,40.290066],[33.638927,40.285753],[33.651378,40.294379],[33.659679,40.311062],[33.660248,40.331],[33.675873,40.330634],[33.699718,40.336859],[33.715424,40.337836],[33.754812,40.330634],[33.824311,40.33869],[33.852143,40.346869],[33.865652,40.358954],[33.887462,40.352118],[33.911062,40.357367],[33.934174,40.359931],[33.955089,40.345282],[33.98878,40.358262],[34.000255,40.366075],[34.009776,40.379462],[34.031993,40.400824],[34.036876,40.411322],[34.030203,40.420437],[34.053966,40.431464],[34.112804,40.481879],[34.120046,40.478827],[34.121837,40.476386],[34.122651,40.47663],[34.127045,40.481879],[34.171886,40.480821],[34.199962,40.48489],[34.22698,40.48432],[34.240896,40.486192],[34.269623,40.498358],[34.353038,40.552802],[34.404796,40.568549],[34.452078,40.596015],[34.492198,40.610663],[34.502859,40.616034],[34.52239,40.629177],[34.532644,40.634345],[34.544932,40.636908],[34.617117,40.636827],[34.632253,40.639757],[34.646251,40.645779],[34.654226,40.652533],[34.665131,40.668647],[34.672374,40.676296],[34.706472,40.694281],[34.720307,40.707099],[34.716075,40.721462],[34.724376,40.732123],[34.750092,40.748725],[34.765066,40.755561],[34.777599,40.769843],[34.804779,40.790351],[34.809988,40.796454],[34.814057,40.803168],[34.819835,40.808621],[34.829031,40.810818],[34.843761,40.81684],[34.855561,40.831814],[34.863373,40.850694],[34.866222,40.868842],[34.861908,40.878445],[34.85255,40.87995],[34.843191,40.879421],[34.838878,40.882839],[34.842052,40.891547],[34.849539,40.898017],[34.866222,40.906358],[34.861095,40.908515],[34.857188,40.911404],[34.854421,40.915351],[34.85255,40.920681],[34.856456,40.93126],[34.853038,40.947374],[34.84433,40.96369],[34.832774,40.975287],[34.814708,40.98196],[34.797781,40.984158],[34.781261,40.988715],[34.765554,41.002387],[34.746104,40.987331],[34.727306,40.985541],[34.462657,41.100531],[34.444591,41.112494],[34.437266,41.126532],[34.450694,41.141181],[34.47047,41.147162],[34.492442,41.147406],[34.553152,41.139716],[34.742442,41.144599],[34.754649,41.148871],[34.764903,41.156684],[34.769135,41.159003],[34.774018,41.160346],[34.784109,41.161689],[34.788829,41.163194],[34.808035,41.175238],[34.858409,41.220811],[34.876069,41.2331],[34.880626,41.238593],[34.883393,41.246161],[34.885265,41.262885],[34.888113,41.269843],[34.903901,41.27912],[34.926687,41.288031],[34.941824,41.299872],[34.934581,41.317939],[34.943858,41.326036],[34.953705,41.329901],[34.979096,41.331],[34.991222,41.334906],[35.023936,41.358913],[35.076752,41.374376],[35.102468,41.385321],[35.113292,41.399848],[35.124034,41.391913],[35.132823,41.377143],[35.138601,41.359158],[35.140636,41.341498],[35.147227,41.332221],[35.162852,41.323554],[35.195811,41.311103],[35.184825,41.299099],[35.194347,41.293484],[35.239757,41.289252],[35.248057,41.285834],[35.265391,41.271267],[35.296316,41.258328],[35.339854,41.254503],[35.383067,41.260199],[35.413178,41.275702],[35.436941,41.313666],[35.451915,41.324897],[35.476654,41.320583],[35.496593,41.309394],[35.505951,41.30744],[35.519542,41.309841],[35.556082,41.321967],[35.573497,41.330349],[35.613292,41.359727],[35.626231,41.364325],[35.695811,41.371772],[35.743337,41.368923],[35.759044,41.371039],[35.773204,41.376899],[35.783132,41.386176],[35.798106,41.410224],[35.807058,41.420925],[35.827729,41.432237],[35.840912,41.437079],[35.846934,41.434638],[35.846934,41.440863],[35.841075,41.447211],[35.842214,41.450792],[35.845714,41.454657],[35.846934,41.461941],[35.846121,41.462917],[35.841319,41.476874],[35.840017,41.482367],[35.841726,41.500027],[35.845876,41.513861],[35.896658,41.587104],[35.911225,41.615831],[35.915294,41.646267]]]}},{"type":"Feature","properties":{"name":"Kotto","rank":7},"geometry":{"type":"MultiLineString","coordinates":[[[23.422048,9.12405],[23.426524,9.083319],[23.415212,9.052029],[23.397146,9.022406],[23.362966,8.92711],[23.358572,8.882595],[23.352712,8.867133],[23.303722,8.806586],[23.299083,8.798163],[23.297374,8.755072],[23.29127,8.735785],[23.278005,8.719346],[23.287283,8.689399],[23.27532,8.617255],[23.278005,8.582831],[23.285411,8.566596],[23.292247,8.555243],[23.297293,8.543036],[23.299083,8.524197],[23.306814,8.505886],[23.339854,8.467963],[23.35255,8.435411],[23.387869,8.390977],[23.401866,8.343207],[23.412039,8.335761],[23.415294,8.328803],[23.443126,8.28795],[23.458751,8.256212],[23.468028,8.245673],[23.484141,8.24018],[23.483328,8.220974],[23.500662,8.208767],[23.521658,8.197537],[23.531912,8.181505],[23.536143,8.172146],[23.555431,8.157986],[23.559825,8.14704],[23.559825,8.038153],[23.558035,8.031317],[23.552745,8.025906],[23.545177,8.022325],[23.535574,8.021064],[23.532156,8.015815],[23.530691,7.958279]]]}},{"type":"Feature","properties":{"name":"Bratul Chillia","rank":2},"geometry":{"type":"MultiLineString","coordinates":[[[29.658702,45.216498],[29.663585,45.223456],[29.665945,45.230902],[29.66448,45.238105],[29.658702,45.244412],[29.671804,45.27322],[29.666596,45.31212],[29.649669,45.346381],[29.627696,45.361111],[29.615815,45.365587],[29.569347,45.395209],[29.430105,45.430609],[29.353282,45.436225],[29.343354,45.438422],[29.332449,45.44241],[29.321707,45.444119],[29.312429,45.439561],[29.30657,45.434394],[29.298757,45.429145],[29.289968,45.424872],[29.281342,45.422553],[29.260346,45.422309],[29.24407,45.424425],[29.22755,45.424018],[29.206147,45.415635],[29.191173,45.406521],[29.182628,45.399237],[29.178966,45.392117],[29.173839,45.389228],[29.149669,45.388129],[29.141368,45.385321],[29.127045,45.374783],[29.109874,45.36933],[29.069021,45.361111],[29.017589,45.331081],[29.004161,45.326361],[28.981944,45.325751],[28.973237,45.32392],[28.966075,45.320136],[28.959972,45.311591],[28.95696,45.292304],[28.952403,45.285346],[28.929291,45.279364],[28.909434,45.287665],[28.893158,45.300076],[28.880382,45.306464],[28.857677,45.309353],[28.831309,45.322537],[28.815684,45.326361],[28.789317,45.321641],[28.788097,45.3074],[28.789643,45.292304],[28.76116,45.282091],[28.759044,45.274441],[28.761974,45.265326],[28.766694,45.258083],[28.773855,45.253526],[28.802175,45.244412],[28.790945,45.235216],[28.77825,45.231309],[28.747,45.23074],[28.754812,45.222113],[28.794688,45.202826],[28.797455,45.197089],[28.795421,45.190294],[28.795502,45.184678],[28.805186,45.182318],[28.808849,45.184394],[28.821218,45.193915],[28.828868,45.196601],[28.847341,45.196479],[28.862315,45.192165],[28.883067,45.179999]]]}},{"type":"Feature","properties":{"name":"Atrak","rank":7},"geometry":{"type":"MultiLineString","coordinates":[[[57.004975,37.669704],[56.98585,37.680732],[56.968191,37.694403],[56.946056,37.706732],[56.904389,37.716742],[56.689138,37.720079],[56.651459,37.739814],[56.589773,37.754503],[56.576752,37.763617],[56.538829,37.805732],[56.52296,37.817003],[56.478608,37.832465],[56.388601,37.848944],[56.377452,37.854193],[56.367768,37.86933],[56.325694,37.880154],[56.296397,37.920193],[56.251231,37.933214],[56.200694,37.934841],[56.164561,37.925238],[56.145925,37.933905],[55.947358,37.915839],[55.90325,37.901719],[55.811534,37.892524],[55.787852,37.884223],[55.779714,37.889106],[55.771983,37.891221],[55.753673,37.89171],[55.746593,37.893988],[55.742768,37.899522],[55.739187,37.906317],[55.732514,37.912177],[55.717865,37.916449],[55.679861,37.92296],[55.643891,37.942328],[55.607432,37.952012],[55.540701,37.960028],[55.497325,37.957709],[55.486827,37.960028],[55.472341,37.968817],[55.448741,37.990017],[55.435313,37.994086],[55.417491,37.997423],[55.385753,38.011908],[55.366303,38.015245],[55.295502,38.007758],[55.250011,37.995632],[55.228445,37.986029],[55.219249,37.970242],[55.207042,37.966376],[55.149099,37.957709],[55.129893,37.952501],[55.121349,37.944932],[55.110362,37.926703],[55.103282,37.919013],[55.092377,37.915798],[55.078298,37.913926],[55.066173,37.908637],[55.060964,37.895128],[55.053152,37.88463],[55.006358,37.843329],[54.856049,37.761339],[54.826182,37.735541],[54.813243,37.718858],[54.807709,37.702989],[54.803233,37.683173],[54.786876,37.652126],[54.787852,37.631049],[54.791433,37.625596],[54.803233,37.617214],[54.807709,37.610541],[54.809011,37.603583],[54.807709,37.579535],[54.804698,37.565253],[54.791026,37.540147],[54.787852,37.524929],[54.783214,37.517646],[54.757904,37.5008],[54.710378,37.475938],[54.697846,37.466579],[54.67335,37.477118],[54.646088,37.478949],[54.561941,37.467353],[54.512218,37.449774],[54.461925,37.441718],[54.401459,37.422471],[54.372569,37.418158],[54.260265,37.418158],[54.242686,37.408718],[54.220876,37.404486],[54.198822,37.406358],[54.171967,37.419867],[54.152924,37.424872],[54.142996,37.431749],[54.137299,37.440538],[54.129405,37.45954],[54.122569,37.466579],[54.074636,37.471788],[54.007416,37.457587],[53.943777,37.432725],[53.90504,37.406317]]]}},{"type":"Feature","properties":{"name":"Sava","rank":7},"geometry":{"type":"MultiLineString","coordinates":[[[15.229503,46.045844],[15.247,46.04031],[15.277843,46.043972],[15.296641,46.043524],[15.364513,46.024766],[15.435313,46.017768],[15.456309,46.009955],[15.473562,45.995307],[15.477794,45.987616],[15.483165,45.971259],[15.489187,45.963446],[15.500011,45.956855],[15.545665,45.941433],[15.552745,45.940009],[15.567393,45.939561],[15.582286,45.939643],[15.58961,45.938788],[15.597097,45.936835],[15.621023,45.923692],[15.687511,45.869981],[15.757335,45.850043],[15.773855,45.840644],[15.809988,45.840888],[15.822439,45.832831],[15.851817,45.804307],[15.857677,45.796169],[15.866954,45.791612],[15.983897,45.788275],[16.014415,45.781358],[16.042003,45.765163],[16.048839,45.765163],[16.083018,45.792426],[16.093761,45.788886],[16.111501,45.792914],[16.128917,45.792304],[16.140391,45.793402],[16.14503,45.792426],[16.147227,45.78852],[16.151622,45.77497],[16.155284,45.771999],[16.170339,45.767768],[16.188975,45.759711],[16.208507,45.754462],[16.22698,45.758897],[16.229991,45.750271],[16.228282,45.742621],[16.222667,45.736396],[16.213308,45.731635],[16.22283,45.724718],[16.22698,45.718329],[16.224132,45.713162],[16.213308,45.709906],[16.213308,45.703721],[16.234304,45.700507],[16.241873,45.700629],[16.247569,45.703721],[16.249685,45.69241],[16.249522,45.681179],[16.252615,45.672431],[16.264903,45.668972],[16.285411,45.67239],[16.292898,45.669989],[16.295909,45.659003],[16.306082,45.647773],[16.326427,45.648383],[16.341807,45.644884],[16.336843,45.621772],[16.349294,45.624457],[16.356212,45.620469],[16.355398,45.613796],[16.343679,45.6081],[16.343679,45.600653],[16.363292,45.596991],[16.388194,45.581244],[16.405772,45.57331],[16.405772,45.566514],[16.384044,45.547065],[16.379812,45.536811],[16.385265,45.52558],[16.393728,45.526801],[16.42628,45.52558],[16.422537,45.518134],[16.417735,45.511054],[16.405772,45.498236],[16.398936,45.504462],[16.401296,45.506619],[16.402599,45.506903],[16.403738,45.507839],[16.405772,45.511908],[16.395518,45.512478],[16.385265,45.511908],[16.388438,45.497504],[16.387706,45.48489],[16.39088,45.475531],[16.405772,45.470893],[16.415212,45.465033],[16.430431,45.450222],[16.439871,45.442979],[16.511404,45.41352],[16.536632,45.409206],[16.561209,45.413398],[16.583263,45.429999],[16.589122,45.419745],[16.595144,45.413153],[16.602061,45.411322],[16.610606,45.415635],[16.625011,45.404161],[16.679454,45.388983],[16.675792,45.373399],[16.687022,45.364814],[16.704031,45.363715],[16.730968,45.377061],[16.74586,45.369696],[16.760997,45.358751],[16.775076,45.354275],[16.773448,45.3463],[16.774669,45.342719],[16.77947,45.341376],[16.789317,45.340603],[16.783458,45.331651],[16.781016,45.324897],[16.782481,45.320136],[16.791189,45.315985],[16.799083,45.314236],[16.805675,45.313544],[16.809825,45.31269],[16.811778,45.315131],[16.816824,45.318427],[16.821788,45.317328],[16.824148,45.306464],[16.821056,45.30154],[16.802989,45.27912],[16.836192,45.271593],[16.854259,45.269884],[16.880382,45.28205],[16.896414,45.268378],[16.923839,45.284857],[16.93214,45.278998],[16.940196,45.258083],[16.94158,45.250108],[16.940929,45.241482],[16.946788,45.235948],[16.967459,45.237576],[16.964773,45.244452],[16.960704,45.251166],[16.975515,45.247382],[16.987559,45.236762],[16.998057,45.231635],[17.007823,45.244412],[17.011485,45.23668],[17.013113,45.230821],[17.012136,45.224718],[17.007823,45.216498],[17.013927,45.220038],[17.029714,45.227159],[17.035818,45.23074],[17.055186,45.20071],[17.09783,45.177924],[17.186534,45.14879],[17.197276,45.153184],[17.244884,45.155626],[17.249278,45.160102],[17.268565,45.189765],[17.307302,45.171698],[17.325938,45.166205],[17.358816,45.150987],[17.368175,45.145372],[17.382009,45.139838],[17.400157,45.141303],[17.433604,45.14879],[17.43572,45.152167],[17.438243,45.158393],[17.4428,45.162299],[17.450694,45.158759],[17.456472,45.152045],[17.45753,45.14643],[17.454356,45.140896],[17.447276,45.134548],[17.45989,45.131537],[17.47169,45.133002],[17.495779,45.142035],[17.486501,45.121121],[17.481456,45.114691],[17.48878,45.116523],[17.539073,45.121202],[17.560802,45.119574],[17.571951,45.120673],[17.59254,45.129828],[17.629405,45.157579],[17.651052,45.165595],[17.684337,45.164252],[17.714041,45.152289],[17.740896,45.13349],[17.797048,45.082221],[17.815115,45.07038],[17.835216,45.064765],[17.845225,45.065497],[17.874766,45.074286],[17.902273,45.077989],[17.910655,45.081366],[17.927257,45.092231],[17.987966,45.14407],[18.00294,45.149604],[18.018565,45.149685],[18.034434,45.143622],[18.089773,45.108222],[18.11199,45.100898],[18.131277,45.09809],[18.153087,45.097846],[18.17449,45.10102],[18.191905,45.108751],[18.198741,45.119249],[18.199474,45.131903],[18.201834,45.144355],[18.21282,45.154079],[18.237315,45.157742],[18.261485,45.150987],[18.306814,45.127753],[18.321788,45.123114],[18.392345,45.118842],[18.41155,45.112657],[18.428722,45.102484],[18.465505,45.074327],[18.490245,45.063056],[18.516531,45.056098],[18.540538,45.055528],[18.538748,45.069607],[18.533946,45.081732],[18.534434,45.090684],[18.549083,45.094997],[18.55714,45.094591],[18.573253,45.091742],[18.581309,45.09162],[18.588064,45.093533],[18.602061,45.099555],[18.608653,45.100369],[18.61614,45.097968],[18.620616,45.093451],[18.627615,45.080268],[18.633067,45.072292],[18.640066,45.065619],[18.648204,45.062934],[18.657481,45.066596],[18.660655,45.071316],[18.662771,45.07746],[18.665538,45.083319],[18.670828,45.087104],[18.677664,45.087673],[18.683604,45.085069],[18.68865,45.080512],[18.725841,45.026435],[18.737804,45.01614],[18.749522,45.012519],[18.777517,45.010565],[18.784434,45.008816],[18.788503,45.005968],[18.79127,45.001776],[18.794119,44.995673],[18.794688,44.993598],[18.794688,44.988227],[18.795339,44.985297],[18.797374,44.982489],[18.802501,44.977566],[18.804128,44.974066],[18.801036,44.964219],[18.779307,44.952501],[18.772146,44.942735],[18.782888,44.914008],[18.817149,44.887803],[18.858165,44.86876],[18.889171,44.861436],[19.004405,44.863593],[19.047293,44.872911],[19.067882,44.875067],[19.083995,44.879218],[19.173757,44.925645],[19.18629,44.927802],[19.192556,44.92182],[19.196462,44.913398],[19.201345,44.908637],[19.211355,44.908637],[19.229015,44.914008],[19.238943,44.915391],[19.283376,44.908637],[19.292491,44.909695],[19.30071,44.912624],[19.309744,44.912624],[19.3296,44.898993],[19.33961,44.896511],[19.349783,44.897284],[19.358897,44.90115],[19.341238,44.909695],[19.32488,44.922309],[19.340587,44.921576],[19.371593,44.913886],[19.386404,44.915391],[19.397472,44.923529],[19.395681,44.93183],[19.385753,44.93891],[19.372569,44.943386],[19.389171,44.953315],[19.410085,44.96015],[19.431082,44.961778],[19.447765,44.956366],[19.44988,44.971706],[19.463145,44.980414],[19.484874,44.983832],[19.511892,44.983222],[19.619151,44.963813],[19.646414,44.963568],[19.656668,44.959784],[19.660655,44.946479],[19.667491,44.936103],[19.683116,44.931912],[19.700206,44.929714],[19.722097,44.921007],[19.748953,44.918484],[19.756847,44.915391],[19.758556,44.904975],[19.753184,44.892117],[19.709972,44.830268],[19.700694,44.807644],[19.705007,44.788764],[19.711355,44.780056],[19.715505,44.771999],[19.720225,44.764472],[19.729015,44.757758],[19.745291,44.752265],[19.79656,44.751573],[19.846202,44.733466],[19.872732,44.719753],[19.889659,44.706855],[19.913992,44.695421],[19.982595,44.695909],[20.01002,44.68891],[19.989675,44.678575],[19.930837,44.659288],[19.920665,44.647895],[19.94044,44.631781],[19.973399,44.641181],[20.006602,44.661689],[20.02711,44.6789],[20.045421,44.690253],[20.105886,44.71251],[20.12615,44.716824],[20.134776,44.716864],[20.141287,44.716132],[20.146983,44.714138],[20.154063,44.710639],[20.158132,44.705634],[20.158132,44.693223],[20.16033,44.68891],[20.170177,44.685167],[20.186534,44.682725],[20.201915,44.686103],[20.214122,44.711982],[20.225841,44.721544],[20.237478,44.723741],[20.242849,44.71369],[20.240164,44.699774],[20.23585,44.694607],[20.236095,44.690294],[20.246593,44.6789],[20.274343,44.66474],[20.29241,44.679023],[20.311778,44.729804],[20.321788,44.743923],[20.361257,44.784125],[20.376638,44.792548],[20.390147,44.794704],[20.417247,44.804023],[20.431326,44.80622],[20.441173,44.81037],[20.446951,44.83161],[20.455089,44.840277]]]}},{"type":"Feature","properties":{"name":"Bratul Sfintu Gheorghe","rank":2},"geometry":{"type":"MultiLineString","coordinates":[[[28.883067,45.179999],[28.89088,45.175482],[28.931244,45.159125],[28.96282,45.14057],[29.028087,45.118679],[29.052257,45.114691],[29.107432,45.084662],[29.139415,45.073269],[29.158376,45.087348],[29.150645,45.088324],[29.137625,45.092353],[29.130382,45.093573],[29.130382,45.10102],[29.153575,45.113227],[29.168712,45.116767],[29.182384,45.111274],[29.2046,45.091864],[29.207042,45.083767],[29.206147,45.065619],[29.194916,45.063178],[29.190847,45.058621],[29.1963,45.049831],[29.20224,45.045762],[29.209972,45.042263],[29.217459,45.039862],[29.268809,45.035224],[29.281342,45.038926],[29.279307,45.036404],[29.276134,45.033881],[29.274506,45.032172],[29.280691,45.026068],[29.28297,45.022162],[29.286143,45.019884],[29.294932,45.018419],[29.290538,45.008612],[29.288178,45.004828],[29.295014,45.002265],[29.30185,44.99726],[29.30714,44.990017],[29.312511,44.970242],[29.320242,44.972683],[29.329031,44.979926],[29.335378,44.98371],[29.342865,44.980658],[29.351654,44.971869],[29.360362,44.970038],[29.365001,44.97252],[29.371349,44.977891],[29.379975,44.982733],[29.391856,44.98371],[29.383718,44.973741],[29.379161,44.96251],[29.381602,44.953396],[29.394949,44.94953],[29.400808,44.952257],[29.425304,44.970038],[29.44101,44.97309],[29.456065,44.970323],[29.524099,44.9442],[29.610932,44.888129]]]}},{"type":"Feature","properties":{"name":"Nile","rank":1},"geometry":{"type":"MultiLineString","coordinates":[[[32.879405,23.987657],[32.877859,23.976833],[32.876231,23.954779],[32.872325,23.930732],[32.863292,23.893826],[32.871186,23.867865],[32.888438,23.839179],[32.900971,23.809516],[32.918549,23.785183],[32.918468,23.748725],[32.88974,23.661811],[32.872976,23.6317],[32.866222,23.599718],[32.86085,23.557196],[32.856375,23.538926],[32.865652,23.526475],[32.882335,23.510362],[32.894054,23.491767],[32.900971,23.454535],[32.898692,23.425808],[32.91212,23.396186],[32.938731,23.362494],[32.94573,23.335313],[32.9428,23.306749],[32.929617,23.289374],[32.881114,23.250922],[32.866466,23.225613],[32.841401,23.205024],[32.800873,23.196601],[32.781749,23.164008],[32.75294,23.109687],[32.72226,23.079617],[32.70517,23.055528],[32.68336,22.994574],[32.667572,22.971625],[32.647716,22.949083],[32.634044,22.936835],[32.622081,22.93126],[32.608002,22.921942],[32.592296,22.910264],[32.582042,22.888454],[32.584972,22.856024],[32.583263,22.822618],[32.577566,22.794379],[32.570811,22.771755],[32.555919,22.760443],[32.529796,22.751899],[32.50294,22.737413],[32.479015,22.722032],[32.454194,22.708564],[32.437999,22.696072],[32.421153,22.672309],[32.40325,22.643866],[32.394216,22.626532],[32.373464,22.620307],[32.340424,22.619696],[32.31129,22.626532],[32.291515,22.634101],[32.275401,22.653835],[32.273448,22.682685],[32.253022,22.709662],[32.216563,22.738064],[32.184662,22.750678],[32.135346,22.745469],[32.102794,22.735704],[32.074474,22.725857],[32.032156,22.704698],[31.99407,22.681912],[31.934093,22.627143],[31.914154,22.601671],[31.896251,22.572943],[31.883067,22.539618],[31.87794,22.50019],[31.860769,22.473822],[31.827566,22.454291],[31.784923,22.440253],[31.757335,22.428534],[31.724132,22.401801],[31.602306,22.312567],[31.530772,22.241034],[31.487071,22.203192],[31.441335,22.168565],[31.418875,22.149766],[31.394623,22.113552],[31.375418,22.075303],[31.363292,22.021064],[31.353038,21.957384],[31.343354,21.923122],[31.316987,21.880439],[31.295421,21.84988],[31.247325,21.820868],[31.222667,21.797309],[31.200857,21.766669],[31.194021,21.750067],[31.191498,21.722276],[31.184174,21.695502],[31.176362,21.672797],[31.159434,21.655707],[31.131277,21.647528],[31.10963,21.63463],[31.097911,21.617743],[31.090587,21.609198]]]}},{"type":"Feature","properties":{"name":"Nile","rank":1},"geometry":{"type":"MultiLineString","coordinates":[[[32.879405,23.987657],[32.880056,24.008246],[32.872651,24.07331],[32.875499,24.090155],[32.886241,24.126247],[32.885671,24.144721],[32.872651,24.186306],[32.870535,24.199042],[32.872651,24.230984],[32.877371,24.245185],[32.899506,24.283474],[32.906749,24.303005],[32.908702,24.323676],[32.907237,24.410468],[32.910167,24.419501],[32.917003,24.428982],[32.924246,24.442003],[32.918549,24.448025],[32.899343,24.453192],[32.877859,24.489854],[32.88323,24.529853],[32.920421,24.610867],[32.930105,24.648953],[32.934011,24.688585],[32.927257,24.76911],[32.914154,24.809272],[32.877533,24.87287],[32.865245,24.905056],[32.864838,24.927558],[32.881358,24.956855],[32.885671,24.977647],[32.882091,25.01496],[32.872651,25.05032],[32.857188,25.082628],[32.836192,25.104926],[32.741222,25.154161],[32.686453,25.195339],[32.616222,25.231553],[32.583425,25.253445],[32.559581,25.283149],[32.550548,25.324042],[32.557384,25.402208],[32.553722,25.42414],[32.544526,25.440863],[32.523204,25.467353],[32.497813,25.508653],[32.482839,25.549831],[32.487885,25.585964],[32.523204,25.612006],[32.571544,25.624376],[32.59547,25.63642],[32.666026,25.758124],[32.68214,25.775417],[32.704112,25.782742],[32.727061,25.783881],[32.74879,25.789333],[32.764415,25.801703],[32.769542,25.823676],[32.762462,25.839179],[32.734793,25.865668],[32.728526,25.882025],[32.731619,25.906317],[32.739757,25.920844],[32.762787,25.94713],[32.780528,25.982733],[32.785818,26.006619],[32.779796,26.025987],[32.770518,26.04503],[32.768077,26.090888],[32.762787,26.11164],[32.750662,26.125067],[32.731619,26.138536],[32.711681,26.149034],[32.678152,26.159776],[32.664561,26.172309],[32.649099,26.180487],[32.625499,26.173692],[32.617198,26.165391],[32.613048,26.155463],[32.610281,26.146064],[32.605724,26.139594],[32.596446,26.137315],[32.569753,26.133857],[32.564057,26.12873],[32.552257,26.121121],[32.452159,26.117051],[32.434093,26.11164],[32.416921,26.100165],[32.395925,26.080634],[32.374604,26.068305],[32.358979,26.07392],[32.343761,26.083808],[32.323985,26.084337],[32.307221,26.070583],[32.30071,26.052354],[32.291108,26.036485],[32.26588,26.029731],[32.248139,26.035671],[32.241791,26.050605],[32.239757,26.070502],[32.235037,26.091173],[32.227061,26.102362],[32.212657,26.115912],[32.196707,26.127305],[32.183686,26.132148],[32.165701,26.142646],[32.132091,26.207872],[32.117117,26.218329],[32.101329,26.222113],[32.060476,26.221503],[32.057058,26.209499],[32.052989,26.185899],[32.041515,26.169949],[32.016124,26.180528],[32.009207,26.197699],[32.018077,26.240505],[32.012706,26.258734],[31.963878,26.30622],[31.89267,26.350694],[31.885753,26.361843],[31.877452,26.381049],[31.858409,26.394802],[31.83782,26.404853],[31.824229,26.413357],[31.811127,26.451199],[31.80836,26.541327],[31.790131,26.564154],[31.775808,26.566718],[31.768321,26.564643],[31.748546,26.550482],[31.735444,26.544949],[31.72519,26.543036],[31.703868,26.543647],[31.698253,26.555976],[31.714366,26.625596],[31.702647,26.641181],[31.682628,26.641181],[31.660655,26.637722],[31.642507,26.642646],[31.635671,26.649766],[31.632498,26.656358],[31.631847,26.664618],[31.631847,26.67711],[31.628347,26.690741],[31.619395,26.699897],[31.597097,26.714952],[31.545177,26.768826],[31.523367,26.799384],[31.508311,26.831081],[31.491628,26.88699],[31.481537,26.906806],[31.467865,26.925238],[31.381602,26.991889],[31.352794,27.023749],[31.30364,27.098578],[31.297374,27.137559],[31.279796,27.157904],[31.252533,27.165595],[31.217296,27.166815],[31.198497,27.174384],[31.187755,27.191026],[31.181244,27.207709],[31.17628,27.215277],[31.169444,27.216864],[31.163829,27.219102],[31.157319,27.218573],[31.141694,27.20657],[31.133067,27.203559],[31.123546,27.202012],[31.114513,27.201606],[31.112804,27.211493],[31.113048,27.256863],[31.111095,27.269884],[31.096934,27.276313],[31.05421,27.279161],[31.035411,27.283515],[31.02296,27.293158],[31.007742,27.318956],[30.995046,27.331326],[30.966238,27.346788],[30.963145,27.355902],[30.973888,27.37226],[30.940929,27.384101],[30.907319,27.401068],[30.878184,27.420762],[30.857921,27.441189],[30.848888,27.459784],[30.852306,27.470771],[30.860281,27.481635],[30.864757,27.499538],[30.861501,27.519355],[30.85019,27.554389],[30.851085,27.577704],[30.857514,27.597113],[30.875418,27.631903],[30.878917,27.65001],[30.882253,27.6553],[30.889171,27.661078],[30.896251,27.66824],[30.899425,27.67768],[30.897553,27.687567],[30.888682,27.710761],[30.885753,27.722357],[30.885753,27.801134],[30.88144,27.806342],[30.862234,27.815538],[30.857921,27.821357],[30.856375,27.829901],[30.848237,27.843288],[30.844249,27.852078],[30.841563,27.870469],[30.844249,27.886908],[30.848643,27.902167],[30.851085,27.917263],[30.849132,27.973904],[30.842377,28.006537],[30.840424,28.027777],[30.837413,28.037665],[30.832612,28.043565],[30.819021,28.056708],[30.816173,28.061591],[30.808849,28.071397],[30.761729,28.105902],[30.752859,28.118964],[30.746349,28.133246],[30.742442,28.150214],[30.741222,28.171169],[30.742117,28.179389],[30.744233,28.18948],[30.747651,28.197943],[30.75644,28.207546],[30.752452,28.221055],[30.741222,28.243109],[30.737885,28.262152],[30.741222,28.322292],[30.743337,28.327216],[30.748057,28.331895],[30.752696,28.338568],[30.756358,28.357245],[30.759858,28.366156],[30.764578,28.374294],[30.769054,28.380316],[30.816905,28.41531],[30.823741,28.424994],[30.825776,28.430447],[30.835216,28.447781],[30.837413,28.458808],[30.836192,28.471055],[30.832937,28.477159],[30.828298,28.481798],[30.823741,28.489529],[30.819835,28.507636],[30.822765,28.52322],[30.827729,28.538153],[30.830496,28.554714],[30.831065,28.564032],[30.832612,28.573065],[30.835704,28.58157],[30.840831,28.588894],[30.844493,28.597602],[30.842052,28.606024],[30.837983,28.615302],[30.837413,28.626736],[30.844493,28.641425],[30.855968,28.654242],[30.86671,28.669623],[30.873627,28.708116],[30.879649,28.719346],[30.899425,28.743435],[30.907319,28.759955],[30.908946,28.77619],[30.906261,28.81505],[30.910085,28.829657],[30.9192,28.846381],[30.939708,28.873725],[31.010509,28.941962],[31.029226,28.969306],[31.042735,29.008328],[31.052989,29.028754],[31.066417,29.037624],[31.077647,29.04206],[31.117931,29.072333],[31.148529,29.11282],[31.159434,29.123114],[31.170909,29.139512],[31.173269,29.14407],[31.174815,29.157294],[31.178233,29.164171],[31.182872,29.168728],[31.216401,29.221991],[31.220876,29.2331],[31.212006,29.348212],[31.213471,29.359727],[31.216889,29.365343],[31.22226,29.371121],[31.226817,29.379706],[31.227794,29.393866],[31.225352,29.405341],[31.21575,29.417426],[31.213471,29.428575],[31.215343,29.437079],[31.220144,29.442898],[31.22698,29.44831],[31.23463,29.455919],[31.244151,29.473171],[31.261811,29.531684],[31.267833,29.53795],[31.274669,29.541693],[31.280284,29.547187],[31.28297,29.558946],[31.271251,29.587714],[31.268647,29.599921],[31.270437,29.62519],[31.277273,29.644558],[31.288503,29.658718],[31.30364,29.668809],[31.280365,29.69656],[31.271983,29.712592],[31.268647,29.733425],[31.272472,29.754177],[31.290131,29.784369],[31.296804,29.805365],[31.296479,29.843329],[31.288666,29.884955],[31.275971,29.922675],[31.261811,29.948798],[31.236339,29.974433],[31.225352,29.989366],[31.220876,30.007758],[31.237397,30.11461],[31.236908,30.123847]],[[33.693044,18.489],[33.685069,18.500922],[33.683849,18.521755],[33.701427,18.594265],[33.699962,18.653388],[33.695079,18.673529],[33.688243,18.690985],[33.67213,18.715522],[33.667491,18.720038],[33.660248,18.724229],[33.649994,18.725531],[33.636648,18.725409],[33.624929,18.727322],[33.619884,18.734727],[33.615001,18.738145],[33.581716,18.738552],[33.570242,18.741482],[33.563243,18.749213],[33.559581,18.760037],[33.557872,18.77204],[33.558686,18.778428],[33.563894,18.796332],[33.564708,18.8074],[33.562266,18.81745],[33.550385,18.844672],[33.553152,18.906684],[33.557872,18.923448],[33.574636,18.953437],[33.578298,18.964423],[33.579845,18.976589],[33.577159,19.141425],[33.561615,19.178982],[33.533946,19.206977],[33.478282,19.234483],[33.4428,19.260688],[33.424815,19.26911],[33.421641,19.276679],[33.420665,19.296495],[33.418386,19.309434],[33.412852,19.318793],[33.400157,19.334337],[33.391531,19.355902],[33.379649,19.423163],[33.350597,19.443671],[33.318451,19.461737],[33.284272,19.476182],[33.084972,19.526801],[33.057709,19.529161],[33.035574,19.525336],[33.016612,19.516059],[32.999278,19.502265],[32.993337,19.494656],[32.98585,19.47724],[32.97877,19.4678],[32.969656,19.461249],[32.962006,19.460883],[32.953543,19.462999],[32.940929,19.464057],[32.898692,19.455512],[32.869558,19.436103],[32.824799,19.375922],[32.8213,19.368516],[32.820079,19.363145],[32.817882,19.358913],[32.810557,19.354844],[32.810069,19.351142],[32.80714,19.346055],[32.796886,19.334337],[32.773936,19.341579],[32.757823,19.325954],[32.745046,19.304307],[32.720795,19.285427],[32.712413,19.266425],[32.700694,19.225165],[32.683116,19.18891],[32.656749,19.165107],[32.620046,19.152533],[32.571544,19.15001],[32.525401,19.154364],[32.508718,19.147528],[32.501964,19.12519],[32.500011,19.101386],[32.494395,19.08865],[32.475352,19.06684],[32.465587,19.040107],[32.461681,19.032742],[32.451915,19.024115],[32.428152,19.01081],[32.416759,19.002021],[32.383393,18.96247],[32.358002,18.923448],[32.355398,18.913601],[32.355072,18.904405],[32.353038,18.896267],[32.34433,18.88935],[32.334076,18.887966],[32.320404,18.889757],[32.308604,18.893866],[32.303477,18.899237],[32.294526,18.913031],[32.273529,18.913682],[32.191987,18.89171],[32.159434,18.87226],[32.090587,18.820421],[32.053722,18.798651],[32.036713,18.784776],[32.029714,18.768907],[32.034109,18.748114],[32.044363,18.734442],[32.055756,18.723415],[32.063894,18.710557],[32.066661,18.661322],[32.046479,18.619249],[32.011241,18.588487],[31.968272,18.573432],[31.955333,18.572292],[31.942393,18.572781],[31.930268,18.575385],[31.919851,18.580878],[31.88795,18.571641],[31.878917,18.567206],[31.873139,18.560167],[31.862397,18.538926],[31.819835,18.48668],[31.803722,18.456244],[31.786143,18.410427],[31.77825,18.366156],[31.766368,18.350613],[31.728038,18.327582],[31.703705,18.303656],[31.691661,18.28795],[31.686534,18.276068],[31.679698,18.251492],[31.663259,18.232489],[31.625011,18.196641],[31.58546,18.135281],[31.562999,18.108181],[31.528819,18.080593],[31.49171,18.059516],[31.450694,18.044216],[31.407807,18.036648],[31.365001,18.039008],[31.342214,18.042751],[31.325206,18.042589],[31.309093,18.037421],[31.207286,17.984402],[31.171886,17.999335],[31.153901,18.003445],[31.135265,18.004828],[31.114675,18.008653],[31.095714,18.01789],[31.063406,18.039008],[31.044037,18.046698],[31.026541,18.048529],[30.98406,18.046454],[30.961518,18.053819],[30.945893,18.071316],[30.926036,18.107856],[30.893077,18.130398],[30.807546,18.144395],[30.769054,18.169298],[30.757742,18.186794],[30.737804,18.235134],[30.734386,18.25495],[30.729096,18.269477],[30.706065,18.306098],[30.700206,18.327582],[30.701915,18.348497],[30.712006,18.383572],[30.714447,18.405544],[30.713145,18.429307],[30.709402,18.449652],[30.702729,18.467556],[30.69337,18.483995],[30.682384,18.497138],[30.624034,18.546658],[30.586925,18.593451],[30.576671,18.615587],[30.559174,18.709174],[30.535737,18.752143],[30.515391,18.823269],[30.504812,18.834093],[30.491628,18.841824],[30.485362,18.86046],[30.480479,18.90294],[30.466889,18.95543],[30.466807,18.971259],[30.485037,19.029486],[30.487885,19.049831],[30.487885,19.204657],[30.490977,19.222113],[30.486501,19.236518],[30.479259,19.250352],[30.473643,19.266059],[30.473074,19.279853],[30.477957,19.323798],[30.490001,19.352322],[30.48878,19.370632],[30.483328,19.388861],[30.477061,19.40294],[30.471934,19.420111],[30.466807,19.478339],[30.455577,19.506659],[30.439464,19.532335],[30.403738,19.570014],[30.398529,19.584174],[30.398529,19.663357],[30.395274,19.681708],[30.371186,19.724799],[30.368175,19.745225],[30.368907,19.760037],[30.365652,19.772732],[30.350678,19.786892],[30.334239,19.793972],[30.318858,19.798163],[30.307384,19.80683],[30.302989,19.827501],[30.312022,19.867214],[30.336029,19.8817],[30.368663,19.886501],[30.404796,19.896755],[30.442882,19.923651],[30.459972,19.930854],[30.480235,19.934516],[30.539154,19.930854],[30.56544,19.942979],[30.587169,19.972439],[30.601003,20.008328],[30.604015,20.040107],[30.59962,20.053982],[30.576671,20.094753],[30.566335,20.132351],[30.562429,20.170111],[30.563731,20.187445],[30.567475,20.20539],[30.587494,20.258409],[30.586843,20.272244],[30.569835,20.300808],[30.547374,20.330919],[30.523204,20.347276],[30.493175,20.354071],[30.453136,20.355414],[30.418224,20.348904],[30.401947,20.349921],[30.388276,20.361884],[30.358165,20.423692],[30.330577,20.523139],[30.312918,20.550889],[30.298839,20.582058],[30.306163,20.615668],[30.324718,20.646837],[30.352306,20.682074],[30.362397,20.699001],[30.370128,20.717149],[30.371186,20.732204],[30.361746,20.745795],[30.348074,20.756944],[30.338308,20.769558],[30.340424,20.787421],[30.348888,20.801622],[30.360281,20.814236],[30.374441,20.82099],[30.409679,20.814643],[30.473643,20.828396],[30.509288,20.831081],[30.542572,20.838324],[30.566987,20.857856],[30.576671,20.896999],[30.577647,20.974921],[30.580658,20.979682],[30.593761,20.989122],[30.597911,20.997016],[30.599864,21.018012],[30.604015,21.027615],[30.627533,21.042182],[30.699229,21.073594],[30.714447,21.092475],[30.70517,21.126166],[30.688243,21.149848],[30.678966,21.17296],[30.69337,21.205146],[30.716319,21.226386],[30.769542,21.25788],[30.792979,21.277126],[30.809093,21.285712],[30.845795,21.284776],[30.861339,21.290798],[30.875499,21.301093],[30.905854,21.31741],[30.919932,21.328681],[30.959727,21.370225],[30.972585,21.380927],[30.987397,21.396348],[30.993582,21.413194],[30.961925,21.453681],[30.979991,21.481391],[31.035411,21.520453],[31.054291,21.538398],[31.069591,21.56037],[31.090587,21.609198]],[[33.693044,18.489],[33.693289,18.489814]],[[33.790538,18.352403],[33.774099,18.375027],[33.712169,18.424669],[33.695323,18.443468],[33.686941,18.465644],[33.693044,18.489]],[[32.490164,15.634548],[32.498953,15.652696],[32.501964,15.667996],[32.503347,15.685411],[32.510997,15.720282],[32.526947,15.765937],[32.530284,15.781114],[32.53004,15.798285],[32.519054,15.829454],[32.518484,15.844306],[32.549897,15.882839],[32.550304,15.919135],[32.536876,15.990098],[32.536876,16.114773],[32.540294,16.137803],[32.5442,16.14529],[32.547293,16.166449],[32.550548,16.175645],[32.556733,16.183783],[32.581554,16.205756],[32.592052,16.220282],[32.598725,16.235948],[32.607921,16.251044],[32.625499,16.26378],[32.667084,16.273627],[32.681407,16.282904],[32.687022,16.305447],[32.689545,16.326606],[32.697276,16.335761],[32.728526,16.346381],[32.72991,16.371609],[32.741791,16.386054],[32.779796,16.411892],[32.785167,16.420437],[32.793549,16.439032],[32.831065,16.46308],[32.862559,16.498969],[32.973888,16.544704],[32.995209,16.547878],[33.01295,16.541571],[33.028331,16.53144],[33.047374,16.525417],[33.068858,16.523057],[33.091807,16.524522],[33.12672,16.53498],[33.153901,16.552598],[33.252452,16.64171],[33.278575,16.659613],[33.392019,16.686387],[33.426199,16.700792],[33.454845,16.716905],[33.481049,16.737087],[33.497162,16.746894],[33.513194,16.751044],[33.557221,16.75377],[33.580577,16.757921],[33.598725,16.764716],[33.62379,16.790229],[33.680756,16.895087],[33.706554,16.926703],[33.729503,16.963568],[33.74171,17.003852],[33.735362,17.045925],[33.726817,17.05919],[33.715587,17.072333],[33.705984,17.086778],[33.701915,17.103949],[33.70696,17.129706],[33.719168,17.145697],[33.73463,17.160427],[33.749034,17.18244],[33.753184,17.201443],[33.749034,17.268744],[33.752859,17.293524],[33.763194,17.313788],[33.778575,17.331244],[33.827159,17.374701],[33.852306,17.405788],[33.872325,17.441921],[33.886241,17.484076],[33.893647,17.531684],[33.902354,17.556505],[33.917247,17.567247],[33.939871,17.574246],[33.959727,17.591376],[33.97462,17.613471],[33.982432,17.634874],[33.983653,17.65705],[33.975597,17.720567],[33.977306,17.742703],[33.989268,17.80622],[33.97405,18.023546],[33.927989,18.264716],[33.897227,18.317084],[33.852061,18.313992],[33.852061,18.320176],[33.817475,18.318061],[33.791596,18.351142],[33.75644,18.451483],[33.751069,18.462429],[33.742768,18.471015],[33.731944,18.474799],[33.707774,18.476671],[33.698497,18.480902],[33.693044,18.489]]]}},{"type":"Feature","properties":{"name":"Sokoto","rank":7},"geometry":{"type":"MultiLineString","coordinates":[[[7.230479,11.585883],[7.153331,11.600857],[7.123546,11.613389],[7.044932,11.681464],[6.940684,11.752468],[6.896007,11.797471],[6.866954,11.844835],[6.819753,11.945868],[6.791921,11.991807],[6.739513,12.042589],[6.72462,12.061143],[6.720225,12.071112],[6.714041,12.092149],[6.708995,12.102322],[6.693044,12.121772],[6.619314,12.188422],[6.576671,12.238227],[6.559581,12.253282],[6.497732,12.278184],[6.406993,12.332099],[6.400401,12.340359],[6.391775,12.360175],[6.383556,12.367987],[6.372976,12.36994],[6.362804,12.368516],[6.35377,12.370144],[6.341563,12.390977],[6.334483,12.393622],[6.325938,12.393175],[6.31544,12.394232],[6.303722,12.399237],[6.289236,12.411811],[6.280935,12.416815],[6.258962,12.423651],[6.248953,12.428534],[6.240733,12.43712],[6.233572,12.449327],[6.212332,12.499945],[6.20753,12.504747],[6.198171,12.511542],[6.185802,12.516954],[6.174327,12.519558],[6.16448,12.524604],[6.14446,12.559638],[6.110037,12.591376],[6.095225,12.609931],[6.09254,12.619412],[6.091726,12.639716],[6.087169,12.649034],[6.073741,12.659003],[6.061941,12.659491],[6.050792,12.65766],[6.039724,12.660834],[5.997,12.687934],[5.975597,12.69363],[5.904796,12.692003],[5.879405,12.708604],[5.865245,12.739122],[5.841075,12.820014],[5.830007,12.835273],[5.793956,12.853339],[5.7824,12.869412],[5.772146,12.887763],[5.725108,12.938015],[5.708995,12.950792],[5.639822,12.974229],[5.622569,12.987494],[5.549001,13.083767],[5.512218,13.10163],[5.462169,13.093329],[5.428233,13.08157],[5.316091,13.063829],[5.278819,13.065619],[5.214285,13.085557],[5.185232,13.084093],[5.156423,13.074897],[5.129324,13.059597],[5.100515,13.030626],[5.086599,13.023546],[5.024425,13.009833],[4.961436,13.007758],[4.835623,13.025092],[4.814708,13.03502],[4.796886,13.04914],[4.776622,13.058051],[4.748953,13.052314],[4.731944,13.03974],[4.715099,13.020087],[4.701589,12.997667],[4.686209,12.952216],[4.656993,12.918402],[4.645763,12.898464],[4.627371,12.85578],[4.601817,12.816352],[4.569591,12.782823],[4.483328,12.726426],[4.420421,12.667996],[4.372488,12.63585],[4.352061,12.615343],[4.32252,12.577582],[4.284679,12.543728],[4.257498,12.529324],[4.163259,12.505642],[4.118337,12.485907],[4.071462,12.457709],[4.029959,12.422919],[4.00115,12.383246],[3.994884,12.362087],[3.994395,12.320746],[3.98699,12.274237],[3.990408,12.258083],[4.009776,12.223985],[4.013194,12.214667],[4.015554,12.20543],[4.016531,12.195746],[4.016287,12.185248],[4.014822,12.180243],[4.009695,12.169786],[4.008474,12.165798],[4.009532,12.15705],[4.12615,11.856228],[4.142263,11.771918],[4.153005,11.751654],[4.155935,11.741278],[4.152354,11.722195],[4.138194,11.679145],[4.140391,11.656684],[4.145763,11.647895],[4.167735,11.623114],[4.180837,11.592597],[4.186778,11.58279],[4.228526,11.544989],[4.242198,11.525336],[4.239431,11.500515],[4.226248,11.483913],[4.190359,11.460476],[4.174083,11.446601],[4.122325,11.386501]]]}},{"type":"Feature","properties":{"name":"Mariga","rank":7},"geometry":{"type":"MultiLineString","coordinates":[[[6.903494,11.492499],[6.906668,11.457343],[6.89739,11.410915],[6.881847,11.366156],[6.865652,11.336208],[6.84547,11.316962],[6.774669,11.27322],[6.754405,11.248074],[6.743337,11.218288],[6.72462,11.127753],[6.71461,11.106391],[6.701834,11.089545],[6.686453,11.076361],[6.66863,11.065741],[6.584727,11.033881],[6.575938,11.029405],[6.567149,11.027696],[6.55071,11.029324],[6.539806,11.028144],[6.47405,11.009548],[6.451589,11.009589],[6.429373,11.014268],[6.36378,11.037543],[6.342703,11.039659],[6.322927,11.032253],[6.31072,11.01793],[6.29241,10.98074],[6.280284,10.965033],[6.270193,10.95893],[6.246104,10.950222],[6.236013,10.943223],[6.227957,10.930243],[6.226492,10.917548],[6.226492,10.904731],[6.222423,10.891221],[6.207774,10.878038],[6.161876,10.86282],[6.141856,10.853461],[6.122081,10.83161],[6.113699,10.80622],[6.107677,10.722927],[6.109141,10.697333],[6.125987,10.647162],[6.127126,10.635281],[6.126394,10.623074],[6.121593,10.600694],[6.107839,10.567206],[6.105154,10.554755],[6.104666,10.527655],[6.103038,10.514919],[6.097179,10.502468],[6.085623,10.490587]]]}},{"type":"Feature","properties":{"name":"Bratul Sulina","rank":2},"geometry":{"type":"MultiLineString","coordinates":[[[28.882742,45.179796],[28.89088,45.182318],[28.945811,45.195339],[28.969493,45.196601],[28.980235,45.193305],[28.999441,45.178778],[29.010997,45.175482],[29.483653,45.169257],[29.49171,45.171332],[29.505463,45.180284],[29.510997,45.182318],[29.516043,45.183458],[29.52532,45.188585],[29.531505,45.189765],[29.539561,45.187852],[29.543468,45.183458],[29.545665,45.178738],[29.548839,45.175482],[29.580089,45.168891],[29.655284,45.160997],[29.68214,45.14879]]]}},{"type":"Feature","properties":{"name":"Borcea","rank":2},"geometry":{"type":"MultiLineString","coordinates":[[[27.292247,44.151435],[27.327566,44.185492],[27.34905,44.195421],[27.359874,44.196357],[27.379324,44.194363],[27.390147,44.195421],[27.396983,44.198676],[27.40325,44.203477],[27.410818,44.207831],[27.460948,44.21369],[27.640147,44.270046],[27.650157,44.274848],[27.653412,44.275336],[27.684011,44.315456],[27.690196,44.321601],[27.698009,44.326361],[27.733979,44.335395],[27.806163,44.342841],[27.835704,44.360541],[27.855561,44.392361],[27.869395,44.408271],[27.886974,44.415147],[27.908621,44.419989],[27.927664,44.433132],[27.938894,44.452663],[27.93808,44.47663],[27.934093,44.485378],[27.928233,44.491807],[27.919851,44.495714],[27.907725,44.497097],[27.895925,44.502305],[27.898529,44.513739],[27.906749,44.524604],[27.911388,44.528428],[27.913178,44.531765],[27.921886,44.540351],[27.925222,44.545478],[27.925059,44.551825],[27.922293,44.558295],[27.917572,44.565985],[27.920502,44.575385],[27.923595,44.582221],[27.928722,44.587755],[27.93808,44.593329],[27.930105,44.603868],[27.926362,44.61225],[27.925222,44.620429],[27.925222,44.630805],[27.934825,44.639675],[27.936941,44.645331],[27.92864,44.647895],[27.926687,44.649278],[27.907725,44.658759],[27.903819,44.664496],[27.899913,44.677598],[27.897065,44.682685],[27.864268,44.717556],[27.863292,44.7296],[27.87672,44.744086]]]}},{"type":"Feature","properties":{"name":"Mosel","rank":7},"geometry":{"type":"MultiLineString","coordinates":[[[6.8567,48.004503],[6.84075,47.992987],[6.8296,47.971706],[6.816905,47.963162],[6.796886,47.958564],[6.773936,47.957872],[6.752452,47.962592],[6.73585,47.971055],[6.723399,47.985378],[6.711925,48.003974]]]}},{"type":"Feature","properties":{"name":"Prut","rank":7},"geometry":{"type":"MultiLineString","coordinates":[[[27.134044,48.000678],[27.143158,47.987128],[27.156749,47.992214],[27.168386,47.983262],[27.1692,47.973985],[27.162364,47.965277],[27.150483,47.958075],[27.171479,47.946723],[27.177745,47.944403],[27.177745,47.938178],[27.160167,47.921983],[27.171153,47.912869],[27.193777,47.904324],[27.211925,47.889757],[27.211029,47.885281],[27.21282,47.854356],[27.211925,47.848212],[27.22226,47.842882],[27.234386,47.84044],[27.245372,47.836859],[27.25294,47.828315],[27.218761,47.814032],[27.230561,47.807318],[27.244395,47.792833],[27.255626,47.777777],[27.260346,47.769355],[27.264171,47.764757],[27.28183,47.755927],[27.287039,47.75255],[27.290538,47.742703],[27.289073,47.732001],[27.294444,47.724677],[27.294444,47.718451],[27.271495,47.715196],[27.280691,47.693223],[27.303477,47.666815],[27.368663,47.608507],[27.396576,47.589382],[27.427826,47.581244],[27.435313,47.560167],[27.438487,47.553982],[27.439708,47.55036],[27.439545,47.541205],[27.441498,47.536892],[27.445567,47.535102],[27.456309,47.534125],[27.458914,47.533515],[27.466238,47.506619],[27.472667,47.492011],[27.483165,47.485704],[27.491954,47.484809],[27.497,47.482693],[27.500987,47.48017],[27.506765,47.478217],[27.532481,47.477647],[27.534109,47.478217],[27.547537,47.474555],[27.562592,47.468614],[27.57545,47.460639],[27.58253,47.450954],[27.574311,47.44656],[27.568777,47.438788],[27.564952,47.428534],[27.562022,47.416815],[27.579845,47.406277],[27.571788,47.375434],[27.585948,47.368964],[27.599539,47.360948],[27.623464,47.321723],[27.636485,47.306952],[27.644216,47.304267],[27.671153,47.300116],[27.681895,47.295478],[27.689464,47.291083],[27.697358,47.287787],[27.72226,47.283555],[27.732839,47.275906],[27.753184,47.251654],[27.751964,47.239203],[27.762462,47.226589],[27.787852,47.204535],[27.799897,47.177191],[27.801524,47.176581],[27.804291,47.168769],[27.807221,47.162665],[27.805431,47.158474],[27.794037,47.156114],[27.805919,47.144843],[27.849376,47.12877],[27.849376,47.122016],[27.843272,47.11461],[27.847748,47.11164],[27.857188,47.109565],[27.866466,47.104926],[27.897065,47.08161],[27.925385,47.068956],[27.937918,47.061347],[27.93808,47.04682],[27.962657,47.043647],[27.985932,47.033474],[28.007823,47.026557],[28.027436,47.03323],[28.03655,47.01671],[28.068614,46.988796],[28.082123,46.971747],[28.101817,46.93537],[28.104991,46.917914],[28.096446,46.902899],[28.11321,46.895046],[28.113862,46.883612],[28.112722,46.871649],[28.123627,46.861884],[28.123627,46.854438],[28.121104,46.83454],[28.137299,46.806464],[28.177745,46.758857],[28.177419,46.740058],[28.23349,46.662665],[28.243663,46.635606],[28.246837,46.621121],[28.246593,46.607449],[28.240001,46.596625],[28.229991,46.584093],[28.224864,46.56977],[28.23349,46.553412],[28.224213,46.548936],[28.220632,46.541449],[28.218516,46.503974],[28.220632,46.496039],[28.23349,46.478339],[28.237559,46.475857],[28.241954,46.476752],[28.245372,46.475857],[28.246593,46.467475],[28.246674,46.436469],[28.245535,46.428087],[28.239675,46.4206],[28.225515,46.415595],[28.232677,46.402045],[28.228119,46.396308],[28.219168,46.393622],[28.212413,46.388983],[28.206635,46.358425],[28.201915,46.354193],[28.189871,46.351386],[28.187429,46.344062],[28.191417,46.323798],[28.192393,46.311469],[28.190847,46.308051],[28.177257,46.287299],[28.165294,46.27912],[28.155772,46.275662],[28.144216,46.27322],[28.134695,46.269599],[28.130463,46.262641],[28.133881,46.245551],[28.131602,46.240098],[28.120209,46.238105],[28.10849,46.234402],[28.110606,46.225898],[28.128835,46.204901],[28.135183,46.199083],[28.141043,46.192247],[28.144216,46.183458],[28.132742,46.160224],[28.126882,46.135565],[28.100352,46.082221],[28.092296,46.078559],[28.08961,46.073594],[28.089854,46.068305],[28.095876,46.065294],[28.096446,46.060004],[28.083914,46.024848],[28.082123,46.01496],[28.085704,46.0008],[28.109955,45.950751],[28.111908,45.93948],[28.114268,45.933458],[28.120209,45.92654],[28.124522,45.918647],[28.122325,45.911078],[28.118256,45.903388],[28.116791,45.895535],[28.11964,45.888129],[28.128673,45.875352],[28.130463,45.871649],[28.127696,45.866645],[28.11435,45.859971],[28.109955,45.854519],[28.112804,45.825548],[28.128347,45.795233],[28.145925,45.77143],[28.154552,45.76203],[28.163178,45.661729],[28.161225,45.645697],[28.167491,45.632676],[28.15325,45.627753],[28.120209,45.627997],[28.107188,45.62462],[28.09075,45.616238],[28.074229,45.605089],[28.061615,45.593858],[28.117442,45.572943],[28.140391,45.560492],[28.157237,45.539252],[28.161062,45.532986],[28.163503,45.530829],[28.164968,45.52851],[28.165457,45.494818],[28.172455,45.484646],[28.212413,45.450466]]]}},{"type":"Feature","properties":{"name":"Kuban","rank":7},"geometry":{"type":"MultiLineString","coordinates":[[[42.07252,43.24254],[42.039561,43.256374],[42.0171,43.268744],[42.009369,43.279161],[42.00823,43.300889],[41.996104,43.382676],[41.99822,43.41002],[42.016124,43.427517],[42.048595,43.445583],[42.067556,43.460395],[42.085704,43.474473],[42.098725,43.494208],[42.102306,43.504706],[42.101085,43.520941],[42.105724,43.536689],[42.133067,43.582058],[42.135834,43.596381],[42.131602,43.613959],[42.118256,43.633734],[42.10019,43.646308],[42.079031,43.652899],[41.982188,43.662462],[41.945242,43.673285],[41.933686,43.67947],[41.924734,43.687079],[41.918468,43.696397],[41.916921,43.709093],[41.916433,43.727403],[41.914236,43.743923],[41.902436,43.756537],[41.911713,43.768622],[41.925059,43.780219],[41.93157,43.784491],[41.931163,43.793769],[41.927175,43.79975],[41.921886,43.804999],[41.918468,43.811835],[41.917084,43.821357],[41.918468,43.843126],[41.913097,43.87877],[41.903087,43.913153],[41.897472,43.947577],[41.905691,43.983344],[42.046886,44.231269],[42.048839,44.237006],[42.04713,44.253038],[42.027761,44.29914],[42.052664,44.311062],[42.059337,44.327338],[42.052826,44.345649],[42.038015,44.363959],[42.018077,44.3758],[41.97226,44.385077],[41.952729,44.394639],[41.944591,44.40294],[41.942393,44.409247],[41.941905,44.416693],[41.938975,44.428778],[41.921153,44.462958],[41.918468,44.473212],[41.921804,44.485948],[41.935802,44.505316],[41.938975,44.515082],[41.936127,44.602973],[41.927175,44.624864],[41.888601,44.642686],[41.829112,44.696357],[41.817963,44.710761],[41.809093,44.728705],[41.803233,44.748481],[41.801199,44.768337],[41.80421,44.777777],[41.809581,44.784735],[41.811697,44.792019],[41.788178,44.826036],[41.780772,44.833523],[41.736908,44.852973],[41.691173,44.852403],[41.595144,44.840277],[41.421153,44.842149],[41.397227,44.847195],[41.341319,44.882921],[41.2942,44.893988],[41.28004,44.908271],[41.268647,44.926337],[41.253184,44.943386],[41.162852,44.992947],[41.148529,45.014594],[41.116466,45.084296],[41.107514,45.096055],[41.098888,45.10102],[41.091319,45.102118],[41.079112,45.106757],[41.071707,45.107856],[41.065359,45.111436],[41.06544,45.119696],[41.067556,45.128689],[41.068289,45.134548],[41.028575,45.173651],[41.015391,45.197943],[41.031668,45.233466],[41.031993,45.249945],[41.026541,45.285346],[41.028087,45.289578],[41.032156,45.292914],[41.034272,45.296902],[41.030284,45.303046],[41.015636,45.312079],[41.013601,45.31269],[41.009858,45.31863],[41.005382,45.32453],[41.001394,45.331488],[40.999278,45.340603],[41.002533,45.358751],[41.008393,45.372016],[41.008067,45.384874],[40.992442,45.402045],[40.978119,45.410102],[40.924815,45.429999],[40.903331,45.433702],[40.83546,45.422553],[40.820893,45.423285],[40.780203,45.429999],[40.767833,45.427598],[40.75644,45.423651],[40.745128,45.422919],[40.732432,45.429999],[40.710948,45.422919],[40.663666,45.430976],[40.646658,45.426296],[40.639578,45.421088],[40.631114,45.417792],[40.622,45.416124],[40.589854,45.417182],[40.584076,45.415391],[40.574718,45.408881],[40.571788,45.403388],[40.570323,45.39529],[40.5678,45.387152],[40.561046,45.381537],[40.550385,45.381374],[40.54127,45.386298],[40.532807,45.392361],[40.523529,45.395209],[40.505382,45.390448],[40.487722,45.3817],[40.470714,45.377265],[40.435802,45.395697],[40.414561,45.393866],[40.393972,45.385199],[40.37672,45.374783],[40.365245,45.362494],[40.357432,45.356228],[40.348725,45.354275],[40.342459,45.359442],[40.340017,45.37755],[40.331472,45.381537],[40.311697,45.377305],[40.298595,45.367377],[40.287201,45.356024],[40.273041,45.347439],[40.252208,45.344265],[40.170665,45.347439],[40.13974,45.336249],[40.069591,45.334093],[40.039643,45.326361],[40.028412,45.317206],[40.017182,45.305935],[40.002696,45.296251],[39.981944,45.292182],[39.961029,45.290391],[39.946707,45.28498],[39.934174,45.275458],[39.920177,45.261501],[39.911225,45.236843],[39.909923,45.234158],[39.905691,45.230821],[39.875255,45.237576],[39.862885,45.23196],[39.84075,45.214057],[39.824718,45.210273],[39.786632,45.207384],[39.715587,45.183539],[39.696869,45.182929],[39.677257,45.189765],[39.634858,45.193549],[39.612071,45.192979],[39.597179,45.182644],[39.563975,45.182318],[39.557384,45.178778],[39.54005,45.155626],[39.49114,45.125515],[39.45989,45.098456],[39.429698,45.082587],[39.387462,45.050971],[39.369395,45.042344],[39.351329,45.038926],[39.344493,45.035224],[39.336843,45.026435],[39.330496,45.01614],[39.327729,45.00788],[39.324229,45.001288],[39.315196,44.99905],[39.223643,44.987657],[39.190684,44.973904],[39.168956,44.976589],[39.147065,44.982001],[39.129161,44.98371],[39.11671,44.979193],[39.094249,44.966417],[39.077647,44.963813],[39.042247,44.96601],[39.028901,44.971015],[39.01588,44.980577],[39.008718,44.98371],[38.992686,44.982367],[38.985037,44.98371],[38.980072,44.988471],[38.973643,45.001247],[38.970795,45.004828],[38.953298,45.008857],[38.933686,45.01081],[38.920909,45.016547],[38.923106,45.032172],[38.90797,45.039822],[38.892589,45.034003],[38.877696,45.023871],[38.864757,45.018419],[38.861339,45.014228],[38.859874,45.004828],[38.855724,44.995429],[38.844249,44.991156],[38.832123,44.989773],[38.816173,44.984198],[38.806407,44.98371],[38.770112,44.997626],[38.723888,45.046983],[38.683523,45.059394],[38.639089,45.052924],[38.613048,45.052924],[38.592052,45.072211],[38.511241,45.093858],[38.502533,45.094672],[38.49171,45.093573],[38.474132,45.082221],[38.463145,45.078152],[38.4581,45.083604],[38.448985,45.099921],[38.427175,45.107856],[38.381847,45.114691],[38.358165,45.125027],[38.293061,45.169257],[38.276785,45.158881],[38.266856,45.160834],[38.257742,45.168647],[38.24407,45.175482],[38.225352,45.174384],[38.197765,45.153998],[38.174815,45.146674],[38.16212,45.136908],[38.155854,45.134548],[38.142589,45.135688],[38.13616,45.13996],[38.132742,45.145128],[38.12851,45.14879],[38.112804,45.152411],[38.043224,45.145616],[38.018972,45.131537],[38.001557,45.128363],[37.981619,45.130805],[37.947195,45.140896],[37.930105,45.142035],[37.872651,45.130154],[37.850597,45.128363],[37.835053,45.123358],[37.820811,45.114081],[37.806651,45.108466],[37.792084,45.114691],[37.794363,45.137763],[37.765391,45.147569],[37.693289,45.14879],[37.584483,45.132107],[37.546397,45.142035],[37.503429,45.169867],[37.484386,45.175482],[37.421153,45.18537],[37.405528,45.193183],[37.381358,45.212348],[37.376069,45.220404],[37.374522,45.234158],[37.375418,45.274522],[37.382091,45.307969]]]}},{"type":"Feature","properties":{"name":"Shebele","rank":7},"geometry":{"type":"MultiLineString","coordinates":[[[40.978282,7.979031],[41.015391,8.013943],[41.053966,8.028184],[41.187999,8.126899],[41.196381,8.130642],[41.20753,8.131415],[41.22934,8.130316],[41.241628,8.132595],[41.273529,8.150173],[41.314138,8.157416],[41.345795,8.148464],[41.374034,8.133734],[41.404063,8.123481],[41.42628,8.123643],[41.464447,8.133857],[41.483002,8.136542],[41.49879,8.129584],[41.512136,8.112901],[41.521983,8.092882],[41.527436,8.07571],[41.527761,8.001492],[41.53769,7.983222]]]}},{"type":"Feature","properties":{"name":"Logone","rank":7},"geometry":{"type":"MultiLineString","coordinates":[[[15.78655,7.968695],[15.8296,8.02379],[15.844005,8.054633],[15.857921,8.139472],[15.862722,8.336127],[15.857677,8.376736],[15.867849,8.413438],[15.892751,8.438666],[15.979991,8.486599],[16.003917,8.510932],[16.010997,8.514512],[16.021495,8.518093],[16.098643,8.560655],[16.14503,8.597439],[16.287364,8.640326],[16.364757,8.648505],[16.379649,8.657579],[16.392263,8.693712],[16.409353,8.70657],[16.431651,8.714626],[16.453543,8.719346],[16.490245,8.732367],[16.513194,8.753119],[16.596934,8.881049],[16.595958,8.902615],[16.592296,8.917426],[16.583995,8.930121],[16.569591,8.945339],[16.56544,8.94713],[16.560232,8.947455],[16.554454,8.948432],[16.549083,8.952094],[16.546886,8.95779],[16.545584,8.972927],[16.542247,8.980048],[16.538097,8.981147],[16.525157,8.979315],[16.520518,8.980048],[16.51824,8.983466],[16.514822,8.992987],[16.511648,8.997423],[16.489513,9.02143],[16.47047,9.053331],[16.467296,9.056749],[16.463796,9.061387],[16.460378,9.069403],[16.453543,9.096137],[16.45045,9.102118],[16.439871,9.116563],[16.435069,9.127509],[16.433767,9.136013],[16.433035,9.151394],[16.420339,9.180732],[16.378917,9.224962],[16.364757,9.246934],[16.358653,9.263536],[16.348888,9.281602],[16.337657,9.29621],[16.315196,9.308702],[16.306814,9.324042],[16.263194,9.458564],[16.219168,9.52851],[16.210216,9.53498],[16.204845,9.537055],[16.19988,9.541775],[16.193126,9.546454],[16.172537,9.550076],[16.147227,9.558417],[16.031912,9.628119],[15.912039,9.731147],[15.888113,9.740343],[15.854259,9.742784],[15.836111,9.747138],[15.823009,9.754665],[15.815196,9.771267],[15.81658,9.79031],[15.821056,9.810167],[15.823009,9.829169],[15.819835,9.842841],[15.812755,9.861029],[15.803396,9.87698],[15.792166,9.883734],[15.783214,9.887234],[15.768321,9.895616],[15.754161,9.906033],[15.747813,9.915391],[15.742117,9.926459],[15.729259,9.929307],[15.715261,9.929633],[15.706309,9.932807],[15.706472,9.94123],[15.714366,9.962673],[15.709972,9.966905],[15.7046,9.970079],[15.63738,10.030137],[15.602468,10.041124],[15.535574,10.080756],[15.489757,10.120307],[15.490245,10.124579],[15.475841,10.13288],[15.438731,10.185411],[15.300955,10.311957],[15.29005,10.329169],[15.283702,10.349473],[15.281749,10.374783],[15.277843,10.394395],[15.26824,10.406521],[15.255056,10.417263],[15.240733,10.433051],[15.226736,10.470323],[15.217703,10.487372],[15.197683,10.496649],[15.1928,10.501329],[15.186046,10.506049],[15.175548,10.508165],[15.164236,10.509223],[15.153087,10.512152],[15.143972,10.516466],[15.137706,10.521837],[15.131277,10.540839],[15.131847,10.565538],[15.13795,10.589871],[15.14796,10.607489],[15.149425,10.623318],[15.141775,10.647325],[15.065359,10.79328],[15.062511,10.830919],[15.075206,10.873643],[15.078624,10.898301],[15.072195,10.915961],[15.061941,10.930854],[15.034679,10.994818],[15.020763,11.182685],[15.027843,11.244656],[15.032888,11.260443],[15.055919,11.293565],[15.062511,11.310126],[15.061778,11.320176],[15.057302,11.325507],[15.052013,11.329942],[15.049001,11.337429],[15.049001,11.348904],[15.053722,11.364285],[15.060069,11.416287],[15.06658,11.435736],[15.075613,11.453477],[15.121837,11.503445],[15.135183,11.531033],[15.123464,11.563341],[15.095225,11.598334],[15.084727,11.616034],[15.069021,11.660956],[15.065929,11.680772],[15.0678,11.700303],[15.075613,11.721625],[15.079356,11.722764],[15.085867,11.722357],[15.09254,11.72309],[15.09669,11.727851],[15.09547,11.73432],[15.084727,11.744208],[15.083018,11.748358],[15.088634,11.757839],[15.104747,11.772895],[15.110362,11.783067],[15.085867,11.840644],[15.079356,11.851345],[15.062266,11.853624],[15.050548,11.861762],[15.043712,11.877468],[15.041515,11.902533],[15.046397,11.910346],[15.056082,11.918647],[15.062755,11.927436],[15.058849,11.937038],[15.054942,11.942694],[15.049978,11.952989],[15.047862,11.962958],[15.052013,11.967393],[15.08074,11.971788],[15.076427,11.982978],[15.059093,11.997504],[15.049001,12.012071],[15.050548,12.024441],[15.053152,12.03205],[15.052501,12.038194],[15.045177,12.04621],[15.04005,12.055854],[15.040294,12.067735],[15.044119,12.078559],[15.049001,12.084744]]]}},{"type":"Feature","properties":{"name":"Mincio","rank":7},"geometry":{"type":"MultiLineString","coordinates":[[[10.69044,45.450466],[10.69866,45.435126],[10.702159,45.422675],[10.704112,45.402045],[10.701915,45.38227],[10.705007,45.373725],[10.717784,45.367296],[10.717784,45.361111],[10.706798,45.353583],[10.706228,45.329372],[10.697276,45.320136],[10.697276,45.31269],[10.714122,45.303982],[10.715261,45.293402],[10.707449,45.282172],[10.679942,45.254177],[10.677257,45.247138],[10.676768,45.234158],[10.678966,45.217597],[10.688243,45.186591],[10.69044,45.17239],[10.69988,45.169501],[10.779307,45.168524],[10.790294,45.165595],[10.813406,45.14879],[10.841238,45.134548],[10.863048,45.117621],[10.864919,45.114691],[10.89503,45.111884],[10.927175,45.103705],[10.956309,45.090684],[10.977957,45.073065]]]}},{"type":"Feature","properties":{"name":"Niger","rank":3},"geometry":{"type":"MultiLineString","coordinates":[[[4.625743,9.864529],[4.620291,9.877143],[4.609874,9.892768],[4.589773,9.912177],[4.583507,9.940863],[4.593191,9.979438],[4.591319,10.007636],[4.581228,10.03323],[4.566417,10.058783],[4.545584,10.083808],[4.533865,10.105333],[4.529552,10.126736],[4.527599,10.141059],[4.533458,10.166612],[4.552013,10.204372],[4.555675,10.214626],[4.556895,10.220282],[4.557384,10.226426],[4.556895,10.232449],[4.555837,10.238064],[4.553966,10.242987],[4.502452,10.334662],[4.500743,10.33869],[4.499034,10.346218],[4.497325,10.363227],[4.49822,10.376003],[4.502615,10.399929],[4.513601,10.431423],[4.564138,10.525702],[4.569591,10.533026],[4.656668,10.609239]]]}},{"type":"Feature","properties":{"name":"Niger","rank":3},"geometry":{"type":"MultiLineString","coordinates":[[[0.990733,14.615017],[1.028494,14.574246],[1.056895,14.551134],[1.069998,14.537543],[1.078868,14.522162],[1.089773,14.496772],[1.131358,14.43183],[1.301931,14.276964],[1.315847,14.268826],[1.336436,14.259467],[1.355968,14.253038],[1.367686,14.253445],[1.387218,14.26321],[1.407237,14.258857],[1.425304,14.245795],[1.439138,14.229193],[1.485037,14.146999],[1.502208,14.103135],[1.514171,14.057237],[1.516287,14.03738],[1.514171,13.972235],[1.517345,13.962836],[1.531505,13.942206],[1.534679,13.93126],[1.534353,13.907742],[1.536306,13.89704],[1.541515,13.887234],[1.549571,13.881293],[1.573253,13.871894],[1.583181,13.865505],[1.586681,13.858507],[1.589285,13.849677],[1.593028,13.842068],[1.600108,13.838813],[1.705007,13.713568],[1.715587,13.696601],[1.729503,13.682807],[1.754405,13.673692],[1.764415,13.673041],[1.785411,13.674669],[1.795421,13.673692],[1.806326,13.668036],[1.829845,13.650702],[1.853038,13.640733],[1.912771,13.598578],[1.934255,13.592963],[1.976492,13.58747],[1.99407,13.578152],[2.001475,13.568061],[2.008556,13.546942],[2.014415,13.537136],[2.024587,13.529975],[2.062266,13.516669],[2.079519,13.52322],[2.100027,13.512274],[2.117198,13.492377],[2.130382,13.44835],[2.145274,13.434353],[2.163259,13.424384],[2.178966,13.413031],[2.185476,13.399726],[2.191091,13.381659],[2.198497,13.365831],[2.209972,13.358995],[2.232351,13.354682],[2.254893,13.34394],[2.324229,13.298041],[2.346853,13.27619],[2.361013,13.245917],[2.370291,13.009955],[2.364513,12.958075],[2.36671,12.936103],[2.375987,12.897488],[2.378184,12.875515],[2.386729,12.860419],[2.424327,12.834093],[2.438243,12.802924],[2.462169,12.795274],[2.46754,12.786689],[2.469493,12.776923],[2.478526,12.755072],[2.481863,12.740994],[2.487234,12.734158],[2.488048,12.729031],[2.485606,12.722357],[2.476573,12.713487],[2.473806,12.707872],[2.469737,12.689399],[2.470225,12.682563],[2.473806,12.673774],[2.508556,12.652655],[2.517345,12.648505],[2.523448,12.648993],[2.526866,12.646186],[2.527761,12.632148],[2.520925,12.613796],[2.507823,12.603339],[2.498302,12.591905],[2.50172,12.570746],[2.508718,12.560736],[2.527599,12.545437],[2.535167,12.537218],[2.548025,12.506293],[2.555675,12.495632],[2.564464,12.516913],[2.577322,12.540147],[2.593191,12.561632],[2.611013,12.577582],[2.61614,12.574652],[2.619558,12.571723],[2.622,12.568427],[2.623953,12.564521],[2.628103,12.552598],[2.628103,12.52558],[2.631358,12.515489],[2.671804,12.515489],[2.672537,12.513129],[2.677745,12.510321],[2.683849,12.511013],[2.686697,12.519232],[2.687999,12.52497],[2.691173,12.532253],[2.695486,12.539008],[2.699718,12.543402],[2.709402,12.54621],[2.718272,12.542914],[2.725027,12.5338],[2.72755,12.519232],[2.727957,12.493964],[2.731619,12.465847],[2.742442,12.442979],[2.764822,12.433539],[2.786306,12.429145],[2.822032,12.40766],[2.843679,12.399441],[2.891612,12.357286],[2.91212,12.346503],[2.922048,12.335801],[2.929942,12.323432],[2.93629,12.301052],[2.944509,12.292589],[2.955496,12.286973],[2.967214,12.282742],[3.000499,12.279079],[3.0088,12.276475],[3.012462,12.271267],[3.022227,12.252631],[3.062755,12.193956],[3.234793,12.03974],[3.237804,12.034369],[3.251475,12.024278],[3.254649,12.018907],[3.257009,11.997585],[3.262136,11.97488],[3.269298,11.956651],[3.292247,11.918891],[3.306407,11.902533],[3.314952,11.894721],[3.327159,11.886542],[3.341075,11.883083],[3.354503,11.889228],[3.368663,11.897488],[3.3803,11.895209],[3.391043,11.888983],[3.402354,11.885443],[3.447032,11.858181],[3.483653,11.845323],[3.494802,11.837714],[3.50294,11.830146],[3.536388,11.783067],[3.543142,11.777289],[3.548595,11.773953],[3.553233,11.769843],[3.556895,11.76199],[3.562022,11.746161],[3.565603,11.738552],[3.567556,11.729763],[3.571218,11.721991],[3.5796,11.717475],[3.588796,11.701687],[3.617442,11.680772],[3.627615,11.666938],[3.631277,11.65001],[3.634451,11.643256],[3.642507,11.636664],[3.712413,11.600043],[3.72755,11.595486],[3.837413,11.575873],[3.851329,11.569892],[3.857432,11.565294],[3.90919,11.512152],[3.918468,11.508572],[3.933279,11.50727],[3.948009,11.508409],[3.957205,11.512152],[3.96461,11.513617],[3.973562,11.508124],[3.98821,11.494452],[4.048839,11.464464],[4.067068,11.460313],[4.079275,11.455349],[4.090994,11.443549],[4.110362,11.41946],[4.115489,11.414618],[4.116954,11.412462],[4.122,11.400214],[4.124278,11.374579],[4.129568,11.372016],[4.144054,11.361111],[4.177175,11.345038],[4.186046,11.338935],[4.193614,11.331407],[4.200125,11.322211],[4.214041,11.291612],[4.221446,11.282538],[4.247488,11.260321],[4.255056,11.251736],[4.279226,11.212958],[4.294607,11.196601],[4.314952,11.189154],[4.368582,11.189724],[4.424246,11.182237],[4.448171,11.176093],[4.471609,11.167304],[4.513357,11.142686],[4.514334,11.138617],[4.573904,11.100206],[4.586355,11.088446],[4.595714,11.075466],[4.626231,11.013943],[4.656016,10.967963],[4.668875,10.956488],[4.700613,10.938178],[4.721446,10.913601],[4.723888,10.879503],[4.690603,10.700995],[4.690929,10.663194],[4.689138,10.64586],[4.681326,10.632432],[4.656179,10.607204]],[[4.625743,9.864529],[4.65032,9.718695],[4.647634,9.709906],[4.628103,9.704413],[4.622813,9.699246],[4.619802,9.691677],[4.615652,9.666449],[4.597423,9.627224],[4.572439,9.585639],[4.56837,9.553656],[4.57366,9.521796],[4.608816,9.444403],[4.616222,9.415107],[4.618907,9.377265],[4.617686,9.358018],[4.618826,9.358222],[4.619802,9.358669],[4.620535,9.359239],[4.621104,9.360134],[4.621511,9.341376],[4.625011,9.324774],[4.633474,9.310736],[4.648692,9.299831],[4.664561,9.293728],[4.71461,9.285427],[4.742605,9.27497],[4.754812,9.254584],[4.756033,9.227851],[4.750662,9.198513],[4.752452,9.168321],[4.770763,9.148749],[4.798595,9.139919],[4.829356,9.141954],[4.869802,9.154079],[4.914317,9.179145],[4.979177,9.199774],[4.992849,9.199774],[5.00587,9.196601],[5.030772,9.185248],[5.032156,9.179877],[5.049734,9.171658],[5.083181,9.148749],[5.135671,9.124132],[5.150157,9.113349],[5.167166,9.09101],[5.184337,9.073188],[5.18922,9.06269],[5.189871,9.052354],[5.18922,9.041693],[5.190196,9.0303],[5.197439,9.01671],[5.209483,9.008368],[5.224376,9.003852],[5.319509,8.988349],[5.386485,8.992377],[5.401052,8.989529],[5.413097,8.983344],[5.423595,8.975124],[5.442068,8.95657],[5.453868,8.947048],[5.466238,8.94123],[5.479666,8.938341],[5.510265,8.936713],[5.524425,8.934149],[5.538015,8.92947],[5.55128,8.921942],[5.557302,8.917019],[5.570242,8.900214],[5.591563,8.882148],[5.600597,8.87226],[5.608409,8.861843],[5.617849,8.844346],[5.621349,8.839219],[5.634288,8.829047],[5.650076,8.823839],[5.707937,8.822292],[5.715587,8.821072],[5.737559,8.812608],[5.746023,8.811225],[5.7588,8.790107],[5.773692,8.77086],[5.78419,8.752387],[5.790538,8.745795],[5.802419,8.741807],[5.855642,8.742621],[5.899669,8.735867],[5.914561,8.73546],[5.926524,8.738064],[5.958181,8.752875],[5.982677,8.757595],[6.092459,8.758612],[6.107921,8.756212],[6.122732,8.750556],[6.153005,8.721991],[6.160655,8.719346],[6.259939,8.738389],[6.277354,8.736762],[6.284597,8.730658],[6.321707,8.705675],[6.341726,8.702582],[6.357677,8.693956],[6.370535,8.680976],[6.395274,8.639675],[6.396007,8.621405],[6.397878,8.613308],[6.413341,8.582058],[6.415782,8.574042],[6.421316,8.572821],[6.424978,8.564276],[6.427175,8.555609],[6.429698,8.526231],[6.442638,8.478135],[6.465343,8.431749],[6.473399,8.427761],[6.572276,8.353624],[6.583914,8.340277],[6.622976,8.27794],[6.660655,8.238064],[6.672862,8.231879],[6.674001,8.226508],[6.688487,8.213568],[6.704112,8.177558],[6.714529,8.160834],[6.740489,8.129665],[6.762706,8.095486],[6.770681,8.078721],[6.776296,8.062812],[6.798106,7.936632]]]}},{"type":"Feature","properties":{"name":"Sio","rank":7},"geometry":{"type":"MultiLineString","coordinates":[[[18.043224,46.916531],[18.055431,46.907538],[18.078298,46.900946],[18.139415,46.89293],[18.234141,46.86404],[18.253835,46.855048],[18.262218,46.84455],[18.271414,46.836046],[18.398611,46.763943],[18.440196,46.750515],[18.481944,46.745185],[18.561697,46.754177],[18.579763,46.752956],[18.596446,46.747382],[18.612071,46.735948],[18.625987,46.717312],[18.632335,46.695868],[18.629161,46.677069],[18.622732,46.658759],[18.616222,46.622341],[18.602712,46.585476],[18.598643,46.566474],[18.598888,46.545233],[18.604259,46.523139],[18.616222,46.505886],[18.636241,46.498847],[18.648448,46.488837],[18.65211,46.466498],[18.65325,46.429877],[18.646495,46.427436],[18.639822,46.422431],[18.634776,46.41531],[18.632823,46.406033],[18.635753,46.398017],[18.643077,46.395453],[18.663503,46.39643],[18.738699,46.382148],[18.743419,46.379259],[18.761241,46.365668],[18.769298,46.361029],[18.803477,46.361029],[18.803477,46.359239],[18.807384,46.354926],[18.812918,46.35045],[18.817638,46.347968],[18.817638,46.35045],[18.822439,46.354926],[18.828136,46.359198],[18.831472,46.361029],[18.840505,46.358954],[18.847097,46.356309],[18.851003,46.351142],[18.85198,46.341132],[18.864513,46.345771],[18.87794,46.347724],[18.906505,46.347968]]]}},{"type":"Feature","properties":{"name":"Sobat","rank":7},"geometry":{"type":"MultiLineString","coordinates":[[[33.207774,8.438178],[33.195079,8.442247],[33.159597,8.44127],[33.146983,8.445624],[33.149018,8.456244],[33.156749,8.474799],[33.160248,8.492377],[33.149994,8.500271],[33.133881,8.502021],[33.122162,8.507432],[33.115245,8.516954],[33.112804,8.530951],[33.112885,8.565456],[33.105072,8.572699],[33.084972,8.561713],[33.080577,8.573106],[33.075776,8.600531],[33.0678,8.613552],[33.062104,8.617865],[33.054291,8.621609],[33.046397,8.622992],[33.040131,8.620388],[33.032481,8.613227],[33.029063,8.613593],[33.02532,8.6164],[32.991628,8.617255],[32.978526,8.615098],[32.965017,8.606391],[32.958507,8.59516],[32.954194,8.58157],[32.947683,8.569159],[32.934662,8.561713],[32.927989,8.597683],[32.920339,8.611436],[32.903087,8.61697],[32.868907,8.61697],[32.858328,8.61994],[32.839122,8.633612],[32.831065,8.637478],[32.824962,8.63585],[32.820079,8.631171],[32.817312,8.626247],[32.817393,8.623806],[32.811941,8.625434],[32.802338,8.630235],[32.786388,8.632188],[32.77532,8.635606],[32.766368,8.63406],[32.762787,8.620388],[32.758393,8.61518],[32.74879,8.610704],[32.739187,8.609442],[32.734793,8.613552],[32.732514,8.624294],[32.720795,8.648708],[32.714936,8.657904],[32.702891,8.652615],[32.691173,8.650987],[32.680919,8.654608],[32.67335,8.66474],[32.672537,8.679714],[32.679861,8.69184],[32.689464,8.701483],[32.693858,8.709093],[32.696218,8.710069],[32.701182,8.7213],[32.704845,8.733344],[32.704112,8.736762],[32.715912,8.748358],[32.719656,8.756293],[32.716238,8.765489],[32.70753,8.780829],[32.692882,8.797919],[32.671804,8.811062],[32.64739,8.819403],[32.622488,8.822374],[32.602143,8.832384],[32.595795,8.855902],[32.591726,8.883124],[32.577729,8.904324],[32.570811,8.889716],[32.561127,8.876532],[32.54713,8.867011],[32.526541,8.863349],[32.51946,8.865343],[32.511322,8.870225],[32.504812,8.876044],[32.501964,8.881049],[32.503347,8.910671],[32.501964,8.918565],[32.493175,8.925482],[32.485444,8.924343],[32.47755,8.920274],[32.467865,8.918565],[32.467865,8.918321],[32.459483,8.918158],[32.454194,8.918565],[32.448741,8.925116],[32.44337,8.929633],[32.437511,8.931667],[32.414561,8.936387],[32.401785,8.949652],[32.39739,8.969509],[32.399669,8.99433],[32.408376,9.031521],[32.406179,9.05268],[32.378673,9.068223],[32.368663,9.098822],[32.351817,9.110419],[32.281505,9.108588],[32.269216,9.113471],[32.265066,9.124701],[32.255382,9.119574],[32.238536,9.099799],[32.229584,9.095649],[32.220632,9.098741],[32.200125,9.117743],[32.194021,9.126247],[32.193126,9.13703],[32.20045,9.151394],[32.173106,9.166327],[32.16627,9.17182],[32.162527,9.180935],[32.160248,9.192247],[32.15683,9.201931],[32.149425,9.206],[32.125011,9.21072],[32.127533,9.222602],[32.135183,9.238105],[32.125255,9.25377],[32.115245,9.256049],[32.107351,9.252509],[32.09962,9.247911],[32.090587,9.246934],[32.085704,9.247097],[32.074474,9.245917],[32.070079,9.246934],[32.068777,9.25141],[32.070567,9.264675],[32.061127,9.272813],[32.043549,9.296739],[32.033376,9.302191],[32.009939,9.303412],[31.98878,9.308417],[31.953298,9.322577],[31.934093,9.327948],[31.887706,9.334296],[31.873627,9.34394],[31.862804,9.355089],[31.851003,9.363593],[31.830089,9.36518],[31.825857,9.350206],[31.825125,9.331732],[31.813731,9.322618],[31.794851,9.32807],[31.786143,9.327745],[31.782725,9.319281],[31.781749,9.306952],[31.778575,9.301052],[31.772227,9.298041],[31.762218,9.294745],[31.756602,9.294745],[31.744884,9.300605],[31.738292,9.302191],[31.731619,9.298896],[31.725841,9.284695],[31.720632,9.281684],[31.706635,9.287543],[31.684093,9.310655],[31.669444,9.315863],[31.616303,9.319892],[31.591319,9.32807],[31.576671,9.343126],[31.592052,9.349636],[31.596772,9.360175],[31.591238,9.370795],[31.576671,9.377265],[31.563731,9.374132],[31.552257,9.366807],[31.542898,9.364691],[31.536225,9.377265]],[[33.030691,7.996446],[33.043224,8.013617],[33.100108,8.071234],[33.105968,8.080675],[33.110769,8.090847],[33.112804,8.099311],[33.116954,8.104315],[33.146983,8.109198],[33.164154,8.117255],[33.176768,8.127305],[33.184662,8.141221],[33.187266,8.161078],[33.184093,8.166449],[33.170502,8.176134],[33.16741,8.181505],[33.167735,8.195583],[33.169444,8.205675],[33.173432,8.214789],[33.181082,8.225898],[33.190033,8.232611],[33.199474,8.235663],[33.206309,8.240912],[33.207774,8.253852],[33.194347,8.259385],[33.185313,8.264716],[33.177989,8.275906],[33.170828,8.283271],[33.163829,8.292914],[33.160655,8.304755],[33.162608,8.312201],[33.171316,8.331081],[33.173595,8.343207],[33.171804,8.346706],[33.16269,8.353095],[33.160655,8.356269],[33.161225,8.36168],[33.16627,8.368476],[33.16741,8.372992],[33.167247,8.38996],[33.168956,8.397569],[33.173595,8.404649],[33.187266,8.4112],[33.202403,8.414333],[33.209727,8.420966],[33.200857,8.438178]]]}},{"type":"Feature","properties":{"name":"Hindiyah Channel","rank":7},"geometry":{"type":"MultiLineString","coordinates":[[[44.353933,32.240994],[44.358816,32.210395],[44.373953,32.180772],[44.377696,32.159044],[44.384939,32.14171],[44.401785,32.12405],[44.433035,32.100694],[44.497325,32.079128],[44.512299,32.066596],[44.521576,32.060899],[44.531016,32.053087],[44.535411,32.04328],[44.536388,32.029853],[44.53948,32.020697],[44.549734,32.005723],[44.556407,31.999457],[44.577159,31.984198],[44.583751,31.97781],[44.588878,31.965155],[44.588308,31.954657],[44.58546,31.944607],[44.583751,31.933132],[44.597341,31.905463],[44.598562,31.891181],[44.601329,31.883328],[44.611095,31.867947],[44.61435,31.866156],[44.621186,31.863552],[44.62794,31.85989],[44.63144,31.854926],[44.628998,31.850653],[44.615489,31.844346],[44.611095,31.840644],[44.606537,31.834296],[44.602306,31.829779],[44.598888,31.822943],[44.597341,31.809882],[44.60198,31.789252],[44.609386,31.774929],[44.610932,31.761786],[44.597341,31.745063],[44.572276,31.724799],[44.566824,31.712755],[44.562592,31.674994],[44.563243,31.614691]]]}},{"type":"Feature","properties":{"name":"Shatt al Hillah","rank":7},"geometry":{"type":"MultiLineString","coordinates":[[[44.268484,32.731309],[44.281016,32.717841],[44.315929,32.693915],[44.3296,32.663601],[44.341807,32.653144],[44.348155,32.643175],[44.337413,32.628241],[44.347667,32.622178],[44.363048,32.60574],[44.37086,32.601589],[44.381277,32.605292],[44.392345,32.612372],[44.401378,32.613227],[44.404877,32.598171],[44.407644,32.578803],[44.437999,32.484646],[44.458588,32.452094],[44.488699,32.427436],[44.529063,32.409776],[44.666026,32.394395],[44.686697,32.395535],[44.695323,32.400662],[44.7046,32.4088],[44.715261,32.413886],[44.727794,32.409776],[44.734304,32.399359],[44.733653,32.37519],[44.737885,32.364529],[44.78297,32.299913],[44.792084,32.292914],[44.809093,32.288194],[44.817149,32.278835],[44.805431,32.261054],[44.807628,32.233466],[44.823985,32.176378],[44.824229,32.152167],[44.809662,32.070014],[44.825694,32.057074],[44.896088,32.030219],[44.953054,31.97781],[44.959727,31.974555],[44.966726,31.974311],[44.971934,31.971503],[44.974132,31.960761],[44.974701,31.944037],[44.976654,31.937038],[44.980968,31.929389],[44.955984,31.880683],[44.94337,31.864529],[44.940684,31.848985],[44.951182,31.830919],[44.974132,31.806464],[44.98406,31.788845],[44.988048,31.771552],[44.987885,31.727362],[44.99407,31.714708],[45.024913,31.679267],[45.036225,31.669298],[45.045828,31.664822],[45.063487,31.659125],[45.070323,31.655626],[45.076589,31.646755],[45.081147,31.635199],[45.087983,31.62519],[45.114757,31.614569],[45.163585,31.567491],[45.174571,31.551785],[45.180186,31.545762],[45.19101,31.539171],[45.213308,31.529649],[45.274669,31.486396],[45.29005,31.4713],[45.298269,31.456651],[45.316824,31.402411],[45.279226,31.382921],[45.262218,31.381293],[45.250011,31.385443],[45.237722,31.392198],[45.223725,31.39529],[45.207042,31.388129]]]}},{"type":"Feature","properties":{"name":null,"rank":7},"geometry":{"type":"MultiLineString","coordinates":[[[27.986501,45.292182],[28.041108,45.258246],[28.075287,45.248114],[28.109955,45.258083],[28.11671,45.253933],[28.122081,45.24962],[28.12672,45.244412],[28.130463,45.237576],[28.117686,45.224311],[28.102794,45.203396],[28.097585,45.184027],[28.113373,45.175482],[28.131847,45.171413],[28.152354,45.16116],[28.169363,45.147773],[28.177745,45.134548],[28.174083,45.121446],[28.162608,45.108181],[28.147553,45.097764],[28.133881,45.093573],[28.131277,45.088894],[28.137299,45.056342],[28.138438,45.053656],[28.140717,45.051703],[28.143077,45.048611],[28.144216,45.04267],[28.142182,45.036322],[28.132823,45.025458],[28.130463,45.018419],[28.140717,44.982245],[28.141124,44.959662],[28.127045,44.94953],[28.123953,44.944688],[28.124929,44.900336],[28.126475,44.895616],[28.124766,44.891466],[28.116791,44.881293],[28.089936,44.855902],[28.079845,44.840644],[28.075857,44.816718],[28.069835,44.795762],[28.054617,44.776882],[28.034434,44.763129],[28.013764,44.757758],[27.994721,44.760932],[27.964936,44.77501],[27.945567,44.778266],[27.926362,44.777655],[27.90919,44.77497],[27.894542,44.768866],[27.883556,44.757758]]]}},{"type":"Feature","properties":{"name":"Euphrates","rank":3},"geometry":{"type":"MultiLineString","coordinates":[[[40.992605,34.428494],[41.006114,34.430772],[41.045828,34.406846],[41.057628,34.403428],[41.066417,34.398139],[41.092784,34.37462],[41.105724,34.36933],[41.161225,34.374132],[41.191824,34.38227],[41.219005,34.396023],[41.219005,34.403428],[41.178152,34.417751],[41.178152,34.423936],[41.191661,34.429999],[41.223888,34.449164],[41.239513,34.451239],[41.249929,34.441514],[41.257091,34.426093],[41.26767,34.416327],[41.288015,34.423936],[41.292003,34.431098],[41.290131,34.43891],[41.287039,34.44599],[41.288015,34.451239],[41.296967,34.456814],[41.303315,34.456081],[41.308686,34.452908],[41.315196,34.451239],[41.328298,34.450466],[41.343679,34.446804],[41.358409,34.440253],[41.369721,34.430772],[41.380789,34.446112],[41.397227,34.437079],[41.415538,34.423163],[41.431895,34.423936],[41.42921,34.435818],[41.41269,34.447699],[41.403819,34.459784],[41.424408,34.472357],[41.434174,34.465155],[41.445567,34.458686],[41.43808,34.451239],[41.451101,34.428168],[41.464854,34.422187],[41.500092,34.430772],[41.501069,34.43183],[41.503835,34.43419],[41.507904,34.43655],[41.513927,34.437567],[41.517589,34.435492],[41.523204,34.430772],[41.527354,34.426134],[41.527436,34.423936],[41.539236,34.426093],[41.545502,34.429958],[41.549408,34.434272],[41.554779,34.437567],[41.565929,34.439521],[41.574636,34.43891],[41.58196,34.439521],[41.588878,34.445014],[41.590017,34.45364],[41.585053,34.461534],[41.583588,34.469794],[41.595144,34.479193],[41.611339,34.479519],[41.670909,34.458686],[41.690847,34.453884],[41.71339,34.456488],[41.735362,34.466905],[41.763194,34.486029],[41.769542,34.491767],[41.772878,34.500556],[41.773936,34.51671],[41.780284,34.521552],[41.794851,34.514472],[41.818289,34.495917],[41.834076,34.478217],[41.842052,34.474555],[41.856456,34.472357],[41.881765,34.478787],[41.89739,34.480658],[41.91505,34.467068],[41.967784,34.471706],[41.986827,34.458686],[41.979421,34.451239],[42.012625,34.407904],[42.030365,34.389268],[42.055105,34.36933],[42.125255,34.332465],[42.130951,34.324815],[42.130056,34.297309],[42.144542,34.279242],[42.176768,34.287299],[42.229503,34.314073],[42.244721,34.314887],[42.249278,34.314154],[42.246837,34.290798],[42.251964,34.273546],[42.263927,34.266791],[42.277599,34.271267],[42.288503,34.28738],[42.282725,34.305609],[42.286225,34.327989],[42.296886,34.346991],[42.311697,34.355048],[42.323009,34.353705],[42.335704,34.349636],[42.345714,34.342393],[42.349864,34.331732],[42.384044,34.320909],[42.387787,34.308214],[42.385346,34.290107],[42.37794,34.273953],[42.366954,34.266913],[42.344819,34.264594],[42.325125,34.25727],[42.313406,34.244574],[42.315196,34.225898],[42.327403,34.214219],[42.348399,34.202948],[42.37086,34.194525],[42.387462,34.191189],[42.382091,34.181952],[42.384044,34.116034],[42.3803,34.109809],[42.374441,34.103868],[42.370046,34.097113],[42.371023,34.088162],[42.377452,34.084296],[42.399669,34.076931],[42.404552,34.071357],[42.406179,34.05329],[42.412039,34.032904],[42.424571,34.016954],[42.446056,34.012397],[42.456309,34.017279],[42.480479,34.038153],[42.493907,34.047187],[42.505626,34.037421],[42.510346,34.025702],[42.513601,34.012885],[42.5206,33.999376],[42.530528,33.990343],[42.549083,33.98078],[42.555919,33.971462],[42.561046,33.947699],[42.556244,33.925727],[42.542491,33.907782],[42.5206,33.896308],[42.528412,33.889187],[42.533214,33.881944],[42.533376,33.875067],[42.528087,33.869005],[42.53655,33.859931],[42.551687,33.852566],[42.568614,33.84809],[42.582612,33.847968],[42.599132,33.856635],[42.605072,33.870144],[42.608409,33.88463],[42.61671,33.896308],[42.644054,33.901679],[42.679454,33.895616],[42.733409,33.875841],[42.759288,33.853461],[42.752859,33.836453],[42.733165,33.821845],[42.719249,33.806952],[42.7199,33.79088],[42.729421,33.780382],[42.740733,33.773017],[42.747162,33.765977],[42.747488,33.746649],[42.738862,33.736518],[42.725841,33.729275],[42.712413,33.718207],[42.718842,33.712429],[42.726736,33.707221],[42.747162,33.697781],[42.762136,33.704535],[42.778412,33.692694],[42.801768,33.663601],[42.850027,33.635769],[42.863862,33.622626],[42.887462,33.578233],[42.926768,33.548163],[42.930756,33.542304],[42.93214,33.529853],[42.937266,33.528754],[42.963145,33.529568],[42.973725,33.526435],[42.990652,33.536078],[43.010997,33.532579],[43.030772,33.521674],[43.065684,33.493842],[43.075694,33.501044],[43.083588,33.518337],[43.097179,33.533271],[43.118744,33.536973],[43.139578,33.53144],[43.168875,33.518988],[43.234467,33.4737],[43.24879,33.460313],[43.264659,33.449164],[43.284679,33.444444],[43.308035,33.449042],[43.341319,33.46837],[43.356619,33.471788],[43.365164,33.468614],[43.37794,33.456],[43.384532,33.45128],[43.389903,33.451117],[43.395274,33.453192],[43.398529,33.455919],[43.398204,33.457546],[43.404307,33.454779],[43.412039,33.446316],[43.41505,33.444444],[43.423106,33.446885],[43.430919,33.45071],[43.436697,33.450466],[43.439138,33.440741],[43.444347,33.428005],[43.456065,33.425116],[43.4699,33.425727],[43.480724,33.423407],[43.480724,33.430854],[43.486908,33.430854],[43.480479,33.415107],[43.483897,33.407009],[43.494884,33.403998],[43.511241,33.40351],[43.52711,33.405097],[43.536143,33.409247],[43.555268,33.423407],[43.559093,33.410346],[43.566417,33.400824],[43.575287,33.397569],[43.583914,33.40351],[43.597341,33.397406],[43.606619,33.388007],[43.610606,33.37934],[43.607677,33.375556],[43.630463,33.373481],[43.641043,33.379218],[43.644623,33.396674],[43.668956,33.388292],[43.693451,33.372097],[43.714285,33.352647],[43.727143,33.334581],[43.73463,33.334581],[43.736746,33.34394],[43.74114,33.351508],[43.747325,33.354315],[43.754487,33.348904],[43.757335,33.337836],[43.75587,33.311306],[43.761322,33.300482],[43.766612,33.299587],[43.77825,33.306098],[43.785248,33.303575],[43.789561,33.298774],[43.79241,33.291571],[43.799897,33.278266],[43.803966,33.259955],[43.808523,33.252061],[43.815929,33.252061],[43.815929,33.25727],[43.817393,33.258328],[43.815929,33.265692],[43.836681,33.260688],[43.842296,33.244208],[43.841401,33.223253],[43.843272,33.204901],[43.860932,33.182807],[43.878998,33.181749],[43.88795,33.192247],[43.878022,33.204901],[43.90683,33.212185],[43.922944,33.193671],[43.93629,33.168524],[43.956147,33.155829],[43.964122,33.157904],[43.971934,33.167344],[43.980479,33.170193],[43.988862,33.169501],[43.995616,33.16706],[44.000662,33.164496],[44.004405,33.163275],[44.019623,33.160427],[44.05364,33.146755],[44.069835,33.142198],[44.069835,33.136013],[44.047944,33.139228],[44.040294,33.13703],[44.035655,33.129177],[44.048106,33.127305],[44.059093,33.121161],[44.066905,33.112982],[44.069835,33.104926],[44.07545,33.099392],[44.102143,33.089423],[44.11085,33.080756],[44.097179,33.080756],[44.124522,33.054063],[44.138438,33.030829],[44.146414,33.025743],[44.158621,33.032335],[44.174408,33.00141],[44.178396,32.986274],[44.179698,32.964057],[44.174897,32.944607],[44.175304,32.934353],[44.183116,32.929958],[44.195242,32.929023],[44.202159,32.925605],[44.205496,32.918402],[44.206472,32.906317],[44.214936,32.888617],[44.253022,32.879462],[44.261648,32.865058],[44.264252,32.846747],[44.270925,32.831814],[44.289561,32.799628],[44.278819,32.785183],[44.2706,32.75963],[44.26588,32.735297],[44.265066,32.724473],[44.255626,32.716173],[44.220307,32.607693],[44.222585,32.570258],[44.239187,32.536322],[44.295421,32.466579],[44.302419,32.446479],[44.292979,32.426581],[44.288015,32.410102],[44.295421,32.389228],[44.316335,32.35456],[44.333588,32.295844],[44.340424,32.286241],[44.35434,32.274604],[44.353933,32.248236],[44.343516,32.203721],[44.344656,32.182929],[44.357188,32.118028],[44.360932,32.112006],[44.388113,32.088487],[44.3921,32.076036],[44.394949,32.062323],[44.398204,32.052924],[44.430593,32.021267],[44.446707,32.001899],[44.453298,31.980902],[44.454845,31.97248],[44.458263,31.96369],[44.463634,31.955024],[44.47047,31.946804],[44.477794,31.935655],[44.479421,31.925645],[44.479096,31.915066],[44.485444,31.878852],[44.487559,31.816433],[44.491303,31.799343],[44.498953,31.78323],[44.504161,31.765937],[44.501231,31.745063],[44.496511,31.740302],[44.479015,31.726833],[44.473888,31.717719],[44.474213,31.704454],[44.484874,31.686306],[44.487559,31.672716],[44.494233,31.659247],[44.510509,31.644599],[44.549734,31.620917],[44.614024,31.600124],[44.624604,31.59044],[44.626882,31.577419],[44.632416,31.571641],[44.640147,31.568468],[44.648692,31.562852],[44.679291,31.525336],[44.6928,31.516181],[44.739757,31.495225],[44.758556,31.491156],[44.764659,31.486884],[44.769786,31.478827],[44.776541,31.468126],[44.786143,31.463894],[44.789154,31.463894],[44.798757,31.476833],[44.81544,31.486029],[44.834727,31.490994],[44.851736,31.491156],[44.864024,31.485867],[44.875255,31.476142],[44.892833,31.457058],[44.905772,31.445665],[44.919526,31.43655],[44.934988,31.430691],[44.953054,31.429145],[44.960867,31.431667],[44.976736,31.441474],[44.987885,31.443386],[44.997,31.440945],[45.002696,31.436062],[45.007091,31.43122],[45.011729,31.429145],[45.019542,31.427069],[45.035737,31.418077],[45.045909,31.416083],[45.054698,31.41706],[45.070811,31.421332],[45.11614,31.428087],[45.132498,31.428005],[45.165538,31.411648],[45.184581,31.408311],[45.200287,31.401801],[45.21046,31.37641],[45.237641,31.327663]],[[45.237641,31.327663],[45.249278,31.331814],[45.257416,31.333564],[45.269054,31.333523],[45.301524,31.327501],[45.336436,31.325507],[45.409272,31.309841],[45.440359,31.298774],[45.451264,31.300645],[45.466889,31.305203]],[[45.237641,31.327663],[45.237804,31.327338],[45.234874,31.326687],[45.237641,31.327663]],[[45.463145,31.305203],[45.474539,31.30744],[45.48463,31.302517],[45.493175,31.296454],[45.503429,31.293565],[45.525645,31.292548],[45.531993,31.287787],[45.531668,31.276231],[45.529226,31.262722],[45.529063,31.251573],[45.549571,31.210639],[45.566661,31.203233],[45.578298,31.20128],[45.583751,31.206895],[45.593761,31.213813],[45.616791,31.206163],[45.666515,31.1789],[45.687429,31.162177],[45.706472,31.173407],[45.724701,31.177924],[45.743175,31.176378],[45.762462,31.169623],[45.766205,31.166042],[45.77825,31.157823],[45.790701,31.152859],[45.796641,31.1588],[45.802257,31.16238],[45.814952,31.16116],[45.86085,31.148301],[45.873546,31.143134],[45.878998,31.138292],[45.883718,31.130642],[45.894542,31.128689],[45.90797,31.129014],[45.920177,31.128038],[45.943858,31.121894],[45.97462,31.121365],[45.985444,31.119452],[45.99586,31.114366],[46.000987,31.122016],[46.008556,31.125841],[46.029307,31.128038],[46.040538,31.126288],[46.049571,31.121609],[46.056244,31.116726],[46.060313,31.114366],[46.086518,31.09044],[46.095225,31.076239],[46.104421,31.071885],[46.168549,31.055284],[46.251964,31.04446],[46.283783,31.02501],[46.302989,31.003241],[46.310476,30.997097],[46.363048,30.965399],[46.427175,30.949978],[46.467377,30.901801],[46.47877,30.894721],[46.489757,30.892686],[46.511485,30.883653],[46.523448,30.881659],[46.536143,30.884304],[46.547374,30.890408],[46.564464,30.902167],[46.74822,30.961778],[46.95045,30.959825],[46.972097,30.962185],[46.992279,30.973497],[47.009044,30.979315],[47.031749,30.978298],[47.117931,30.964952],[47.163259,30.963568],[47.233897,30.9713],[47.25587,30.970404],[47.266531,30.965888],[47.286143,30.952094],[47.297374,30.949978],[47.307058,30.954901],[47.314708,30.972724],[47.320893,30.97663],[47.336436,30.979926],[47.410574,31.011013],[47.43336,31.016425],[47.453217,31.01496],[47.461925,31.0008],[47.462413,30.991645],[47.463634,30.983222],[47.468516,30.968451]]]}},{"type":"Feature","properties":{"name":null,"rank":7},"geometry":{"type":"MultiLineString","coordinates":[[[30.754893,30.76435],[30.684988,30.873603],[30.409434,31.099473],[30.317475,31.122423],[30.168386,31.137763],[30.045665,31.187567],[29.958263,31.249376]]]}},{"type":"Feature","properties":{"name":"Dordogne","rank":8},"geometry":{"type":"MultiLineString","coordinates":[[[2.754893,45.593858],[2.730968,45.595242],[2.696056,45.610541],[2.639903,45.617621],[2.618907,45.617987],[2.597341,45.614325],[2.588796,45.610216],[2.552664,45.585761],[2.534597,45.574327],[2.531505,45.57331],[2.523448,45.563788],[2.520763,45.518826],[2.515391,45.504462],[2.520763,45.485907],[2.51531,45.463731],[2.506358,45.440619],[2.50172,45.419135],[2.496023,45.405463],[2.481212,45.39704],[2.461192,45.393622],[2.439708,45.395209],[2.420095,45.401801],[2.383718,45.419013],[2.361095,45.422553],[2.352712,45.419745],[2.35198,45.41295],[2.355968,45.405097],[2.368419,45.390082],[2.370291,45.383653],[2.368419,45.376899],[2.360362,45.359198],[2.344168,45.340603],[2.339854,45.338446],[2.320079,45.323676],[2.319835,45.320136],[2.312266,45.315782],[2.305186,45.296495],[2.299001,45.292182],[2.286876,45.29088],[2.277517,45.287543],[2.261485,45.27912],[2.257253,45.278876],[2.255056,45.281114],[2.252615,45.282416],[2.247813,45.27912],[2.245535,45.275824],[2.242686,45.268378],[2.230886,45.248887],[2.22462,45.240994],[2.216807,45.237576],[2.144786,45.23074],[2.13795,45.232001],[2.126231,45.236599],[2.121023,45.237576],[2.114187,45.235419],[2.108165,45.23074],[2.104259,45.22602],[2.103933,45.223944],[2.091726,45.225409],[2.069102,45.230902],[2.056082,45.23074],[2.038259,45.221259],[2.026052,45.202989],[2.007742,45.161811],[1.992442,45.143663],[1.932546,45.107856],[1.911306,45.084255],[1.912771,45.087348],[1.900401,45.076606],[1.900564,45.071234],[1.912771,45.065619],[1.912771,45.059394],[1.901296,45.057237],[1.857432,45.056342],[1.835948,45.039089],[1.829275,45.027411],[1.843191,45.018419],[1.830496,45.006944],[1.831798,44.995063],[1.838878,44.982001],[1.843191,44.966905],[1.839529,44.951524],[1.830577,44.937079],[1.819509,44.924628],[1.809011,44.915391]],[[1.809011,44.908637],[1.771251,44.911241],[1.723643,44.915391],[1.718028,44.918728],[1.701182,44.933214],[1.696056,44.93655],[1.673269,44.93476],[1.661388,44.9324],[1.651378,44.929063],[1.63502,44.917548],[1.602794,44.887397],[1.586192,44.881293],[1.577322,44.882514],[1.575125,44.883734],[1.565684,44.871405],[1.559337,44.865505],[1.55128,44.860622],[1.542735,44.85696],[1.534679,44.8546],[1.520193,44.853095],[1.50172,44.855048],[1.486095,44.862616],[1.479421,44.878201],[1.469981,44.88699],[1.447765,44.887803],[1.404307,44.881293],[1.344981,44.858181],[1.317638,44.852362],[1.302013,44.842597],[1.292003,44.840277],[1.280691,44.841498],[1.260265,44.846381],[1.254161,44.847195],[1.249929,44.844672],[1.24586,44.839464],[1.242605,44.832953],[1.240489,44.826687],[1.222179,44.830878],[1.191824,44.812771],[1.17156,44.820502],[1.178966,44.826687],[1.175548,44.82807],[1.173106,44.827704],[1.171886,44.828477],[1.17156,44.833523],[1.165294,44.833523],[1.160899,44.827094],[1.153819,44.821234],[1.147146,44.820665],[1.144298,44.830105],[1.138845,44.834052],[1.126394,44.832058],[1.112559,44.828152],[1.103282,44.826687],[1.043875,44.858181],[1.027599,44.861436],[1.019542,44.855414],[1.012462,44.837348],[1.003673,44.833523],[0.969981,44.832343]]]}},{"type":"Feature","properties":{"name":"Firat","rank":3},"geometry":{"type":"MultiLineString","coordinates":[[[38.767833,38.812812],[38.771983,38.816962],[38.77532,38.830268],[38.778087,38.845038],[38.786143,38.854763],[38.812592,38.875027],[38.777843,38.904975],[38.774994,38.918565],[38.773855,38.936469],[38.780284,38.952216],[38.78476,38.966986],[38.78655,38.981269],[38.783295,38.992377],[38.780854,38.99787],[38.779714,38.999864],[38.7671,39.018866],[38.764415,39.029161],[38.742442,39.068061],[38.739513,39.078437]],[[38.471283,38.74079],[38.478038,38.72545],[38.472667,38.707546],[38.46046,38.69245],[38.446707,38.686225],[38.42213,38.682685],[38.402436,38.673448],[38.387136,38.660346],[38.37558,38.645209],[38.370372,38.634589],[38.36378,38.616319],[38.348888,38.595649],[38.351329,38.58869],[38.357677,38.582587],[38.36142,38.573269],[38.364675,38.556464],[38.373546,38.536566],[38.386648,38.518744],[38.402924,38.508083],[38.414154,38.516791],[38.425548,38.512519],[38.443289,38.494412],[38.456554,38.484971],[38.468679,38.479275],[38.481619,38.47602],[38.539806,38.470486],[38.566661,38.464667],[38.571381,38.462348],[38.587657,38.449897],[38.594656,38.450263],[38.600597,38.453152],[38.607839,38.453437],[38.688975,38.420762],[38.717703,38.418728],[38.778901,38.436957],[38.810476,38.440375],[38.834402,38.426093],[38.826915,38.418728],[38.852794,38.404731],[38.860932,38.39879],[38.8838,38.369005],[38.885509,38.364081],[38.911143,38.360704],[38.927826,38.352362],[38.957286,38.330512],[38.992198,38.326117],[39.073334,38.347968]],[[38.982677,37.899359],[38.989187,37.878038],[38.982677,37.865505],[38.970795,37.850775],[38.976166,37.845893],[38.979096,37.838487],[38.977957,37.830268],[38.970795,37.822821],[38.965343,37.823188],[38.945404,37.828884],[38.936697,37.829657],[38.921397,37.825141],[38.908376,37.81684],[38.897878,37.804714],[38.888927,37.788682],[38.903412,37.791815],[38.930593,37.807563],[38.943614,37.809149],[38.953868,37.801378],[38.952566,37.775255],[38.964773,37.761339],[38.944835,37.756944],[38.922293,37.75613],[38.901866,37.752753],[38.888927,37.740912],[38.89796,37.735663],[38.923106,37.713568],[38.916433,37.709052],[38.908214,37.706244],[38.899669,37.706244],[38.882416,37.714911],[38.875011,37.710476],[38.869233,37.703152],[38.864757,37.699286],[38.861095,37.698188],[38.856049,37.695665],[38.849376,37.693305],[38.841238,37.69245],[38.835948,37.69477],[38.822765,37.704535],[38.82073,37.706732],[38.800385,37.697048],[38.818451,37.680935],[38.868337,37.651475],[38.6456,37.624213],[38.597341,37.583523],[38.587901,37.579535],[38.575287,37.56155],[38.515391,37.511094],[38.494884,37.500678],[38.372325,37.483954],[38.340831,37.494452],[38.326915,37.490302]]]}},{"type":"Feature","properties":{"name":"Firat","rank":3},"geometry":{"type":"MultiLineString","coordinates":[[[41.455496,40.180203],[41.445242,40.172227],[41.417572,40.11872],[41.366303,40.074327],[41.35491,40.06037],[41.328217,40.016303],[41.319021,40.00495],[41.30714,39.99372],[41.292979,39.985053],[41.276947,39.981553],[41.026541,39.961046],[40.910655,39.925116],[40.870209,39.919501],[40.802745,39.926581],[40.790701,39.930365],[40.768565,39.940619],[40.747162,39.936225],[40.711925,39.919501],[40.688975,39.920722],[40.652843,39.936103],[40.468516,39.95364],[40.458588,39.951483],[40.436615,39.942084],[40.427664,39.940009],[40.391856,39.942084],[40.382904,39.940009],[40.382904,39.933783],[40.351329,39.944403],[40.302989,39.940375],[40.179128,39.907986],[40.160411,39.89997],[40.146414,39.889106],[40.136811,39.870225],[40.140147,39.855658],[40.163829,39.830756],[40.223155,39.790473],[40.251069,39.763617],[40.259369,39.728339],[40.253835,39.717393],[40.24171,39.701361],[40.227306,39.686876],[40.198985,39.673774],[40.192149,39.657986],[40.190684,39.639594],[40.191173,39.625312],[40.189545,39.6081],[40.183686,39.592556],[40.171967,39.581244],[40.139903,39.573798],[40.101817,39.560126],[40.081309,39.556993],[39.994395,39.565009],[39.909923,39.584337],[39.749278,39.645046],[39.731212,39.649278],[39.669363,39.655463],[39.615815,39.680487],[39.575125,39.693956],[39.535655,39.700507],[39.450694,39.701036],[39.408946,39.693956],[39.381928,39.679063],[39.327729,39.638983],[39.306407,39.630683],[39.28419,39.626654],[39.242117,39.625312],[39.231456,39.623155],[39.211355,39.613796],[39.201182,39.61164],[39.156505,39.617865],[39.047944,39.616075],[39.033295,39.611518],[39.004975,39.597968],[38.976003,39.591864],[38.906749,39.585883],[38.875255,39.57685],[38.865815,39.582221],[38.853038,39.576117],[38.826915,39.556993],[38.815847,39.554226],[38.772227,39.550157],[38.755626,39.545274],[38.748139,39.539252],[38.742768,39.530056],[38.731944,39.515448],[38.720225,39.503974],[38.711518,39.500312],[38.680675,39.501776],[38.66684,39.504218],[38.639903,39.512803],[38.632335,39.51203],[38.621023,39.506212],[38.583914,39.496609],[38.570811,39.49494],[38.560964,39.490058],[38.522472,39.457384],[38.510183,39.452704],[38.4581,39.453966],[38.402924,39.426093],[38.392182,39.417914],[38.383556,39.409125],[38.374115,39.402126],[38.36142,39.399359],[38.36671,39.388699],[38.368175,39.371446],[38.38795,39.357001],[38.425059,39.318468],[38.462006,39.306464],[38.473725,39.296495],[38.49171,39.275214],[38.50294,39.266954],[38.58074,39.224921],[38.599701,39.206081],[38.607839,39.183376],[38.619884,39.171698],[38.683035,39.171007],[38.711436,39.165961],[38.714773,39.154731],[38.712983,39.12877],[38.71461,39.121283],[38.735606,39.105251],[38.740164,39.09573],[38.739513,39.078477]],[[38.767833,38.812812],[38.743256,38.803005],[38.716401,38.780463],[38.692393,38.773546],[38.677013,38.764594],[38.666433,38.762519],[38.654226,38.766547],[38.642345,38.781684],[38.635753,38.781765],[38.631602,38.775743],[38.633067,38.762478],[38.631765,38.752305],[38.618663,38.748318],[38.569021,38.752143],[38.508881,38.756863],[38.48349,38.753119],[38.471283,38.74079]],[[39.073334,38.347968],[39.114838,38.343573],[39.132416,38.329698],[39.14503,38.307929],[39.148529,38.284247],[39.114838,38.192735],[39.141368,38.178656],[39.221934,38.205105],[39.252533,38.179714],[39.256358,38.153144],[39.248546,38.130439],[39.224701,38.090359],[39.23463,38.076117],[39.224864,38.063788],[39.149913,38.020779],[39.08961,38.007025],[39.072276,37.999579],[39.060313,37.987901],[39.055675,37.973212],[39.050385,37.939765],[39.040457,37.925238],[39.027273,37.918036],[38.978282,37.906033],[38.982677,37.899359]],[[38.326915,37.490302],[38.282644,37.476996],[38.271983,37.476426],[38.265717,37.454454],[38.249929,37.448554],[38.206716,37.453559],[38.198009,37.448025],[38.196788,37.435818],[38.197195,37.423651],[38.193126,37.418158],[38.190033,37.417182],[38.188243,37.415066],[38.185639,37.412909],[38.180186,37.411933],[38.176687,37.413764],[38.175059,37.422634],[38.170177,37.425605],[38.125499,37.433783],[38.108409,37.440945],[38.094493,37.453559],[38.065522,37.436876],[38.054128,37.436469],[38.039968,37.446072],[38.02296,37.443468],[38.005951,37.445258],[37.989675,37.44477],[37.974376,37.435492],[37.930105,37.390815],[37.896414,37.363837],[37.885509,37.350653],[37.878917,37.325141],[37.872813,37.320909],[37.865001,37.317694],[37.857677,37.312934],[37.852143,37.303819],[37.840587,37.26789],[37.85491,37.260037],[37.866791,37.249376],[37.874115,37.234402],[37.874766,37.213324],[37.867931,37.213324],[37.861746,37.224636],[37.85255,37.226508],[37.844249,37.219306],[37.840587,37.20307],[37.843516,37.186632],[37.850678,37.173407],[37.867931,37.151882],[37.874278,37.140082],[37.876231,37.130886],[37.874766,37.106879],[37.868175,37.077663],[37.869395,37.065212],[37.881602,37.054999],[37.893809,37.060167],[37.903819,37.055365],[37.912852,37.047146],[37.922537,37.042019],[37.930756,37.043524],[37.954356,37.052802],[37.967459,37.054999],[37.97877,37.050116],[37.976573,37.038438],[37.964122,37.014106],[37.963878,36.998847],[37.966889,36.990424],[37.981212,36.976833],[38.007904,36.957099],[38.011811,36.949246],[38.013113,36.923692],[38.015147,36.91352],[38.018647,36.904161],[38.036062,36.888739],[38.040538,36.880479],[38.029307,36.876899],[38.021088,36.871121],[38.019054,36.858018],[38.021088,36.844184],[38.025808,36.835639]]]}},{"type":"Feature","properties":{"name":"Awash","rank":8},"geometry":{"type":"MultiLineString","coordinates":[[[41.651378,11.522569],[41.652436,11.540595],[41.65211,11.551296],[41.649913,11.570014],[41.635509,11.585395],[41.623057,11.5928],[41.621674,11.592963]],[[41.577078,11.367296],[41.595307,11.402859]],[[39.010509,8.400336],[39.020925,8.391466],[39.048432,8.386664],[39.0713,8.393134],[39.087413,8.416693],[39.09962,8.448065],[39.110362,8.460801],[39.138682,8.470079]]]}},{"type":"Feature","properties":{"name":"Awash","rank":8},"geometry":{"type":"MultiLineString","coordinates":[[[41.595307,11.402859],[41.616303,11.430447],[41.632498,11.462836],[41.644135,11.497504],[41.651378,11.522406]],[[41.576752,11.367011],[41.557709,11.345323],[41.538829,11.335069],[41.527599,11.320746],[41.532237,11.286566],[41.554291,11.242214],[41.585053,11.218085],[41.624604,11.206814],[41.683849,11.199652]],[[38.075206,8.970649],[38.102794,8.994737],[38.115815,9.003852],[38.127859,9.009589],[38.150971,9.008857],[38.182709,8.999457],[38.212006,8.985216],[38.264252,8.928087],[38.381847,8.872178],[38.418061,8.826199],[38.417491,8.821885],[38.414968,8.815701],[38.413015,8.808173],[38.413992,8.800116],[38.418468,8.79446],[38.432384,8.786811],[38.437755,8.78205],[38.453868,8.746446],[38.490815,8.710557],[38.50172,8.705146],[38.511322,8.70543],[38.543468,8.714911],[38.55836,8.715277],[38.570323,8.71369],[38.586681,8.70657],[38.627696,8.665107],[38.659434,8.64997],[38.732514,8.631537],[38.75823,8.60753],[38.761811,8.586249],[38.737559,8.473415],[38.738536,8.460801],[38.743337,8.447618],[38.755463,8.423896],[38.762218,8.384833],[38.779063,8.383165],[38.822846,8.398261],[38.83961,8.395331],[38.858653,8.389106],[38.877208,8.386013],[38.892589,8.392524],[38.915538,8.406846],[38.947276,8.414415],[38.979096,8.413398],[39.010509,8.400336]],[[39.138682,8.470079],[39.192149,8.471462],[39.22755,8.454779],[39.29713,8.403754],[39.331309,8.388454],[39.35019,8.384223],[39.368093,8.385606],[39.376964,8.393378],[39.377859,8.403754],[39.383311,8.412543],[39.456554,8.426337],[39.493907,8.455837],[39.528087,8.491319],[39.568614,8.520209],[39.622651,8.548529],[39.671316,8.584744],[39.680105,8.594591],[39.694753,8.617377],[39.703298,8.62755],[39.721446,8.638699],[39.759858,8.647732],[39.779063,8.654568],[39.80128,8.66946],[39.826915,8.69127],[39.849701,8.715766],[39.864024,8.738349],[39.869395,8.758246],[39.875662,8.800645],[39.883556,8.820502],[39.90089,8.842556],[39.922537,8.856798],[39.947846,8.863959],[39.975597,8.864691],[39.987804,8.858995],[39.993093,8.8487],[40.00058,8.839301],[40.019786,8.836493],[40.039073,8.842963],[40.10019,8.884711],[40.120128,8.904364],[40.182872,9.018622],[40.182709,9.040839],[40.106537,9.202704],[40.083507,9.280097],[40.086029,9.298651],[40.099864,9.309841],[40.150401,9.329413],[40.157725,9.339464],[40.149669,9.379462],[40.16627,9.44241],[40.269949,9.532091],[40.296967,9.592312],[40.301199,9.624864],[40.299327,9.638251],[40.290538,9.653591],[40.280691,9.663113],[40.258393,9.677843],[40.248546,9.687934],[40.239838,9.704291],[40.232921,9.725206],[40.225841,9.765896],[40.228526,9.800401],[40.239513,9.835557],[40.256277,9.869167],[40.276459,9.89879],[40.285248,9.907823],[40.314545,9.927069],[40.351085,9.965277],[40.36378,9.97366],[40.375418,9.975898],[40.385346,9.974311],[40.406342,9.967231],[40.417491,9.966864],[40.451182,9.974962],[40.460541,9.974311],[40.480235,9.970771],[40.48935,9.971259],[40.501475,9.976426],[40.519216,9.99197],[40.553966,10.013739],[40.580007,10.040473],[40.600027,10.071804],[40.605886,10.10102],[40.60255,10.113227],[40.59669,10.122911],[40.58782,10.130235],[40.575694,10.135321],[40.567149,10.142035],[40.561534,10.153673],[40.552826,10.178005],[40.546886,10.20893],[40.572358,10.251899],[40.572765,10.28323],[40.541596,10.368923],[40.539561,10.38642],[40.545421,10.441718],[40.511729,10.590684],[40.501475,10.617255],[40.464285,10.658067],[40.44752,10.701524],[40.437429,10.747097],[40.435557,10.777777],[40.451671,10.8935],[40.449636,10.964138],[40.454356,10.98664],[40.482188,11.033759],[40.523692,11.070339],[40.57366,11.094794],[40.671804,11.112901],[40.714366,11.129096],[40.727306,11.132148],[40.753347,11.134548],[40.766043,11.140326],[40.775401,11.149604],[40.796316,11.182563],[40.81601,11.200019],[40.838308,11.215522],[40.857921,11.233995],[40.86964,11.260118],[40.870046,11.269599],[40.867605,11.287909],[40.868175,11.296983],[40.882742,11.319119],[40.932221,11.352484],[40.947032,11.37462],[40.946381,11.383083],[40.939545,11.404893],[40.938406,11.415147],[40.94044,11.42414],[40.946544,11.442165],[40.947846,11.451239],[40.937755,11.529975],[40.942963,11.559841],[40.95517,11.602851],[40.958914,11.624579],[40.959972,11.647406],[40.956554,11.681464],[40.95753,11.697455],[40.964854,11.711737],[41.003835,11.725287],[41.004893,11.725898],[41.005626,11.726671],[41.006358,11.727566],[41.009776,11.735663],[41.013194,11.739122],[41.02003,11.740831],[41.024506,11.737982],[41.039073,11.724189],[41.045421,11.720038],[41.053803,11.719428],[41.073009,11.72252],[41.08253,11.721951],[41.093516,11.717637],[41.128998,11.698676],[41.149425,11.683173],[41.176524,11.642279],[41.199229,11.626776],[41.218191,11.621405],[41.243175,11.617458],[41.2671,11.617743],[41.282725,11.625515],[41.300059,11.638251],[41.320567,11.637519],[41.341726,11.628485],[41.420502,11.571967],[41.442882,11.562323],[41.47698,11.559149],[41.511974,11.564399],[41.600108,11.592882],[41.610932,11.594184],[41.623057,11.5928]]]}},{"type":"Feature","properties":{"name":"Ticino","rank":8},"geometry":{"type":"MultiLineString","coordinates":[[[8.620535,45.726386],[8.592459,45.738471],[8.586599,45.744208],[8.568858,45.765815],[8.562918,45.792914],[8.573741,45.811713],[8.584402,45.824774],[8.5949,45.841498],[8.595876,45.863349],[8.583751,45.886176],[8.577647,45.905097],[8.587413,45.922187],[8.607351,45.936347],[8.628347,45.945746],[8.652517,45.964667],[8.701671,46.000434],[8.729991,46.035956],[8.723888,46.061225],[8.726085,46.087266],[8.737559,46.109646],[8.761404,46.128363],[8.786062,46.144395],[8.817068,46.159857],[8.843191,46.171698]]]}},{"type":"Feature","properties":{"name":"Ticino","rank":8},"geometry":{"type":"MultiLineString","coordinates":[[[8.403982,46.495958],[8.427257,46.489081],[8.452403,46.488715],[8.480235,46.497585],[8.514415,46.511827],[8.527273,46.522813],[8.569591,46.535102],[8.614024,46.543036],[8.676036,46.541693],[8.709727,46.535427],[8.734386,46.524034],[8.756847,46.510565],[8.806326,46.491767],[8.829763,46.47602],[8.879405,46.42532],[8.934093,46.391181],[8.962576,46.365261],[8.984874,46.335964],[9.025401,46.266303],[9.043142,46.250027],[9.048106,46.240668],[9.041189,46.230902],[9.032237,46.22309],[9.018565,46.205024],[9.010753,46.198432],[8.984141,46.189154],[8.843191,46.171698]]]}},{"type":"Feature","properties":{"name":"Southern Bug","rank":8},"geometry":{"type":"MultiLineString","coordinates":[[[30.980724,48.012641],[31.008556,47.995185],[31.02589,47.976996],[31.080658,47.893012],[31.090587,47.882921],[31.117931,47.869249],[31.121837,47.859687],[31.12086,47.852566],[31.118256,47.846869],[31.117931,47.841986],[31.12672,47.823594],[31.135183,47.817654],[31.146902,47.815212],[31.165619,47.807196],[31.17864,47.795193],[31.183849,47.780544],[31.190033,47.715399],[31.196381,47.70954],[31.24464,47.696967],[31.2553,47.692694],[31.268647,47.683702],[31.263927,47.676296],[31.248953,47.663845],[31.231212,47.656358],[31.228119,47.654405],[31.226654,47.644232],[31.224376,47.639594],[31.188975,47.608344],[31.179454,47.595526],[31.200776,47.578192],[31.289317,47.560818],[31.328624,47.539618],[31.344493,47.533515],[31.385183,47.525336],[31.399099,47.519843],[31.407481,47.51435],[31.433197,47.489122],[31.458751,47.461859],[31.532319,47.401313],[31.556244,47.388454],[31.590831,47.383246],[31.583995,47.383246],[31.599864,47.37995],[31.613048,47.372748],[31.635265,47.35163],[31.648529,47.342963],[31.700694,47.32807],[31.740001,47.309434],[31.751964,47.306952],[31.762218,47.300238],[31.767345,47.285102],[31.764089,47.268907],[31.748546,47.259101]]]}},{"type":"Feature","properties":{"name":"Abay","rank":3},"geometry":{"type":"MultiLineString","coordinates":[[[37.113048,11.855007],[37.113048,11.855048],[37.111827,11.872097],[37.130382,11.897284],[37.162852,11.906806],[37.213145,11.914659],[37.258067,11.926947],[37.298106,11.901638],[37.345714,11.858344],[37.365652,11.810126],[37.381114,11.751044],[37.385265,11.703437],[37.377533,11.665107],[37.376475,11.65119],[37.386729,11.633979],[37.386811,11.633124],[37.387218,11.63227]]]}},{"type":"Feature","properties":{"name":"Abay","rank":3},"geometry":{"type":"MultiLineString","coordinates":[[[37.178966,11.035753],[37.162364,11.04324],[37.134695,11.076117],[37.110362,11.083564],[37.098888,11.092719],[37.087983,11.113593],[37.073334,11.151801],[37.062429,11.171658],[37.045665,11.190375],[37.024018,11.200141],[36.997651,11.192816],[36.994558,11.21369],[36.969656,11.243923],[36.963471,11.265408],[36.966563,11.275824],[36.972179,11.286933],[36.976166,11.297431],[36.970795,11.31505],[36.973155,11.325466],[36.978445,11.335639],[36.983979,11.343614],[37.011322,11.362616],[37.018158,11.371527],[37.018321,11.382676],[37.013601,11.393744],[37.010183,11.404853],[37.01474,11.416287],[37.0171,11.43244],[36.998546,11.47602],[36.997651,11.494452],[37.002208,11.501532],[37.012706,11.509833],[37.018158,11.51557],[37.021576,11.525417],[37.021576,11.534206],[37.024425,11.540473],[37.035655,11.542833],[37.043468,11.550727],[37.067963,11.587226],[37.073334,11.59809],[37.0678,11.612087],[37.058849,11.625108],[37.061453,11.634711],[37.089854,11.638495],[37.099701,11.641425],[37.109793,11.648301],[37.117442,11.65644],[37.120616,11.66295],[37.122162,11.678046],[37.126557,11.683905],[37.133067,11.687038],[37.141124,11.693671],[37.148692,11.707628],[37.154389,11.715766],[37.162201,11.721625],[37.171153,11.721544],[37.18808,11.712592],[37.1963,11.714179],[37.20224,11.721462],[37.199718,11.726182],[37.193777,11.730089],[37.189464,11.734687],[37.175222,11.769395],[37.162364,11.778876],[37.152436,11.780137],[37.142019,11.78266],[37.127452,11.796088],[37.115489,11.809149],[37.114757,11.82335],[37.113048,11.855048]]]}},{"type":"Feature","properties":{"name":"Volga","rank":3},"geometry":{"type":"MultiLineString","coordinates":[[[46.128673,48.078315],[46.12322,47.984442],[46.142182,47.935655],[46.149099,47.930732],[46.158132,47.92829],[46.20517,47.900662],[46.225597,47.891913],[46.248139,47.885443],[46.301768,47.881537],[46.326671,47.8758],[46.346121,47.863349],[46.358897,47.841986],[46.358816,47.801785],[46.363862,47.781684],[46.411632,47.761542],[46.423757,47.759385],[46.475027,47.765652],[46.503184,47.765245],[46.524506,47.759101],[46.542491,47.746894],[46.561046,47.72838],[46.593272,47.703192],[46.597911,47.694281],[46.59962,47.685655],[46.60849,47.662909],[46.612234,47.656358],[46.6421,47.633328],[46.662364,47.621202],[46.677013,47.616034],[46.688894,47.609442],[46.762706,47.538113],[46.80714,47.475165],[46.838145,47.450954],[46.859386,47.442898],[46.88323,47.438829],[46.96461,47.433905],[46.984467,47.424831],[47.080577,47.336941],[47.0949,47.301622],[47.085053,47.251654],[47.077159,47.23074],[47.075694,47.213324],[47.086518,47.201483],[47.115896,47.197089],[47.146414,47.195828],[47.170502,47.191474],[47.192312,47.183051],[47.33074,47.092719],[47.379405,47.047919],[47.402599,47.031684],[47.428315,47.02029],[47.456309,47.015408],[47.491954,47.017686],[47.503835,47.014838],[47.561046,46.981228],[47.580333,46.975613],[47.589122,46.971381],[47.602061,46.953884],[47.598562,46.934149],[47.573334,46.897488],[47.564138,46.872748],[47.572358,46.85456],[47.592296,46.842393],[47.618663,46.836046],[47.642507,46.837714],[47.687104,46.854275],[47.710541,46.85871],[47.729584,46.854682],[47.740896,46.843329],[47.759369,46.795844],[47.766612,46.784125],[47.775645,46.774115],[47.826915,46.738593],[47.841563,46.734931]],[[47.841563,46.734931],[47.85906,46.73904],[47.940196,46.717719],[47.958751,46.721015],[47.981049,46.729926],[48.009776,46.725043],[48.05836,46.704291],[48.12558,46.683865],[48.143809,46.673204],[48.154552,46.668972],[48.19866,46.670111],[48.204682,46.666042],[48.217784,46.644843],[48.230561,46.617947],[48.234467,46.600165],[48.23585,46.55683],[48.238048,46.548163],[48.243582,46.539171],[48.251231,46.530463],[48.260183,46.522406],[48.268158,46.511013],[48.266694,46.500434],[48.256358,46.478339],[48.254975,46.460761],[48.257498,46.44005],[48.265554,46.422878],[48.280284,46.415595],[48.289236,46.413275],[48.298839,46.407416],[48.314952,46.392646],[48.326752,46.385281],[48.339447,46.384141],[48.352794,46.384711],[48.366222,46.382148],[48.387787,46.369086],[48.408946,46.353095],[48.431733,46.339423],[48.458995,46.333686],[48.463145,46.328315],[48.482351,46.293321],[48.5171,46.266059],[48.509776,46.249457],[48.515391,46.236029],[48.525401,46.22309],[48.534923,46.19241],[48.553722,46.171983],[48.565033,46.133816],[48.583018,46.111111],[48.607514,46.094428],[48.626964,46.087266]],[[47.841563,46.734931],[47.848155,46.725409],[47.870616,46.69949],[47.87558,46.689805],[47.882904,46.669623],[47.894216,46.646552],[47.901785,46.617377],[47.909434,46.603461],[47.93157,46.58039],[47.95045,46.565456],[47.996104,46.545925],[48.012462,46.527045],[48.015066,46.50434],[48.002859,46.489569],[47.985362,46.477322],[47.972097,46.461859],[47.971121,46.44245],[47.982677,46.428005],[48.013682,46.402899],[48.021088,46.383734],[48.017996,46.363959],[48.007335,46.345771],[47.992198,46.331814],[47.976736,46.321153],[47.970632,46.315131],[47.964854,46.306749],[47.951427,46.277126],[47.899669,46.214219],[47.825694,46.155951],[47.814464,46.149359],[47.809337,46.144395],[47.793956,46.111518],[47.785737,46.104926],[47.767507,46.099921],[47.756765,46.094753],[47.740815,46.074734],[47.742931,46.054755],[47.747325,46.034776],[47.739024,46.01496],[47.718191,46.000434],[47.674083,45.98432],[47.653738,45.970567],[47.643647,45.961249],[47.641612,45.955512],[47.640066,45.943915],[47.640636,45.938178],[47.646414,45.935085],[47.647472,45.929633],[47.646088,45.924384],[47.641124,45.912055],[47.640066,45.906073],[47.636322,45.901964],[47.629487,45.891221],[47.625418,45.880154],[47.629812,45.875067],[47.637218,45.869737],[47.639252,45.857611],[47.637625,45.84394],[47.63323,45.834052],[47.603445,45.822455],[47.563975,45.818671],[47.538666,45.806993],[47.555756,45.766059]]]}},{"type":"Feature","properties":{"name":"Al Furat","rank":3},"geometry":{"type":"MultiLineString","coordinates":[[[38.561127,35.862616],[38.560557,35.862982],[38.559988,35.863308],[38.556407,35.868476],[38.530365,35.871039],[38.49464,35.859687],[38.460053,35.858751],[38.430919,35.874132],[38.39503,35.886908],[38.338959,35.901882],[38.300059,35.916815],[38.174897,35.972968],[38.134939,35.999864],[38.134288,36.000515],[38.121593,36.0185],[38.108409,36.032253],[38.094005,36.044135],[38.08489,36.054226],[38.075776,36.068549],[38.063487,36.098334],[38.059581,36.114366],[38.058116,36.126654],[38.059581,36.133897],[38.061941,36.140815],[38.065684,36.147569],[38.087657,36.175238],[38.100027,36.198676],[38.109304,36.212917],[38.119884,36.225043],[38.13087,36.234565],[38.136485,36.238227],[38.153087,36.245795],[38.175548,36.255968],[38.189382,36.264919],[38.194591,36.284044],[38.189382,36.312364],[38.185151,36.330349],[38.183849,36.342475]]]}},{"type":"Feature","properties":{"name":"Al Furat","rank":3},"geometry":{"type":"MultiLineString","coordinates":[[[38.025808,36.835639],[38.033132,36.821804],[38.032725,36.809434],[38.030691,36.796698],[38.032481,36.781317],[38.038829,36.771186],[38.046804,36.763861],[38.050873,36.75495],[38.04599,36.740343],[38.051199,36.740749],[38.061453,36.740058],[38.066498,36.740343],[38.062429,36.729193],[38.062022,36.718126],[38.066661,36.709581],[38.077403,36.706163],[38.083588,36.701972],[38.091319,36.683173],[38.097585,36.6789],[38.142019,36.672553],[38.169037,36.664822],[38.190847,36.651475],[38.195811,36.65058],[38.206716,36.650946],[38.21046,36.648139],[38.215017,36.634711],[38.217296,36.630479],[38.228119,36.622138],[38.233409,36.617011],[38.286388,36.535915],[38.293061,36.528022],[38.2671,36.512274],[38.256114,36.462836],[38.22755,36.452338],[38.203136,36.438829],[38.192882,36.407294],[38.183849,36.342475]],[[38.559988,35.863308],[38.571544,35.856879],[38.583018,35.859809],[38.594819,35.866156],[38.607839,35.870144],[38.625011,35.867621],[38.647553,35.853054],[38.659597,35.849677],[38.721446,35.849677],[38.740896,35.853217],[38.747651,35.862087],[38.750499,35.873236],[38.759207,35.883816],[38.750987,35.89171],[38.746593,35.894314],[38.743337,35.893134],[38.73878,35.890001],[38.734793,35.902208],[38.742931,35.910264],[38.757498,35.915351],[38.772227,35.918524],[38.780203,35.918036],[38.793386,35.911811],[38.799571,35.911689],[38.80421,35.915839],[38.810802,35.928656],[38.813243,35.931586],[38.834483,35.932725],[38.906016,35.92475],[39.008718,35.931586],[39.034272,35.929267],[39.057546,35.921413],[39.076101,35.906602],[39.088145,35.883816],[39.098399,35.888617],[39.108328,35.888739],[39.116466,35.884874],[39.122325,35.87755],[39.141205,35.886298],[39.158946,35.881049],[39.177013,35.870469],[39.197358,35.863308],[39.22991,35.863471],[39.244233,35.859687],[39.262706,35.846259],[39.277599,35.830756],[39.283376,35.82921],[39.324311,35.829169],[39.334239,35.831977],[39.350841,35.841579],[39.367117,35.836005],[39.377208,35.838406],[39.396088,35.849677],[39.40089,35.835883],[39.398204,35.823065],[39.399832,35.811469],[39.416515,35.801215],[39.435476,35.799343],[39.472585,35.807929],[39.492279,35.808661],[39.509939,35.802761],[39.538829,35.784613],[39.553722,35.780788],[39.556651,35.782904],[39.56129,35.787624],[39.568126,35.792304],[39.577891,35.794379],[39.591075,35.792914],[39.593028,35.789089],[39.58961,35.783637],[39.582123,35.765815],[39.583751,35.761501],[39.594737,35.760281],[39.602957,35.763007],[39.60963,35.768988],[39.614187,35.776557],[39.615815,35.783881],[39.622325,35.794623],[39.637462,35.789862],[39.666596,35.773953],[39.696218,35.762478],[39.720307,35.741563],[39.742605,35.731757],[39.766043,35.753445],[39.805268,35.735175],[39.814382,35.726142],[39.835541,35.681749],[39.834239,35.67414],[39.828136,35.657904],[39.828136,35.633979],[39.832286,35.625596],[39.841563,35.616563],[39.851085,35.605007],[39.855968,35.588935],[39.862234,35.588935],[39.868337,35.594102],[39.875418,35.595486],[39.882416,35.593573],[39.889415,35.588935],[39.878022,35.577989],[39.877533,35.569363],[39.885509,35.563747],[39.899425,35.561632],[39.911713,35.534044],[39.91684,35.527452],[39.922374,35.526435],[39.929291,35.526882],[39.936046,35.52851],[39.948497,35.534776],[39.953624,35.530626],[39.957286,35.524115],[39.961192,35.520697],[39.973155,35.517646],[39.987804,35.510525],[40.000255,35.502387],[40.005463,35.496161],[40.007904,35.489203],[40.013601,35.487494],[40.0206,35.487738],[40.026541,35.486599],[40.031749,35.48253],[40.036876,35.475165],[40.039643,35.472276],[40.059337,35.461046],[40.06544,35.453721],[40.067556,35.44123],[40.07724,35.418077],[40.096121,35.407091],[40.109304,35.395331],[40.101817,35.3699],[40.134695,35.360053],[40.143321,35.356228],[40.148529,35.350409],[40.160737,35.332628],[40.167247,35.328925],[40.170177,35.326606],[40.202566,35.318061],[40.208263,35.318386],[40.218354,35.312201],[40.226654,35.308946],[40.231944,35.302802],[40.232026,35.287909],[40.260753,35.305365],[40.266856,35.307807],[40.271658,35.298936],[40.267589,35.288601],[40.253184,35.266872],[40.26588,35.266059],[40.277843,35.26793],[40.287364,35.272732],[40.293549,35.280463],[40.320811,35.27086],[40.327647,35.266872],[40.334239,35.257921],[40.335704,35.249457],[40.335948,35.242011],[40.338471,35.236396],[40.354421,35.230089],[40.404226,35.218614],[40.417735,35.211615],[40.420421,35.198757],[40.41269,35.193142],[40.402436,35.190009],[40.397227,35.184882],[40.400401,35.174262],[40.414561,35.163642],[40.419688,35.144802],[40.428722,35.135321],[40.430675,35.126532],[40.428966,35.092353],[40.430675,35.082465],[40.438569,35.06684],[40.443614,35.067979],[40.448985,35.07453],[40.458018,35.075019],[40.471121,35.066718],[40.471121,35.061794],[40.4546,35.051134],[40.444591,35.039374],[40.444428,35.034857],[40.44866,35.033393],[40.451182,35.030626],[40.455577,35.037787],[40.465017,35.030707],[40.478526,35.013536],[40.482188,35.006374],[40.486827,34.991563],[40.492198,34.986274],[40.503022,34.985622],[40.516612,34.988471],[40.528331,34.989325],[40.536388,34.977484],[40.551036,34.966986],[40.556407,34.958075],[40.565684,34.958604],[40.567882,34.954901],[40.566905,34.936632],[40.571707,34.919745],[40.575776,34.895087],[40.580984,34.883246],[40.589773,34.872504],[40.597585,34.870714],[40.622569,34.883246],[40.621104,34.871894],[40.617117,34.856309],[40.616303,34.845649],[40.618256,34.833564],[40.627371,34.820909],[40.629405,34.81155],[40.638276,34.79682],[40.658783,34.784776],[40.681895,34.778428],[40.698253,34.780829],[40.728526,34.7567],[40.732432,34.749823],[40.738862,34.751044],[40.752696,34.738389],[40.76474,34.723497],[40.766531,34.718126],[40.779226,34.713894],[40.79005,34.713975],[40.797781,34.71894],[40.80071,34.729031],[40.80421,34.728827],[40.821788,34.70543],[40.828624,34.698269],[40.828624,34.691474],[40.821218,34.688178],[40.808116,34.680243],[40.80071,34.677191],[40.807872,34.670437],[40.838878,34.649848],[40.852061,34.655056],[40.86085,34.66474],[40.86964,34.670437],[40.88323,34.66352],[40.887706,34.652208],[40.887787,34.638739],[40.891694,34.627305],[40.927175,34.618476],[40.928803,34.608018],[40.922374,34.593777],[40.917979,34.578192],[40.92213,34.568183],[40.940359,34.541571],[40.944753,34.527615],[40.938487,34.519843],[40.927257,34.51203],[40.922293,34.5008],[40.938406,34.475775],[40.930593,34.468329],[40.934662,34.461778],[40.940929,34.457953],[40.952403,34.454698],[40.958995,34.451239],[40.980398,34.433661],[40.992605,34.428494]]]}},{"type":"Feature","properties":{"name":"Oti","rank":8},"geometry":{"type":"MultiLineString","coordinates":[[[1.466482,10.658393],[1.488943,10.672553],[1.511241,10.693468],[1.568044,10.769721],[1.573985,10.785753],[1.576345,10.806098],[1.572765,10.825466],[1.567638,10.835761],[1.56837,10.845771],[1.583181,10.864447],[1.594737,10.87405],[1.612559,10.885321],[1.631847,10.894639],[1.647878,10.898546],[1.653005,10.902208],[1.656016,10.910753],[1.65919,10.939805],[1.662364,10.944932],[1.666921,10.948432],[1.672537,10.953803],[1.676768,10.957099],[1.688894,10.963324],[1.693044,10.967475],[1.695567,10.976264],[1.698904,10.997097],[1.702891,11.004706],[1.713145,11.016425],[1.740733,11.05622],[1.736013,11.067654],[1.741466,11.07571],[1.750011,11.084418],[1.754405,11.097846],[1.747569,11.105984],[1.742931,11.113715],[1.740733,11.12169],[1.741466,11.130683],[1.752126,11.170762],[1.757091,11.182318],[1.76588,11.190741],[1.781749,11.200263],[1.810313,11.211778],[1.821056,11.219021],[1.829519,11.233751],[1.829112,11.241156],[1.825206,11.246527],[1.824474,11.253445],[1.833263,11.265408],[1.840099,11.271267],[1.857432,11.282172],[1.86671,11.293158],[1.869558,11.30211],[1.871023,11.323757],[1.901052,11.400214],[1.905284,11.432969],[1.879324,11.445014],[1.866954,11.446804],[1.857432,11.440456],[1.840017,11.445624],[1.820974,11.441759],[1.781749,11.426134],[1.762869,11.424872],[1.718516,11.427924],[1.702891,11.423122],[1.683849,11.414008],[1.637706,11.404364],[1.620616,11.395453],[1.601003,11.388861],[1.580089,11.427273],[1.562673,11.426134],[1.564464,11.432725],[1.566824,11.446845],[1.568858,11.453477],[1.474783,11.461005],[1.455333,11.464911],[1.439138,11.473944],[1.433279,11.459581],[1.423106,11.454047],[1.410574,11.450019],[1.397472,11.440456],[1.389171,11.428575],[1.38795,11.420193],[1.397472,11.398871],[1.381114,11.388861],[1.358572,11.379014],[1.33839,11.366278],[1.329845,11.347357],[1.335623,11.330186],[1.345225,11.316514],[1.347179,11.303656],[1.329845,11.289008],[1.322927,11.297227],[1.315847,11.300076],[1.308849,11.297227],[1.301931,11.289008],[1.295584,11.29975],[1.283946,11.312934],[1.272716,11.318427],[1.267751,11.306423],[1.27003,11.298407],[1.279796,11.288845],[1.281993,11.279079],[1.280528,11.271267],[1.267751,11.248074],[1.23463,11.263617],[1.218516,11.268175],[1.199636,11.26911],[1.190847,11.267198],[1.185557,11.263983],[1.180349,11.261542],[1.17156,11.261664],[1.173025,11.266791],[1.165294,11.278144],[1.155772,11.285712],[1.145437,11.270046],[1.134939,11.260281],[1.130056,11.247748],[1.148855,11.217393],[1.152761,11.183295],[1.157888,11.166083],[1.147634,11.169623],[1.127452,11.179063],[1.116954,11.179145],[1.112559,11.174018],[1.105724,11.155829],[1.099864,11.151801],[1.066905,11.144395],[1.061697,11.142198],[1.062755,11.127143],[1.066417,11.128485],[1.072927,11.134141],[1.082205,11.131944],[1.083263,11.127875],[1.081554,11.115424],[1.082205,11.110867],[1.084972,11.108913],[1.094656,11.1046],[1.096446,11.104682],[1.098562,11.0928],[1.098806,11.081488],[1.100515,11.070624],[1.1067,11.060004],[1.118093,11.048407],[1.116954,11.032335],[1.113536,11.027777],[1.106375,11.034613],[1.099132,11.044542],[1.096446,11.049425],[1.086355,11.052843],[1.055431,11.05622],[1.051687,11.055203],[1.040782,11.04975],[1.034434,11.049425],[1.032725,11.051785],[1.027354,11.06155],[1.024425,11.063666],[1.019054,11.065863],[1.014089,11.070502],[1.007498,11.075222],[0.985362,11.078681]]]}},{"type":"Feature","properties":{"name":"Olt","rank":8},"geometry":{"type":"MultiLineString","coordinates":[[[25.783702,46.683783],[25.794688,46.675116],[25.799734,46.655585],[25.800548,46.62169],[25.795014,46.602078],[25.77711,46.56977],[25.773041,46.55683],[25.77003,46.55211],[25.763194,46.547431],[25.756358,46.540554],[25.753347,46.529161],[25.754893,46.509467],[25.758881,46.492011],[25.760671,46.468695],[25.759532,46.440863],[25.759858,46.38406],[25.766368,46.359565],[25.780528,46.341132],[25.845307,46.313259],[25.855072,46.30268],[25.858002,46.286566],[25.865489,46.268012],[25.883067,46.238105],[25.897227,46.22016],[25.900157,46.211982],[25.896576,46.204617],[25.901378,46.185329],[25.890717,46.16706],[25.876231,46.14765],[25.861827,46.100898],[25.838145,46.057318],[25.842052,46.038845],[25.82545,46.021918],[25.834483,46.000515],[25.86321,45.970567],[25.86378,45.960273],[25.862071,45.947577],[25.855072,45.923407],[25.832286,45.891913],[25.828298,45.885281],[25.825125,45.881537],[25.810557,45.875556],[25.807384,45.871649],[25.807384,45.84394],[25.804698,45.832587],[25.79835,45.820909],[25.783702,45.803046],[25.768321,45.765082],[25.762625,45.758897],[25.747081,45.756619],[25.732677,45.752631],[25.718679,45.751817],[25.704356,45.758897],[25.696544,45.753974],[25.688894,45.751736],[25.670665,45.751532],[25.668875,45.784857],[25.637462,45.807929],[25.567149,45.840888],[25.557709,45.854193],[25.553803,45.869574],[25.552338,45.93476],[25.554291,45.956895],[25.560802,45.970567],[25.560802,45.978054],[25.558116,45.98786],[25.570811,46.021308],[25.567149,46.038845],[25.554617,46.045478],[25.533702,46.049425],[25.514171,46.048936],[25.505626,46.042589],[25.488048,46.020209],[25.446544,46.017524],[25.398692,46.019599],[25.361746,46.011542],[25.375987,45.99433],[25.369395,45.985053],[25.355561,45.983181],[25.348074,45.988308],[25.343028,46.004014],[25.331309,46.004218],[25.307058,45.991726],[25.258311,45.975409],[25.24171,45.963568],[25.225108,45.943915],[25.228933,45.939805],[25.22991,45.938178],[25.225108,45.929633],[25.212332,45.93419],[25.206065,45.928005],[25.20574,45.915717],[25.211436,45.902289],[25.198497,45.901475],[25.192149,45.897488],[25.191824,45.890733],[25.197195,45.881863],[25.179291,45.87405],[25.164968,45.865058],[25.148692,45.857611],[25.125499,45.854519],[25.053233,45.854519],[25.049327,45.852484],[25.039073,45.843329],[25.033295,45.840888],[25.027354,45.841376],[25.017996,45.846015],[25.012218,45.847032],[24.967459,45.847032],[24.945079,45.844591],[24.83961,45.819648],[24.534923,45.787543],[24.475108,45.774604],[24.439952,45.771999],[24.414724,45.764716],[24.381114,45.747341],[24.355724,45.726833],[24.354259,45.709906],[24.299571,45.6553],[24.278575,45.627997],[24.273936,45.625556],[24.261241,45.621894],[24.258718,45.618028],[24.259776,45.611151],[24.264415,45.604519],[24.265554,45.597235],[24.261241,45.589667],[24.253103,45.580837],[24.246755,45.571601],[24.24879,45.562812],[24.266287,45.548651],[24.270763,45.541571],[24.27239,45.528998],[24.280772,45.512071],[24.297048,45.496527],[24.307628,45.480821],[24.299571,45.463446],[24.299571,45.457302],[24.312429,45.443183],[24.309581,45.42475],[24.304373,45.404486],[24.309581,45.385321],[24.310476,45.37755],[24.306814,45.367296],[24.301036,45.358181],[24.295909,45.354275],[24.28297,45.353054],[24.278087,45.349718],[24.278005,45.345323],[24.282725,45.321397],[24.302175,45.289171],[24.306407,45.275458],[24.309744,45.269802],[24.323904,45.260118],[24.327078,45.254665],[24.34075,45.223944],[24.345958,45.217719],[24.351085,45.212958],[24.356212,45.206895],[24.361095,45.196601],[24.361095,45.190375],[24.358409,45.183865],[24.355479,45.178412],[24.354259,45.175482],[24.357432,45.170356],[24.366222,45.161648],[24.367931,45.158759],[24.369314,45.154486],[24.375743,45.14407],[24.378184,45.142035],[24.382009,45.139838],[24.380544,45.134792],[24.37672,45.128974],[24.374766,45.124579],[24.375987,45.11286],[24.378184,45.106391],[24.378591,45.101264],[24.374766,45.093573],[24.368907,45.08869],[24.35377,45.083848],[24.348155,45.079901],[24.344168,45.069892],[24.343028,45.058905],[24.340017,45.050076],[24.330496,45.046413],[24.32252,45.045193],[24.314871,45.041571],[24.309011,45.035915],[24.306407,45.028388],[24.304698,45.013617],[24.299978,45.00849],[24.293386,45.005723],[24.286062,44.997992],[24.27825,44.979844],[24.268077,44.944119],[24.258718,44.929063],[24.245128,44.915391],[24.260509,44.893866],[24.261974,44.883572],[24.255626,44.871405],[24.253673,44.860663],[24.261729,44.850857],[24.274425,44.843533],[24.286062,44.840277],[24.284923,44.835801],[24.283865,44.832953],[24.278575,44.826687],[24.284923,44.807318],[24.286876,44.785712],[24.286062,44.737331],[24.290294,44.715684],[24.304373,44.672431],[24.299571,44.655341],[24.311778,44.64293],[24.322765,44.624294],[24.33074,44.601386],[24.333914,44.576483],[24.332937,44.562852],[24.330496,44.549425],[24.326427,44.536689],[24.32073,44.52501],[24.31365,44.51911],[24.304942,44.515082],[24.299001,44.507514],[24.299571,44.490912],[24.306163,44.478583],[24.323416,44.464179],[24.332286,44.439805],[24.355724,44.423041],[24.361095,44.412055],[24.357921,44.391425],[24.357595,44.38113],[24.361095,44.367377],[24.366222,44.360622],[24.37908,44.35281],[24.381602,44.346869],[24.382009,44.338568],[24.383962,44.333604],[24.388357,44.330146],[24.395925,44.326361],[24.388438,44.319607],[24.395925,44.312771],[24.387869,44.293891],[24.40325,44.271348],[24.425059,44.249783],[24.44988,44.211208],[24.475841,44.197781],[24.492442,44.181016],[24.477794,44.148261],[24.494314,44.141425],[24.515066,44.125596],[24.532888,44.106391],[24.540457,44.089301],[24.547618,44.082302],[24.587657,44.031562],[24.580251,44.025417],[24.58839,44.020331],[24.591319,44.013536],[24.588796,44.005683],[24.580251,43.997382],[24.623057,43.944648],[24.628673,43.925401],[24.631358,43.904649],[24.638845,43.890489],[24.662771,43.860297],[24.67156,43.839626],[24.677908,43.829657],[24.687022,43.825507],[24.695242,43.824652],[24.703298,43.822537],[24.730724,43.809882],[24.73406,43.80683],[24.736583,43.802924],[24.742931,43.789415],[24.754324,43.777045],[24.756765,43.772732],[24.762218,43.759385],[24.774343,43.740505]]]}},{"type":"Feature","properties":{"name":"Inn","rank":8},"geometry":{"type":"MultiLineString","coordinates":[[[9.746023,46.403184],[9.744395,46.424669],[9.755544,46.438259],[9.78297,46.455024],[9.799083,46.464057],[9.805593,46.475369],[9.815847,46.482774],[9.827078,46.488715],[9.836681,46.495429],[9.87086,46.536322],[9.904796,46.565985],[10.010509,46.638373],[10.086925,46.697699],[10.095632,46.706244],[10.097179,46.71662],[10.08839,46.737128],[10.089773,46.747626],[10.096934,46.758897],[10.105235,46.768175],[10.115733,46.775092],[10.129893,46.779161],[10.189952,46.781317],[10.299246,46.80683],[10.391775,46.84101],[10.428884,46.862128],[10.460704,46.889838],[10.514334,46.959988],[10.653575,47.061835],[10.65919,47.069525],[10.660655,47.079128],[10.657725,47.089423],[10.647146,47.107937],[10.638845,47.116523],[10.627452,47.122748],[10.603201,47.12995],[10.586681,47.131619],[10.578787,47.133572],[10.572276,47.138454],[10.570079,47.158393],[10.58839,47.174343],[10.703136,47.219428],[10.805186,47.229356],[10.829763,47.236599],[10.843191,47.24433],[10.863943,47.262478],[10.87615,47.268907],[11.026541,47.310981],[11.117117,47.309516],[11.22462,47.282904],[11.317638,47.282782],[11.36907,47.274848],[11.384288,47.276679],[11.43157,47.290635],[11.53655,47.30154],[11.60906,47.318427],[11.677013,47.345486],[11.762869,47.398993],[11.773936,47.403754],[11.822276,47.416815],[11.844005,47.429633],[11.881358,47.459174],[11.904226,47.471991],[12.031261,47.506537],[12.044444,47.511501],[12.054454,47.518093],[12.072683,47.535468],[12.084727,47.544623],[12.141287,47.577826],[12.201589,47.630072],[12.205333,47.636501],[12.206228,47.645819],[12.2046,47.672553],[12.201915,47.678046],[12.196707,47.680365],[12.18865,47.685858],[12.181163,47.69241],[12.177908,47.697943],[12.174734,47.711534],[12.167003,47.717149],[12.157481,47.719835],[12.149099,47.724677],[12.141775,47.737494],[12.135427,47.756781],[12.13087,47.778144],[12.129161,47.797309],[12.131277,47.805243],[12.141775,47.829413],[12.146007,47.834499],[12.156179,47.838935],[12.153982,47.849189],[12.142833,47.869249],[12.144542,47.910834],[12.150564,47.950385],[12.163259,47.987006],[12.184337,48.020087]]]}},{"type":"Feature","properties":{"name":"Bunga","rank":8},"geometry":{"type":"MultiLineString","coordinates":[[[8.908458,10.021552],[8.917979,10.031684],[8.928722,10.034125],[8.939626,10.0303],[8.949474,10.021552],[8.968679,10.033515],[8.983897,10.045437],[8.993582,10.061713],[9.000743,10.109442],[9.035574,10.186103],[9.048595,10.203477],[9.066417,10.215644],[9.090343,10.22016],[9.107188,10.226101],[9.122569,10.239936],[9.134695,10.256049],[9.141856,10.268622],[9.144542,10.27794],[9.146658,10.299994],[9.148611,10.309597],[9.153982,10.319525],[9.166677,10.337104],[9.173513,10.362372],[9.198741,10.400214],[9.22462,10.43891],[9.242931,10.454169],[9.261241,10.449815],[9.276378,10.442694],[9.330577,10.427924],[9.34669,10.425605],[9.362234,10.433214],[9.380382,10.460557],[9.391612,10.46662],[9.412283,10.467475],[9.428884,10.4713],[9.443044,10.479763],[9.456554,10.494493],[9.461843,10.51142],[9.466563,10.554226],[9.473562,10.562812],[9.484386,10.59752],[9.487315,10.598456],[9.499685,10.600653],[9.504324,10.603787],[9.505138,10.608344],[9.503429,10.620144],[9.504324,10.624864],[9.573253,10.740994],[9.592703,10.75963],[9.598399,10.771186],[9.600515,10.792792],[9.599132,10.829779],[9.601085,10.845079],[9.607921,10.864447],[9.598399,10.876166],[9.601003,10.89704],[9.611257,10.917019],[9.63738,10.935736],[9.637625,10.958441],[9.628429,11.001003],[9.637218,11.047675],[9.665701,11.085476],[9.72405,11.145616],[9.748302,11.193061],[9.751964,11.203681],[9.756847,11.228339],[9.77003,11.244696],[9.789317,11.254991],[9.823741,11.264838],[9.840017,11.271674],[9.847585,11.275946],[9.869151,11.293809],[9.87794,11.296454],[9.922048,11.337429],[9.940603,11.373155],[9.942556,11.414008],[9.93629,11.488227],[9.953543,11.566474],[9.958425,11.616156],[9.946544,11.638495],[9.943289,11.649359],[9.955089,11.673651],[9.980724,11.711046],[9.984141,11.71955],[9.988292,11.743435],[10.020925,11.766059],[10.025645,11.772528],[10.03419,11.795925],[10.052989,11.811143],[10.071788,11.820746],[10.080333,11.827175],[10.086925,11.840277],[10.115408,11.866726],[10.121267,11.885443],[10.128673,11.880194],[10.135997,11.879462],[10.142833,11.883572],[10.149181,11.89293],[10.143728,11.898505],[10.142019,11.903022],[10.143809,11.90766],[10.149181,11.913398],[10.139415,11.938096],[10.173839,11.982937],[10.162283,12.002794],[10.169688,12.008612],[10.182628,12.025906],[10.186778,12.029486],[10.195242,12.031277],[10.21754,12.043158],[10.215099,12.051378],[10.21754,12.055365],[10.224294,12.056708],[10.234304,12.056749],[10.237804,12.060411],[10.236339,12.078233],[10.237315,12.084744],[10.274181,12.117703],[10.279552,12.12877],[10.281423,12.12991],[10.287608,12.148749],[10.285655,12.146186],[10.292735,12.168565],[10.293875,12.169745],[10.319998,12.214423],[10.352468,12.251899],[10.367931,12.276313],[10.374522,12.306952],[10.381602,12.317165],[10.426036,12.361884],[10.436697,12.376166],[10.445567,12.392849],[10.457042,12.427354],[10.444835,12.437852],[10.449636,12.453721],[10.464122,12.468207],[10.480968,12.474473],[10.515066,12.505561],[10.517833,12.510688],[10.518972,12.521348],[10.521983,12.526313],[10.527354,12.529812],[10.539968,12.533393],[10.54656,12.537218],[10.562511,12.553494],[10.566905,12.557074],[10.590099,12.563503],[10.602306,12.568427],[10.597667,12.570746],[10.605886,12.579942],[10.635265,12.638983],[10.6421,12.642686],[10.662039,12.648505],[10.669363,12.652655],[10.674001,12.660671],[10.68157,12.682685],[10.708018,12.72366],[10.710948,12.732123],[10.716238,12.740098],[10.728526,12.746772]]]}},{"type":"Feature","properties":{"name":"Tekeze","rank":8},"geometry":{"type":"MultiLineString","coordinates":[[[39.266368,11.97488],[39.135997,11.940131],[39.076671,11.916531],[39.043224,11.910671],[38.933686,11.920233],[38.929128,11.918036],[38.91505,11.90823],[38.906016,11.905951],[38.892996,11.906928],[38.881847,11.909695],[38.871511,11.914171],[38.860932,11.920233],[38.8331,11.944892],[38.826915,11.954413],[38.825857,11.964952],[38.827159,11.978583],[38.825694,11.990343],[38.808035,12.000759],[38.798269,12.024115],[38.789561,12.029486],[38.768809,12.029486],[38.762218,12.031602],[38.759776,12.036322],[38.759207,12.043158],[38.746674,12.041693],[38.727631,12.032416],[38.717703,12.029486],[38.708263,12.030097],[38.685313,12.035102],[38.646576,12.03795],[38.627452,12.042914],[38.587901,12.063585],[38.560639,12.073188],[38.553152,12.077257],[38.534679,12.100938],[38.529552,12.10456],[38.50294,12.105658],[38.485362,12.110785],[38.473399,12.123318],[38.463796,12.146186],[38.455089,12.176622],[38.450125,12.18712],[38.442556,12.196845],[38.436046,12.202501],[38.431407,12.209784],[38.429617,12.224677],[38.433116,12.245632],[38.4581,12.310085],[38.461518,12.330268],[38.461436,12.355414],[38.455089,12.376736],[38.440196,12.385769],[38.430186,12.393866],[38.423106,12.413153],[38.416026,12.454657],[38.416108,12.476142],[38.428152,12.559027],[38.45045,12.59752],[38.4581,12.619167],[38.457774,12.641221],[38.4463,12.684272],[38.443289,12.704454],[38.448822,12.727973],[38.463308,12.741563],[38.505382,12.756293],[38.523204,12.765977],[38.557628,12.791938],[38.570811,12.797309],[38.614268,12.799506],[38.633718,12.803656],[38.649343,12.810899],[38.66505,12.82628],[38.663259,12.83808],[38.654714,12.852362],[38.646007,12.900824],[38.636485,12.909532],[38.621511,12.912299],[38.601573,12.919542],[38.584239,12.935614],[38.581716,12.952338],[38.590261,12.969062],[38.617198,13.001532],[38.656179,13.086208],[38.686697,13.134874],[38.716075,13.252061],[38.725108,13.272569],[38.730561,13.292548],[38.725108,13.310614],[38.727468,13.323798],[38.725108,13.374945],[38.721446,13.386298],[38.705007,13.393663],[38.698171,13.411689],[38.690929,13.454617],[38.677257,13.484483],[38.671967,13.502387],[38.669851,13.526557],[38.667491,13.536078],[38.661632,13.543769],[38.653819,13.548936],[38.6456,13.550808],[38.640717,13.556016],[38.635753,13.591742],[38.595144,13.644721],[38.587901,13.656928],[38.57724,13.662218],[38.512218,13.680487],[38.495535,13.688015],[38.487804,13.692654],[38.414561,13.751247],[38.383067,13.784532],[38.37558,13.790351],[38.365489,13.795518],[38.346609,13.802598],[38.328298,13.80447],[38.320323,13.794053],[38.318126,13.788438],[38.312266,13.7803],[38.304454,13.773017],[38.284272,13.76671],[38.274425,13.75963],[38.266694,13.752631],[38.261485,13.749376],[38.251557,13.746202],[38.236501,13.732123],[38.22755,13.728949],[38.193126,13.728949],[38.171316,13.732123],[38.133393,13.746202],[38.091807,13.751532],[38.054128,13.760932],[38.0088,13.765408],[38.000011,13.773139],[37.995372,13.787787],[37.98463,13.810858],[37.969249,13.826483],[37.916433,13.851833],[37.892019,13.881171],[37.877452,13.889106],[37.867931,13.872911],[37.858653,13.880154],[37.848888,13.884304],[37.83839,13.886339],[37.826264,13.887234],[37.826427,13.884955],[37.822276,13.880194],[37.816661,13.875312]]]}},{"type":"Feature","properties":{"name":"Karkheh","rank":8},"geometry":{"type":"MultiLineString","coordinates":[[[48.983165,33.947821],[48.977794,33.954454],[48.954519,33.97309],[48.949148,33.982286],[48.942963,34.002387],[48.928396,34.02619],[48.897227,34.064236],[48.887625,34.079372],[48.875662,34.13699],[48.871837,34.147406],[48.865815,34.15705],[48.871511,34.194363],[48.844819,34.235297],[48.777761,34.294216],[48.742442,34.316433],[48.723074,34.324978],[48.695811,34.331488],[48.680268,34.345649],[48.671316,34.348822],[48.660411,34.348985],[48.655528,34.348009],[48.651134,34.345079],[48.643565,34.342597],[48.635509,34.346503],[48.627452,34.352159],[48.620128,34.355048],[48.408295,34.346015],[48.3838,34.340522],[48.373057,34.331732],[48.367279,34.325263],[48.35434,34.324734],[48.331472,34.328315],[48.317882,34.326361],[48.295339,34.317084],[48.283702,34.314073],[48.271983,34.314399],[48.249929,34.319525],[48.23935,34.320909],[48.229991,34.317206],[48.223237,34.308458],[48.212576,34.290798],[48.197683,34.28266],[48.180431,34.282335],[48.127208,34.289374],[48.094656,34.298407],[48.08196,34.300401],[48.064871,34.307969],[48.031993,34.341254],[48.013682,34.348822],[47.997162,34.35163],[47.964854,34.364854],[47.948497,34.36933],[47.758393,34.377265],[47.72877,34.389757],[47.709239,34.381374],[47.694753,34.387274],[47.681082,34.397773],[47.664154,34.403428],[47.651866,34.40998],[47.650483,34.425238],[47.652599,34.44245],[47.650483,34.454942],[47.633881,34.463324],[47.611908,34.461615],[47.590261,34.453192],[47.574962,34.44127],[47.561127,34.427069],[47.546641,34.417507],[47.529063,34.411973],[47.506602,34.410264],[47.491791,34.40587],[47.434011,34.376166],[47.424408,34.36579],[47.414561,34.349921],[47.405854,34.331651],[47.399832,34.314073],[47.398204,34.289659],[47.396658,34.283962],[47.33839,34.198025],[47.343028,34.189561],[47.356049,34.173651],[47.358897,34.166938],[47.364268,34.159125],[47.388194,34.152655],[47.393565,34.146511],[47.396251,34.136786],[47.402273,34.130194],[47.409109,34.124091],[47.414073,34.116034],[47.415701,34.104519],[47.413097,34.085883],[47.414073,34.075059],[47.430919,34.04088],[47.479584,33.986518],[47.496674,33.950954],[47.487071,33.944281],[47.489268,33.929551],[47.503429,33.889512],[47.507253,33.857286],[47.509695,33.855333],[47.503347,33.844916],[47.495372,33.841091],[47.486257,33.839301],[47.475597,33.834906],[47.446788,33.807929],[47.424571,33.777696],[47.398855,33.752061],[47.358897,33.738715],[47.295828,33.731798],[47.275645,33.732489],[47.263601,33.735867],[47.256847,33.740058],[47.249522,33.742051],[47.235362,33.738715],[47.229584,33.734442],[47.223725,33.727647],[47.216726,33.721381],[47.208018,33.718207],[47.198009,33.720323],[47.184093,33.730902],[47.173839,33.732489],[47.15504,33.715888],[47.146007,33.711371],[47.099701,33.705024],[47.075125,33.705634],[47.057872,33.711371],[47.051199,33.704169],[47.047781,33.698594],[47.047781,33.692694],[47.051036,33.684109],[47.037364,33.676134],[47.00823,33.647813],[47.002533,33.639716],[47.013682,33.607245],[47.013194,33.593614],[46.995697,33.602118],[46.977468,33.595282],[46.962413,33.602484],[46.948741,33.614691],[46.934337,33.622626],[46.889415,33.623887],[46.862071,33.621405],[46.8449,33.61518],[46.842214,33.600124],[46.826671,33.561469],[46.827891,33.553738],[46.843516,33.546169],[46.865896,33.512885],[46.897472,33.49905],[46.923595,33.471259],[46.944591,33.464952],[46.999115,33.437038],[47.009369,33.433417],[47.013276,33.424872],[47.011811,33.41474],[47.000418,33.397284],[47.003184,33.388861],[47.016205,33.375556],[47.029389,33.365912],[47.047374,33.358913],[47.085053,33.348904],[47.086925,33.346259],[47.088308,33.341376],[47.091563,33.336737],[47.098725,33.334581],[47.104096,33.33572],[47.10906,33.340399],[47.115896,33.341417],[47.123627,33.339952],[47.129324,33.336249],[47.134044,33.33161],[47.183523,33.299872],[47.201182,33.293036],[47.201101,33.279853],[47.21933,33.264228],[47.244884,33.251288],[47.287364,33.242499],[47.410411,33.190863],[47.420909,33.180365],[47.426524,33.167914],[47.439464,33.164415],[47.454356,33.163682],[47.465343,33.159532],[47.489268,33.136013],[47.5088,33.10456],[47.521658,33.092393],[47.540619,33.087592],[47.555431,33.081366],[47.588145,33.051052],[47.606537,33.039822],[47.664561,33.015408],[47.694347,33.010362],[47.714773,33.001003],[47.721934,32.998847],[47.728933,32.999945],[47.740245,33.004584],[47.74586,33.005683],[47.752371,33.003485],[47.757416,32.998643],[47.76295,32.9914],[47.796641,32.981798],[47.804617,32.977729],[47.812266,32.968451],[47.817963,32.957384],[47.824474,32.948065],[47.845307,32.940945],[47.864757,32.926378],[47.887136,32.920925],[47.920665,32.903266],[47.973562,32.855902],[47.986095,32.847968],[48.010265,32.843288],[48.027843,32.830878],[48.040701,32.8133],[48.050873,32.793402],[48.053803,32.789374],[48.063487,32.779812],[48.065196,32.77912],[48.065359,32.774441],[48.064382,32.762519],[48.065196,32.758612],[48.082612,32.735216],[48.085053,32.727891],[48.080577,32.724636],[48.062999,32.702501],[48.061697,32.697211],[47.983409,32.66706],[47.965424,32.65351],[47.965587,32.638861],[47.97169,32.631537],[47.975597,32.623847],[47.973643,32.617743],[47.962169,32.615261],[47.945811,32.614081],[47.938975,32.610541],[47.90976,32.572211],[47.906993,32.56684],[47.909434,32.561387],[47.913015,32.561469],[47.916921,32.562608],[47.920665,32.560614],[47.924327,32.559149],[47.929128,32.560818],[47.933116,32.561387],[47.934825,32.556912],[47.934825,32.549384],[47.935639,32.54621],[47.937999,32.542914],[47.945242,32.537909],[47.953136,32.534532],[47.959565,32.530219],[47.962169,32.522488],[47.967052,32.518744],[47.977957,32.525255],[47.996186,32.539496],[48.009858,32.538194],[48.01588,32.532782],[48.018647,32.52558],[48.023692,32.51907],[48.053233,32.501044],[48.054698,32.497911],[48.106619,32.505398],[48.119151,32.505398],[48.122325,32.500759],[48.143809,32.479315],[48.147227,32.478095],[48.151134,32.466986],[48.150645,32.459174],[48.148448,32.451443],[48.147227,32.440212],[48.149506,32.417833],[48.159272,32.382392],[48.160737,32.360785],[48.158946,32.353868],[48.156016,32.347235],[48.153738,32.338975],[48.154552,32.327257],[48.171397,32.299913],[48.194916,32.231635],[48.222748,32.186957],[48.219737,32.171658],[48.213959,32.157335],[48.211029,32.144965],[48.215912,32.135443],[48.209972,32.121446],[48.209972,32.108018],[48.215912,32.080837],[48.214773,32.058946],[48.215912,32.052924],[48.220876,32.046902],[48.226573,32.044298],[48.231619,32.042751],[48.23585,32.039862],[48.265391,32.006659],[48.27003,31.998318],[48.262462,31.983507],[48.250906,31.973822],[48.247162,31.964464],[48.263764,31.950507],[48.253673,31.934109],[48.251231,31.910997],[48.254324,31.890489],[48.260183,31.881619],[48.28004,31.878241],[48.298839,31.872016],[48.317556,31.86872],[48.338308,31.874132],[48.342703,31.857001],[48.352306,31.841864],[48.366222,31.831081],[48.383311,31.826972],[48.407807,31.806464],[48.41212,31.801785],[48.417084,31.791327],[48.420909,31.785997],[48.425059,31.78502],[48.437918,31.786973],[48.441905,31.785997],[48.445567,31.778428],[48.447195,31.762803],[48.451915,31.75495],[48.461355,31.749945],[48.471283,31.748236],[48.479096,31.744696],[48.490001,31.714464],[48.508067,31.700303],[48.544363,31.6824],[48.576671,31.659125],[48.593191,31.643378],[48.595632,31.631781],[48.579519,31.618516],[48.458588,31.565009],[48.441824,31.544298],[48.455577,31.512274],[48.418386,31.48725],[48.396495,31.476833],[48.386729,31.480984],[48.379161,31.492865],[48.361339,31.498603],[48.324636,31.504828],[48.310313,31.514675],[48.294444,31.528347],[48.275808,31.540554],[48.189545,31.560614],[48.168224,31.559434],[48.152843,31.55268],[48.134695,31.540351],[48.119395,31.524848],[48.105968,31.488308],[48.08961,31.488145],[48.05836,31.504828],[48.04835,31.508083],[48.016856,31.512274],[48.013276,31.511013],[48.008556,31.508002],[48.002859,31.505194],[47.996186,31.504828],[47.990815,31.507676],[47.982514,31.516547],[47.978933,31.5185],[47.886322,31.531521],[47.846121,31.526313],[47.817312,31.510443],[47.790538,31.490098],[47.728282,31.456855],[47.696869,31.434434],[47.671479,31.407253],[47.661143,31.378241],[47.653087,31.365546],[47.637136,31.350775],[47.625418,31.334337],[47.629812,31.316759],[47.637706,31.299425],[47.640147,31.275173],[47.633881,31.253485],[47.61614,31.244167],[47.611257,31.234158],[47.579356,31.19245],[47.571788,31.186387],[47.567475,31.166938],[47.556651,31.150662],[47.543061,31.137763],[47.530203,31.128038],[47.54127,31.102484],[47.537852,31.082872],[47.528901,31.06448],[47.521902,31.02794],[47.516205,31.022569],[47.507498,31.019314],[47.496674,31.01142],[47.489268,30.998969],[47.485606,30.98725],[47.478608,30.978868],[47.466075,30.97602]]]}},{"type":"Feature","properties":{"name":"Blue Nile","rank":3},"geometry":{"type":"MultiLineString","coordinates":[[[34.379649,11.783067],[34.383881,11.769965],[34.386485,11.734402],[34.3803,11.690619],[34.390391,11.645372],[34.419037,11.590766],[34.459727,11.552436],[34.513438,11.522773],[34.55071,11.493109],[34.578624,11.462958],[34.613862,11.435736],[34.652924,11.412055],[34.683197,11.388292],[34.707123,11.352647],[34.720714,11.328966],[34.744558,11.307237],[34.777599,11.296454]]]}},{"type":"Feature","properties":{"name":"Blue Nile","rank":3},"geometry":{"type":"MultiLineString","coordinates":[[[34.379649,11.783067],[34.362315,11.952704],[34.352631,11.98371],[34.316824,12.06155],[34.31308,12.07449],[34.31129,12.10456],[34.305431,12.136583],[34.305756,12.154324],[34.348888,12.224677],[34.338145,12.242987],[34.33961,12.260606],[34.352306,12.296413],[34.354259,12.350409],[34.352306,12.365302],[34.343516,12.381863],[34.330496,12.393012],[34.297537,12.40998],[34.284109,12.420478],[34.270763,12.4442],[34.260509,12.45779],[34.243663,12.467312],[34.205984,12.469794],[34.187755,12.474473],[34.165945,12.493354],[34.154226,12.505968],[34.147472,12.515489],[34.143972,12.537543],[34.151296,12.552069],[34.178233,12.574164],[34.186046,12.590684],[34.180593,12.606024],[34.142833,12.643256],[34.137462,12.65351],[34.140066,12.704291],[34.133311,12.756293],[34.135509,12.768744],[34.141043,12.771186],[34.142589,12.774766],[34.133311,12.790473],[34.126557,12.79621],[34.110362,12.80154],[34.064871,12.836453],[34.054454,12.851874],[34.044932,12.875434],[34.043875,12.882351],[34.03948,12.89289],[34.029714,12.890163],[34.020437,12.882595],[34.017182,12.878607],[34.004405,12.871121],[33.995128,12.863552],[33.991628,12.865343],[33.996104,12.886054],[34.014903,12.912136],[34.021251,12.928249],[34.013438,12.944688],[33.986501,12.961615],[33.978526,12.971706],[33.975597,12.992214],[33.97877,12.999701],[33.985281,13.005805],[33.989268,13.01203],[33.98585,13.019802],[33.977794,13.025417],[33.962169,13.031195],[33.955089,13.036892],[33.942882,13.070746],[33.976329,13.123074],[33.972179,13.160102],[33.960948,13.164374],[33.927826,13.160509],[33.920909,13.170274],[33.927419,13.18769],[33.953298,13.210517],[33.955089,13.228624],[33.950694,13.236925],[33.945323,13.238959],[33.939464,13.239366],[33.934011,13.242947],[33.918956,13.264512],[33.913585,13.269599],[33.905854,13.271999],[33.884776,13.274766],[33.879405,13.276435],[33.874522,13.287543],[33.87379,13.31155],[33.869558,13.321153],[33.858165,13.323025],[33.836192,13.303087],[33.8213,13.307481],[33.803966,13.322821],[33.791026,13.330878],[33.776947,13.333197],[33.75587,13.331081],[33.727306,13.320665],[33.715343,13.322455],[33.701915,13.338487],[33.70045,13.346055],[33.703136,13.364325],[33.701915,13.372016],[33.695567,13.380479],[33.671153,13.403103],[33.661876,13.418524],[33.664073,13.429511],[33.670828,13.440212],[33.674571,13.454617],[33.673106,13.47252],[33.668875,13.490831],[33.662527,13.508124],[33.654063,13.522895],[33.647553,13.529079],[33.631602,13.539252],[33.626069,13.544623],[33.625092,13.551947],[33.62794,13.571804],[33.626069,13.578152],[33.58782,13.585639],[33.570079,13.594021],[33.574962,13.609158],[33.583425,13.621202],[33.593272,13.649726],[33.602143,13.663764],[33.609874,13.669013],[33.615489,13.669867],[33.618744,13.672797],[33.619884,13.68419],[33.619151,13.693874],[33.616791,13.704698],[33.612315,13.714789],[33.605561,13.722113],[33.591889,13.725043],[33.576264,13.723212],[33.561534,13.724189],[33.550385,13.735785],[33.551036,13.751329],[33.566498,13.756781],[33.605561,13.755642],[33.622651,13.761054],[33.624929,13.773017],[33.615815,13.78498],[33.598725,13.790351],[33.579112,13.792344],[33.560476,13.79918],[33.547374,13.811957],[33.5442,13.831977],[33.551524,13.849066],[33.564138,13.850938],[33.580577,13.848415],[33.598725,13.851833],[33.609874,13.862494],[33.616222,13.877956],[33.619233,13.895819],[33.619884,13.913601],[33.614513,13.930854],[33.590587,13.947821],[33.585216,13.962266],[33.593516,13.968573],[33.612234,13.970649],[33.631114,13.977078],[33.640391,13.996446],[33.612397,14.037421],[33.619395,14.043402],[33.634695,14.048041],[33.640391,14.051093],[33.652354,14.060981],[33.655772,14.066352],[33.660248,14.078396],[33.661225,14.086534],[33.659434,14.104275],[33.660248,14.112494],[33.664561,14.119818],[33.677338,14.133734],[33.680756,14.140448],[33.681163,14.15823],[33.674897,14.16531],[33.663097,14.170193],[33.646576,14.181423],[33.644216,14.186794],[33.642507,14.203152],[33.640391,14.208686],[33.630951,14.211493],[33.619558,14.209662],[33.609793,14.210761],[33.605561,14.222357],[33.608897,14.235907],[33.623057,14.259874],[33.626069,14.276679],[33.621023,14.290717],[33.54892,14.350287],[33.5442,14.359198],[33.550059,14.416938],[33.5442,14.434638],[33.514659,14.420478],[33.504161,14.434638],[33.50172,14.461005],[33.496349,14.4831],[33.48406,14.491767],[33.47047,14.49433],[33.459402,14.499823],[33.454845,14.517198],[33.452729,14.534695],[33.447195,14.544745],[33.427419,14.565009],[33.372325,14.66059],[33.35377,14.727362],[33.33839,14.750515],[33.317556,14.729519],[33.306651,14.742987],[33.305756,14.757636],[33.307546,14.773627],[33.303966,14.790961],[33.298757,14.79621],[33.283702,14.799872],[33.277273,14.803982],[33.274343,14.810736],[33.270274,14.828477],[33.256114,14.850409],[33.249115,14.878607],[33.221772,14.902045],[33.215831,14.916938],[33.21461,14.982733],[33.216563,14.990505],[33.219656,14.998562],[33.221934,15.007351],[33.221446,15.017442],[33.214854,15.030626],[33.192882,15.052761],[33.184093,15.065253],[33.179454,15.08393],[33.179454,15.101101],[33.177419,15.117458],[33.167084,15.133857],[33.125662,15.161689],[33.112804,15.174506],[33.091726,15.219346],[33.084972,15.229763],[33.069347,15.238878],[33.053233,15.243476],[33.038585,15.249579],[33.026866,15.263617],[33.002859,15.285753],[32.967459,15.292914],[32.92864,15.295722],[32.893077,15.304877],[32.83782,15.339626],[32.788259,15.357245],[32.77296,15.369981],[32.754405,15.397813],[32.742198,15.409776],[32.724864,15.41474],[32.710867,15.422471],[32.705577,15.440497],[32.704031,15.461005],[32.700694,15.476142],[32.676768,15.503689],[32.620128,15.545762],[32.598237,15.573025],[32.584483,15.606635],[32.575125,15.618516],[32.557384,15.627021],[32.547944,15.626532],[32.538666,15.622829],[32.528412,15.620225],[32.516205,15.623318],[32.50823,15.62698],[32.488862,15.632595]],[[35.350841,10.149115],[35.341075,10.163682],[35.336192,10.168972],[35.324229,10.184353],[35.316417,10.203884],[35.312266,10.225775],[35.311941,10.248114],[35.314382,10.26081],[35.328705,10.297065],[35.3296,10.308539],[35.326915,10.317491],[35.31837,10.336046],[35.312592,10.356879],[35.308686,10.366034],[35.294688,10.384548],[35.289806,10.393907],[35.286632,10.404324],[35.285411,10.416083],[35.290457,10.454779],[35.287852,10.467637],[35.273936,10.498481],[35.264415,10.511908],[35.251475,10.523546],[35.243582,10.527615],[35.218272,10.532742],[35.209727,10.536404],[35.20224,10.541612],[35.183116,10.560492],[35.177338,10.563829],[35.154552,10.569403],[35.147472,10.572821],[35.142507,10.578477],[35.140636,10.586982],[35.139578,10.597968],[35.134776,10.617011],[35.1338,10.627997],[35.135509,10.636583],[35.143972,10.648749],[35.147472,10.658393],[35.14796,10.668484],[35.146088,10.689521],[35.147472,10.699327],[35.153087,10.710761],[35.165619,10.725653],[35.170014,10.748481],[35.179291,10.768866],[35.18157,10.778835],[35.180186,10.789822],[35.175059,10.810981],[35.174734,10.823513],[35.194021,10.875922],[35.198822,10.884955],[35.200776,10.893256],[35.198253,10.942735],[35.19337,10.956163],[35.176768,10.97663],[35.169932,10.98782],[35.166026,11.003363],[35.167247,11.03323],[35.165701,11.04914],[35.184662,11.064236],[35.193858,11.085273],[35.192963,11.108344],[35.182058,11.12934],[35.162852,11.143378],[35.117117,11.162421],[35.099213,11.175238],[35.083914,11.200303],[35.077078,11.219916],[35.065033,11.233466],[35.034597,11.240749],[34.966807,11.240505],[34.932872,11.244493],[34.904226,11.258612],[34.896658,11.26085],[34.890636,11.256781],[34.885265,11.251003],[34.879649,11.248074],[34.86435,11.249213],[34.840587,11.25434],[34.825857,11.255479],[34.811697,11.259955],[34.799246,11.270941],[34.777599,11.296454]]]}},{"type":"Feature","properties":{"name":"Sakarya","rank":8},"geometry":{"type":"MultiLineString","coordinates":[[[29.534597,40.038275],[29.532481,40.059516],[29.518158,40.075385],[29.47991,40.097846],[29.467703,40.107489],[29.458751,40.117987],[29.452403,40.130316],[29.44752,40.145046],[29.449229,40.171698],[29.467459,40.183458],[29.490489,40.191026],[29.506928,40.204901],[29.50823,40.221055],[29.515147,40.234158],[29.526541,40.243923],[29.541108,40.250027],[29.550873,40.250922],[29.57073,40.249091],[29.580333,40.249945],[29.586681,40.252387],[29.604421,40.262803],[29.646658,40.271674],[29.734955,40.267524],[29.777599,40.272244],[29.808849,40.292019],[29.851817,40.35456],[29.881602,40.37641],[29.949799,40.397976],[29.960216,40.39704],[29.981375,40.391669],[29.991466,40.392646],[30.013682,40.41002],[30.05185,40.467637],[30.074311,40.489529],[30.099864,40.499132],[30.180105,40.501736],[30.224864,40.510321],[30.2706,40.528347],[30.308116,40.556708],[30.327891,40.5963],[30.331554,40.626044],[30.333263,40.632148],[30.336843,40.637641],[30.342459,40.643012],[30.351573,40.648749],[30.370128,40.653673],[30.374115,40.65705],[30.374604,40.6612],[30.374115,40.66767],[30.372976,40.673204],[30.371186,40.67475],[30.377208,40.682685],[30.381358,40.701361],[30.384288,40.707831],[30.388682,40.71015],[30.400401,40.712917],[30.404796,40.715277],[30.407319,40.715888],[30.415619,40.714545],[30.418468,40.715277],[30.418956,40.718085],[30.417735,40.72602],[30.418468,40.728868],[30.423269,40.735948],[30.424246,40.741726],[30.424083,40.747748],[30.425873,40.755561],[30.442149,40.797227],[30.454031,40.815619],[30.473643,40.838731],[30.48878,40.845526],[30.499278,40.853298],[30.510834,40.858588],[30.525401,40.863593],[30.526296,40.863389],[30.548269,40.871609],[30.574229,40.872707],[30.578298,40.874986],[30.592133,40.889797],[30.59726,40.893134],[30.59726,40.900173],[30.590261,40.915391],[30.589122,40.935818],[30.585053,40.954006],[30.569428,40.968492],[30.519705,40.97366],[30.501964,40.977729],[30.514659,40.989569],[30.507823,41.002631],[30.519623,40.998643],[30.528575,40.996853],[30.536632,40.998643],[30.545909,41.006049],[30.554617,41.011013],[30.567312,41.014268],[30.578543,41.013454],[30.586436,41.0008],[30.593191,41.008857],[30.614757,41.058417],[30.617686,41.070868],[30.610606,41.076239],[30.60377,41.083279],[30.598725,41.090928],[30.597179,41.098212],[30.600597,41.106716],[30.606619,41.103624],[30.613048,41.0963],[30.617686,41.091986],[30.633393,41.091091],[30.641612,41.095526],[30.64503,41.108466],[30.6456,41.132921]]]}},{"type":"Feature","properties":{"name":"Kura","rank":8},"geometry":{"type":"MultiLineString","coordinates":[[[46.33839,40.89997],[46.340017,40.899604],[46.351736,40.898871],[46.386485,40.901719],[46.4345,40.91059],[46.473725,40.91588],[46.568289,40.934841],[46.733165,40.921169],[46.787852,40.9112],[46.889415,40.875759],[46.967296,40.837958],[46.985606,40.827338],[47.000418,40.809638],[47.009369,40.793321],[47.020112,40.779975]]]}},{"type":"Feature","properties":{"name":"Kura","rank":8},"geometry":{"type":"MultiLineString","coordinates":[[[43.288259,40.975287],[43.28297,40.947211],[43.305105,40.913438],[43.356619,40.858588],[43.372651,40.825873],[43.383311,40.815009],[43.401541,40.810818],[43.42571,40.816026],[43.435802,40.817003],[43.446381,40.814724],[43.453624,40.809272],[43.459483,40.802843],[43.466563,40.797797]],[[42.822276,40.920681],[42.809662,40.91824],[42.799734,40.910915],[42.791515,40.903144],[42.784679,40.899604],[42.763682,40.902289],[42.72405,40.913031],[42.699311,40.913845],[42.631277,40.901394],[42.607188,40.899604],[42.601085,40.904975],[42.595795,40.9289],[42.593191,40.934353],[42.491791,40.966498],[42.458507,40.970038],[42.44752,40.973944],[42.427257,40.983954],[42.456309,41.043769],[42.47405,41.071234],[42.49879,41.091905],[42.526378,41.103583],[42.64446,41.125312],[42.65504,41.125759],[42.681733,41.122667],[42.694916,41.122626],[42.707937,41.126288],[42.734874,41.144232],[42.784434,41.187567],[42.81308,41.203192],[42.835867,41.205878],[42.856375,41.19953],[42.895274,41.177314],[42.921967,41.172187],[42.976492,41.176134],[43.000987,41.1671],[43.029552,41.176459],[43.058116,41.173774],[43.085378,41.174831],[43.110281,41.195258],[43.158702,41.278144],[43.18214,41.300157],[43.200857,41.30976],[43.241628,41.321885],[43.260997,41.330878],[43.269216,41.338243],[43.276947,41.3546],[43.28297,41.363349],[43.291433,41.369167],[43.325125,41.376776],[43.316661,41.397895],[43.31544,41.4053],[43.316417,41.435981],[43.314138,41.44831],[43.288666,41.487006],[43.283132,41.499294],[43.280854,41.513454],[43.283214,41.52204],[43.292979,41.5362],[43.295177,41.547227],[43.260997,41.564317],[43.237885,41.581488],[43.226329,41.585395],[43.182546,41.577948],[43.171397,41.581326],[43.153331,41.595771],[43.141205,41.599066],[43.097179,41.599066],[43.089122,41.594428],[43.082937,41.587429],[43.074962,41.584418],[43.062429,41.59162],[43.055268,41.613105],[43.062104,41.641791],[43.076101,41.66946],[43.089854,41.687445],[43.122488,41.713446],[43.384532,41.852159],[43.479584,41.930243],[43.536225,41.967231],[43.609874,42.002021],[43.750987,42.049913],[43.78419,42.054999],[43.815847,42.050116],[43.908702,42.023505],[43.92392,42.021186],[43.939138,42.020453],[43.954845,42.022406],[43.985606,42.029853],[44.001231,42.031806],[44.03183,42.026801],[44.0831,41.998969],[44.110444,41.987901],[44.201264,41.981757],[44.231537,41.974555],[44.309825,41.934272],[44.339936,41.926622],[44.392589,41.920437],[44.438569,41.912624],[44.482432,41.899237],[44.524832,41.880072],[44.709972,41.834255],[44.740489,41.820095],[44.759532,41.796658],[44.760753,41.78738],[44.759532,41.76789],[44.761648,41.758897],[44.802826,41.700222],[44.813487,41.692165],[44.868744,41.66767],[44.870616,41.659613],[44.921641,41.644599],[44.935313,41.634101],[44.961029,41.595323],[44.966401,41.589423],[45.001475,41.577948],[45.011241,41.561876],[45.003917,41.531277],[45.011729,41.513454],[45.025157,41.497178],[45.033702,41.483181],[45.062918,41.420966],[45.069347,41.399604],[45.073497,41.390163],[45.080333,41.386176],[45.090831,41.383409],[45.095714,41.376288],[45.098399,41.343288],[45.102143,41.336534],[45.148692,41.302354],[45.168386,41.293524],[45.211925,41.285834],[45.252208,41.264838],[45.275808,41.256456],[45.388682,41.246527],[45.454031,41.229193],[45.488373,41.231309],[45.50172,41.229193],[45.511241,41.224718],[45.530284,41.211005],[45.532481,41.208075],[45.551768,41.201728],[45.561453,41.186469],[45.569265,41.16824],[45.583751,41.152777],[45.592703,41.15001],[45.615489,41.148464],[45.625255,41.146593],[45.660248,41.122992],[45.669688,41.11933],[45.694916,41.120876],[45.707937,41.120063],[45.717784,41.115912],[45.722667,41.106757],[45.72405,41.085639],[45.727631,41.077704],[45.749604,41.068793],[45.772065,41.069444],[45.789561,41.064887],[45.796641,41.039862],[45.806244,41.031033],[45.872325,41.009467],[45.906342,40.986151],[45.920177,40.982123],[45.931651,40.98432],[45.944916,40.989325],[45.958751,40.991645],[45.971609,40.985867],[45.999034,40.958197],[46.009858,40.952419],[46.016043,40.959296],[46.016043,40.971625],[46.009532,40.982123],[46.03183,40.990424],[46.046967,40.975857],[46.058849,40.954169],[46.070893,40.941189],[46.072032,40.944932],[46.080658,40.951972],[46.092865,40.958604],[46.104421,40.961615],[46.118256,40.957343],[46.136811,40.938585],[46.146007,40.934353],[46.154552,40.937567],[46.174897,40.951687],[46.187022,40.954779],[46.201264,40.950385],[46.226736,40.93122],[46.238536,40.926866],[46.259369,40.923692],[46.309093,40.90705],[46.340017,40.899604]],[[47.020112,40.779975],[47.023692,40.776068],[47.043712,40.76789],[47.051768,40.762559],[47.057872,40.755561],[47.058035,40.73786],[47.060639,40.726508],[47.068126,40.721462],[47.078136,40.716335],[47.073334,40.704657],[47.064138,40.692084],[47.06129,40.684149],[47.069021,40.677273],[47.076427,40.674506],[47.098725,40.673651],[47.10906,40.675116],[47.118175,40.678168],[47.127696,40.678982],[47.13974,40.673651],[47.145274,40.666693],[47.156179,40.644314],[47.156505,40.639472],[47.178152,40.640163],[47.189464,40.639228],[47.194347,40.636054],[47.192149,40.623236],[47.187429,40.613552],[47.182546,40.60574],[47.180105,40.598578],[47.180675,40.586453],[47.183197,40.580024],[47.194347,40.570624],[47.216889,40.557318],[47.228526,40.547675],[47.220144,40.536811],[47.218516,40.523871],[47.222179,40.514675],[47.231944,40.51911],[47.246186,40.533149],[47.255626,40.540391],[47.263276,40.54328],[47.281016,40.53323],[47.278331,40.514594],[47.272227,40.496649],[47.279796,40.488715],[47.291026,40.48546],[47.29892,40.478461],[47.304454,40.471381],[47.307628,40.468207],[47.31129,40.465928],[47.310802,40.456163],[47.314464,40.453925],[47.329845,40.453681],[47.341807,40.45543],[47.353119,40.45893],[47.360769,40.456651],[47.358897,40.440863],[47.352794,40.432969],[47.332286,40.42121],[47.324148,40.413601],[47.378184,40.398627],[47.386241,40.387559],[47.365733,40.36518],[47.384776,40.359442],[47.422455,40.363959],[47.434011,40.351508],[47.427826,40.343207],[47.423839,40.334337],[47.421479,40.324652],[47.420909,40.313992],[47.425873,40.315701],[47.43629,40.30683],[47.444916,40.2956],[47.444835,40.290066],[47.523936,40.282579],[47.516124,40.274359],[47.497488,40.268175],[47.489268,40.262152],[47.483979,40.254014],[47.48585,40.250515],[47.490896,40.247667],[47.496674,40.241645],[47.5171,40.208116],[47.54127,40.177924],[47.543875,40.172716],[47.559174,40.176785],[47.575857,40.187812],[47.59547,40.196723],[47.619558,40.194444],[47.628022,40.18891],[47.6338,40.17711],[47.640066,40.172716],[47.651866,40.172187],[47.660655,40.176459],[47.669526,40.178819],[47.681651,40.172716],[47.712413,40.202582],[47.724132,40.203192],[47.72877,40.176459],[47.73585,40.16352],[47.752208,40.159735],[47.770518,40.158555],[47.783295,40.15351],[47.784272,40.141425],[47.789643,40.116278],[47.801362,40.096747],[47.821544,40.101386],[47.831309,40.105496],[47.841889,40.103949],[47.852794,40.100287],[47.862804,40.098253],[47.870535,40.095038],[47.886974,40.081],[47.893158,40.077745],[47.899913,40.079657],[47.908783,40.088324],[47.91448,40.090847],[47.920502,40.090277],[47.930268,40.08572],[47.934825,40.084581],[47.951671,40.07807],[47.963634,40.07628],[47.969005,40.081163],[47.967865,40.102851],[47.968516,40.11404],[47.972097,40.122423],[47.982839,40.127061],[47.994884,40.122382],[48.006847,40.115017],[48.016856,40.111884],[48.03712,40.121772],[48.057221,40.135199],[48.072765,40.136054],[48.078868,40.108222],[48.086436,40.096544],[48.140391,40.070909],[48.149669,40.067979],[48.157725,40.067491],[48.16212,40.063422],[48.160737,40.049872],[48.193126,40.062323],[48.211518,40.065375],[48.229015,40.063503],[48.236501,40.060167],[48.245616,40.05447],[48.253184,40.047309],[48.259858,40.030951],[48.267996,40.033271],[48.280284,40.043647],[48.283946,40.044867],[48.289073,40.04739],[48.295828,40.049628],[48.30421,40.049872],[48.312266,40.045762],[48.320242,40.032294],[48.328298,40.029364],[48.36142,40.035183],[48.377208,40.035956],[48.393565,40.029364],[48.403901,40.037787],[48.413259,40.040595],[48.422944,40.039496],[48.4345,40.0362],[48.440359,40.03323],[48.449229,40.025092],[48.455577,40.022528],[48.466238,40.022162],[48.472341,40.024726],[48.477631,40.027777],[48.486095,40.029364],[48.504975,40.035671],[48.524099,40.050727],[48.558035,40.084581],[48.577891,40.09866],[48.591563,40.098741],[48.603038,40.089219],[48.61671,40.074327],[48.62794,40.0692],[48.640636,40.071072],[48.653412,40.075385],[48.664806,40.077745],[48.667572,40.075751],[48.668468,40.07099],[48.667898,40.06037],[48.668875,40.052273],[48.671479,40.051134],[48.67571,40.052029],[48.701427,40.041287],[48.724132,40.038113],[48.742768,40.033149],[48.750499,40.019477],[48.762299,40.015163],[48.819347,40.007758],[48.839285,40.002712],[48.87322,39.981553],[48.901866,39.95779],[48.904063,39.95364],[48.909434,39.950222],[48.916026,39.942003],[48.919932,39.931952],[48.917735,39.923285],[48.909434,39.910915],[48.909597,39.902167],[48.92571,39.879462],[48.937022,39.867255],[48.941661,39.858018],[48.942149,39.851671],[48.941173,39.832587],[48.941661,39.82453],[48.944835,39.816474],[48.953136,39.805609],[48.955333,39.796658],[48.952159,39.790066],[48.945893,39.782416],[48.941905,39.774197],[48.945323,39.765896],[48.976573,39.743191],[48.99171,39.728949],[48.993175,39.718085],[48.982351,39.703803],[48.968516,39.676215],[48.955333,39.666287],[48.990164,39.654079],[49.000092,39.642768],[49.003673,39.621527],[49.006928,39.6164],[49.014171,39.610297],[49.021414,39.60224],[49.024099,39.591173],[48.996837,39.570665],[48.996837,39.563829],[49.01295,39.55683],[49.021007,39.54739],[49.023855,39.534857],[49.024099,39.518866],[49.017833,39.502997],[48.989675,39.482245],[48.983165,39.470771],[49.001394,39.452419],[49.081147,39.444525],[49.099213,39.436957],[49.118663,39.426093],[49.243175,39.419867],[49.312999,39.395941],[49.346283,39.376288],[49.366791,39.350938]]]}},{"type":"Feature","properties":{"name":"Yonne","rank":8},"geometry":{"type":"MultiLineString","coordinates":[[[3.967784,47.040066],[3.94044,47.087836],[3.936778,47.10456],[3.935557,47.118842],[3.929617,47.129503],[3.912608,47.135606],[3.878347,47.169745],[3.861257,47.168769],[3.848562,47.17239],[3.823741,47.184027],[3.809744,47.187201],[3.77589,47.184027],[3.745616,47.188585],[3.716075,47.201036],[3.688243,47.21955],[3.662608,47.242051],[3.650076,47.257595],[3.65032,47.265245],[3.655772,47.271674],[3.65919,47.283026],[3.660574,47.29031],[3.663503,47.294298],[3.665945,47.298611],[3.666026,47.306952],[3.663585,47.310004],[3.658621,47.312812],[3.653982,47.317003],[3.649669,47.333767],[3.644542,47.334011],[3.638194,47.332058],[3.632579,47.334906],[3.629568,47.341986],[3.625173,47.358466],[3.610769,47.380723],[3.608653,47.391791],[3.612071,47.423651],[3.597667,47.418158],[3.580333,47.420478],[3.563487,47.427802],[3.550059,47.437323],[3.552989,47.447577],[3.550304,47.45421],[3.544119,47.455756],[3.536388,47.450954],[3.518321,47.473253],[3.519216,47.496283],[3.531993,47.51557],[3.550059,47.526679],[3.565115,47.529161],[3.59075,47.526475],[3.604666,47.526679],[3.603201,47.528266],[3.607921,47.532782],[3.618337,47.54031],[3.616954,47.537218],[3.62379,47.535102],[3.638194,47.533515],[3.634939,47.542792],[3.635916,47.549506],[3.641531,47.55329],[3.651866,47.553982],[3.645925,47.579128],[3.645681,47.584662],[3.649343,47.595771],[3.658458,47.595526],[3.669688,47.592597],[3.679861,47.595526],[3.684988,47.604315],[3.684337,47.611884],[3.681407,47.61872],[3.679861,47.625678],[3.681082,47.681749],[3.677419,47.687079],[3.666026,47.697333],[3.656179,47.70185],[3.64503,47.703803],[3.636241,47.708604],[3.632579,47.721503],[3.599376,47.737576],[3.591075,47.746405],[3.591319,47.755683],[3.597097,47.764187],[3.612071,47.779893],[3.594168,47.79088],[3.585216,47.79796],[3.577403,47.807196],[3.578624,47.811306],[3.576101,47.839382],[3.573985,47.845079],[3.535899,47.903184],[3.536388,47.920478],[3.513927,47.954413],[3.462332,47.972113],[3.369151,47.987616],[3.369314,47.988552],[3.354503,47.994452],[3.302989,48.012641]]]}},{"type":"Feature","properties":{"name":"Aoukalé","rank":8},"geometry":{"type":"MultiLineString","coordinates":[[[22.846609,11.035753],[22.82545,11.023749],[22.794607,10.978949],[22.771007,10.960028],[22.750255,10.956977],[22.68214,10.974311],[22.672618,10.975206],[22.637706,10.974311],[22.627696,10.976264],[22.608572,10.985378],[22.600271,10.987982],[22.576589,10.985297],[22.555186,10.979193],[22.53419,10.98074],[22.511485,11.001003],[22.502371,10.992377],[22.490164,10.993354],[22.475759,10.998114],[22.459972,11.001003],[22.446707,10.998481],[22.437022,10.991767],[22.418712,10.970893],[22.406505,10.963202],[22.391287,10.958686],[22.360606,10.953803],[22.338878,10.947943],[22.318126,10.939561],[22.305431,10.932685],[22.286794,10.916124],[22.27589,10.908718],[22.267833,10.909125],[22.252615,10.915554],[22.239675,10.906073],[22.228933,10.892117],[22.200125,10.868842],[22.18922,10.83751],[22.175792,10.816433],[22.147716,10.830919],[22.132009,10.828681],[22.048106,10.837185],[22.029063,10.828925],[22.017833,10.810126],[22.010753,10.789496],[22.004405,10.775702],[22.014089,10.754747],[22.003184,10.743476],[21.942556,10.728461],[21.925059,10.720282],[21.894542,10.699327],[21.871593,10.677802],[21.867849,10.676378],[21.863048,10.668077],[21.852306,10.670356],[21.832449,10.680121],[21.822032,10.678982],[21.802989,10.673855],[21.794932,10.672675],[21.784353,10.669501],[21.77825,10.662421],[21.773692,10.655341],[21.767996,10.652167],[21.75294,10.650946],[21.73585,10.646348],[21.722179,10.636908],[21.716319,10.621161],[21.714122,10.60163],[21.704845,10.572048],[21.702647,10.552558],[21.704845,10.532172],[21.714122,10.493842],[21.716319,10.477403],[21.719981,10.468126],[21.737559,10.448188],[21.743663,10.439276],[21.743907,10.432644],[21.742361,10.425971],[21.742931,10.419135],[21.750499,10.411973],[21.719981,10.360948],[21.716319,10.339952],[21.717296,10.329169],[21.721609,10.314317],[21.722585,10.306179],[21.718272,10.29682],[21.708263,10.293769],[21.696951,10.292589],[21.688487,10.289089],[21.676443,10.269355],[21.668386,10.249335],[21.655691,10.233832],[21.630056,10.227607],[21.624766,10.224677],[21.592784,10.214667],[21.589122,10.216742],[21.578787,10.212429],[21.566173,10.214667],[21.553884,10.218858],[21.544444,10.22016],[21.512706,10.20071],[21.484874,10.164496],[21.432791,10.04621],[21.406423,10.005723],[21.37379,9.973253],[21.339041,9.960069],[21.32545,9.962958],[21.284679,9.978787],[21.270681,9.987413],[21.256358,9.975898],[21.205089,9.917019],[21.197927,9.903144],[21.195079,9.887519],[21.186697,9.885321],[21.131358,9.849636],[21.121267,9.832058],[21.106212,9.7956],[21.105398,9.79206],[21.106212,9.778266],[21.104747,9.774237],[21.101085,9.774441],[21.096609,9.77558],[21.09254,9.774522],[21.079845,9.762803],[21.072683,9.757839],[21.065196,9.754665],[21.061697,9.756374],[21.052419,9.766059],[21.047862,9.768337],[21.042166,9.767279],[21.039561,9.764919],[21.038585,9.762315],[21.037364,9.76085],[21.031993,9.758165],[21.025157,9.753445],[21.019298,9.748114],[21.016856,9.74376],[21.013682,9.724636],[20.999522,9.697577],[20.996349,9.6824],[20.995535,9.648464],[20.989513,9.635769],[20.975352,9.631171],[20.975352,9.624335],[20.979666,9.620144],[20.981375,9.617011],[20.982677,9.603827],[20.967052,9.610785],[20.961681,9.607123],[20.959972,9.598253],[20.955333,9.589545],[20.933767,9.577257],[20.924571,9.56977],[20.920665,9.559149],[20.91212,9.544501],[20.873546,9.502712],[20.863292,9.493964],[20.840831,9.484565],[20.833751,9.462673],[20.832205,9.437445],[20.825694,9.41824],[20.819753,9.416368],[20.812755,9.419298],[20.806163,9.423529]]]}},{"type":"Feature","properties":{"name":"Talkeh","rank":8},"geometry":{"type":"MultiLineString","coordinates":[[[45.755626,37.72724],[45.803396,37.794623],[45.837169,37.828884],[45.882498,37.843329],[45.904552,37.842882],[45.923269,37.845649],[45.934337,37.857489],[45.933686,37.884223],[45.92921,37.890652],[45.911388,37.909491],[45.907481,37.917914],[45.90919,37.926215],[45.914154,37.932196],[45.922781,37.936103],[45.969656,37.948594],[45.996349,37.97252],[46.084402,38.016303],[46.093272,38.025214],[46.112885,38.055121],[46.129324,38.066474],[46.170177,38.076199],[46.187022,38.083523],[46.197846,38.093614],[46.209972,38.096951],[46.222748,38.0987],[46.235444,38.103949],[46.240164,38.109565],[46.245697,38.122992],[46.250255,38.128445],[46.256928,38.13113],[46.265636,38.131659],[46.274425,38.130683],[46.281668,38.128852],[46.295828,38.120144],[46.318289,38.094794],[46.332774,38.086859],[46.342865,38.086046],[46.353282,38.087836],[46.435802,38.125067],[46.461681,38.132432],[46.543386,38.142686],[46.584402,38.156277],[46.608409,38.159247],[46.779796,38.151801],[46.78655,38.154568],[46.802175,38.16767],[46.810802,38.172227],[46.82366,38.173651],[46.835948,38.171942],[46.85849,38.166042],[46.877859,38.164578],[46.904877,38.170478],[46.927419,38.172227],[46.946788,38.163682],[46.960216,38.143826],[46.975841,38.103949],[46.98878,38.084255],[47.002859,38.074083],[47.021414,38.07038],[47.071381,38.06741],[47.092459,38.061062],[47.132335,38.042548],[47.126069,38.042548],[47.142589,38.031765],[47.177989,38.000596],[47.190929,37.994086],[47.210541,37.987738],[47.248057,37.982001],[47.263276,37.97366],[47.293549,37.944648],[47.310802,37.935899],[47.335216,37.932685],[47.344819,37.929511],[47.364675,37.915391],[47.372569,37.912177],[47.383881,37.9112],[47.394623,37.908474],[47.404714,37.90412],[47.414073,37.898546],[47.427338,37.902615],[47.44101,37.895779],[47.454845,37.885281],[47.468761,37.878038],[47.520763,37.879584],[47.539561,37.893988],[47.575857,37.905544],[47.593679,37.91116],[47.618337,37.914008],[47.642589,37.919379],[47.665538,37.933132],[47.690522,37.951606],[47.743663,37.983913],[47.756765,37.998318],[47.767345,38.01435],[47.785248,38.0338],[47.797293,38.053249],[47.793224,38.069363],[47.780528,38.087917],[47.771495,38.113308],[47.765147,38.1435]]]}},{"type":"Feature","properties":{"name":"Gongola","rank":8},"geometry":{"type":"MultiLineString","coordinates":[[[9.117198,9.722683],[9.130382,9.739285],[9.153331,9.757392],[9.178966,9.771999],[9.200206,9.777859],[9.29835,9.773383],[9.328136,9.776679],[9.350271,9.785997],[9.357921,9.799587],[9.359874,9.817654],[9.365001,9.840684],[9.381033,9.864814],[9.401541,9.871609],[9.457449,9.868028],[9.519949,9.874783],[9.533621,9.874783],[9.560232,9.869574],[9.573985,9.868679],[9.655447,9.882758],[9.695811,9.895941],[9.753917,9.922065],[9.856944,9.946234],[9.919444,9.952582],[9.945242,9.962958],[9.953624,9.97073],[9.968923,9.989691],[9.979015,9.997829],[10.011485,10.0185],[10.020437,10.026231],[10.033376,10.044542],[10.0595,10.105658],[10.082693,10.143378],[10.115164,10.226671],[10.128673,10.242051],[10.169688,10.252631],[10.209483,10.29088],[10.229666,10.306098],[10.241954,10.310329],[10.267263,10.315131],[10.279714,10.318956],[10.294932,10.327094],[10.388357,10.390692],[10.408214,10.4088],[10.424815,10.432888],[10.433849,10.452216],[10.438894,10.469306],[10.460216,10.591091],[10.486746,10.669867],[10.511974,10.71369],[10.689952,10.932156],[10.830821,11.030463],[10.870291,11.050849],[10.912527,11.065294],[10.979747,11.077704],[10.99879,11.07864],[11.017589,11.077338],[11.050466,11.070421],[11.059093,11.067654],[11.068126,11.065945],[11.080089,11.06627],[11.08782,11.068468],[11.10255,11.07628],[11.110118,11.078803],[11.117361,11.078315],[11.130056,11.073106],[11.136974,11.072862],[11.266368,11.111518],[11.314952,11.112657],[11.368419,11.100206],[11.41212,11.07628],[11.450125,11.042344],[11.486501,10.999945],[11.511648,10.961453],[11.525645,10.923163],[11.535411,10.836859],[11.532237,10.797675],[11.514659,10.720771],[11.512462,10.681912],[11.522146,10.559149],[11.51588,10.519314],[11.506277,10.497341],[11.482432,10.462673],[11.475515,10.440985],[11.468272,10.3463],[11.474376,10.325873],[11.488455,10.309678],[11.510916,10.297187],[11.564871,10.280341],[11.584158,10.269232],[11.628347,10.212673],[11.645925,10.199774],[11.667491,10.192694],[11.694509,10.197211],[11.742361,10.227729],[11.76824,10.233181],[11.790457,10.223415],[11.802257,10.203803],[11.807058,10.179714],[11.807546,10.156521],[11.800466,10.115098],[11.800466,10.097276],[11.809581,10.07685],[11.82781,10.058295],[11.850759,10.045722],[11.902517,10.031195],[11.934337,10.029486],[11.959239,10.031562],[11.976085,10.025173],[11.98463,9.998358],[12.014415,9.759955],[12.010753,9.707221],[12.014822,9.689724],[12.025645,9.675645],[12.06129,9.655829],[12.066417,9.641872],[12.024669,9.463935]]]}},{"type":"Feature","properties":{"name":"Blue Nile","rank":3},"geometry":{"type":"MultiLineString","coordinates":[[[37.386729,11.633979],[37.390391,11.621202],[37.38795,11.585964],[37.388764,11.570176],[37.3956,11.549831],[37.404389,11.546902],[37.41627,11.547919],[37.445893,11.533311],[37.473155,11.534206],[37.501475,11.51793],[37.601654,11.495225],[37.614675,11.488227],[37.65504,11.436713],[37.662608,11.407579],[37.681082,11.378607],[37.743582,11.312771],[37.764903,11.296454],[37.78004,11.280056],[37.785818,11.275946],[37.795909,11.272895],[37.816905,11.269232],[37.826915,11.265408],[37.840261,11.256659],[37.871349,11.224148],[37.877696,11.220771],[37.885834,11.219916],[37.902354,11.220771],[37.91155,11.218817],[37.923106,11.209825],[37.930105,11.207099],[37.94752,11.20657],[37.961681,11.207953],[37.975352,11.207221],[37.991466,11.200263],[38.023204,11.179796],[38.038259,11.174628],[38.067882,11.171983],[38.086355,11.166287],[38.094168,11.162706],[38.104747,11.159613],[38.113373,11.1612],[38.122081,11.164374],[38.131928,11.166083],[38.149832,11.16413],[38.179861,11.154649],[38.196869,11.151801],[38.200776,11.153022],[38.213634,11.162706],[38.218679,11.16531],[38.222179,11.163601],[38.225678,11.160509],[38.230968,11.159247],[38.258311,11.159247],[38.279877,11.155463],[38.295421,11.150458],[38.327159,11.131944],[38.364757,11.098171],[38.37558,11.090399],[38.39088,11.089423],[38.413585,11.09101],[38.434337,11.089789],[38.443289,11.08043],[38.447765,11.067084],[38.458507,11.051134],[38.481863,11.025824],[38.488862,11.013495],[38.49171,10.996202],[38.49171,10.963731],[38.496023,10.948757],[38.51474,10.922065],[38.519054,10.905788],[38.516205,10.88642],[38.505382,10.850653],[38.505382,10.830919],[38.510753,10.815456],[38.524425,10.791531],[38.52589,10.775702],[38.523692,10.769802],[38.515147,10.75491],[38.512218,10.747748],[38.511322,10.741482],[38.513194,10.692084],[38.51116,10.680609],[38.505382,10.665839],[38.475352,10.623969],[38.471283,10.607489],[38.468028,10.546169],[38.470632,10.513983],[38.488862,10.477078],[38.47934,10.449001],[38.481863,10.43244],[38.48642,10.416938],[38.489268,10.386176],[38.497976,10.370958],[38.488048,10.363227],[38.482921,10.353787],[38.456309,10.245876],[38.450125,10.234442],[38.44101,10.226996],[38.432058,10.223497],[38.426362,10.217841],[38.427419,10.20364],[38.433686,10.182969],[38.435069,10.172553],[38.433035,10.161485],[38.418712,10.142117],[38.396495,10.131171],[38.371023,10.126899],[38.347097,10.12755],[38.321544,10.134141],[38.311534,10.134304],[38.301768,10.13227],[38.274506,10.122382],[38.246186,10.116523],[38.237804,10.111151],[38.234467,10.107001],[38.227143,10.088162],[38.225352,10.085232],[38.200206,10.060574],[38.192312,10.055447],[38.182872,10.051052],[38.123057,10.03559],[37.981212,9.969591],[37.934825,9.936957],[37.925304,9.933295],[37.907237,9.932074],[37.897553,9.930447],[37.890391,9.92654],[37.884776,9.920681],[37.875499,9.907497],[37.866954,9.898627],[37.79599,9.859402],[37.786632,9.857001],[37.778738,9.857978],[37.771007,9.860297],[37.762136,9.861762],[37.747081,9.858466],[37.718761,9.843695],[37.702891,9.842841],[37.609304,9.911892],[37.594249,9.929389],[37.589285,9.941718],[37.56544,9.968329],[37.545421,9.996161],[37.531342,10.0067],[37.435964,10.048407],[37.402273,10.058539],[37.367686,10.062567],[37.352794,10.057156],[37.347911,10.044501],[37.34433,10.029853],[37.333507,10.018419],[37.323009,10.017157],[37.314708,10.021837],[37.308035,10.030097],[37.303152,10.039252],[37.299571,10.050727],[37.299083,10.072537],[37.297455,10.084499],[37.289154,10.094591],[37.273936,10.101915],[37.256847,10.106065],[37.243582,10.106553],[37.231537,10.103949],[37.225678,10.103542],[37.219493,10.104844],[37.209972,10.110216],[37.186046,10.134548],[37.172944,10.16828],[37.184581,10.198757],[37.199636,10.227078],[37.1963,10.25434],[37.181082,10.261542],[37.11378,10.261746],[37.094249,10.2685],[37.07545,10.279364],[37.046153,10.302761],[36.90211,10.330024],[36.861339,10.34455],[36.840912,10.348944],[36.794363,10.351752],[36.783783,10.354438],[36.774425,10.35932],[36.768077,10.365546],[36.762706,10.372097],[36.756765,10.376654],[36.748057,10.377143],[36.723725,10.370185],[36.714447,10.369656],[36.600352,10.379991],[36.554291,10.37934],[36.534434,10.386664],[36.520925,10.405951],[36.51946,10.423448],[36.52239,10.441352],[36.522065,10.458279],[36.511729,10.472846],[36.500418,10.477159],[36.48935,10.475409],[36.439952,10.452094],[36.432709,10.446397],[36.429698,10.437771],[36.430919,10.402777],[36.427013,10.388983],[36.418224,10.381659],[36.393321,10.373806],[36.381114,10.365424],[36.373464,10.35338],[36.361501,10.326606],[36.345225,10.3039],[36.341401,10.295193],[36.339936,10.286648],[36.340017,10.279364],[36.342784,10.256049],[36.342296,10.248074],[36.34075,10.24018],[36.33839,10.232774],[36.333263,10.224473],[36.319835,10.214545],[36.313569,10.207587],[36.304861,10.189236],[36.288503,10.165839],[36.282807,10.160956],[36.265391,10.150173],[36.246349,10.14171],[36.226573,10.137152],[36.206309,10.137519],[36.154552,10.150987],[36.138601,10.151964],[36.126557,10.148871],[36.104015,10.138617],[36.091319,10.136501],[36.0796,10.139024],[36.056163,10.149441],[36.044932,10.150417],[36.039073,10.147569],[36.029226,10.138007],[36.023041,10.134548],[36.015066,10.132595],[36.010834,10.132188],[36.006847,10.132595],[36.003347,10.133979],[35.998546,10.138129],[35.995697,10.139594],[35.98878,10.139716],[35.979421,10.137641],[35.970144,10.134467],[35.963634,10.131171],[35.958507,10.126654],[35.947195,10.109442],[35.942882,10.104682],[35.928722,10.093533],[35.924734,10.086982],[35.923106,10.08039],[35.92213,10.066107],[35.911225,10.044949],[35.88974,10.031073],[35.864187,10.023627],[35.840017,10.021552],[35.819021,10.02615],[35.795909,10.044704],[35.747488,10.054755],[35.736827,10.05447],[35.727631,10.048936],[35.723725,10.039578],[35.723888,10.028428],[35.726492,10.018093],[35.736095,9.995551],[35.736827,9.984402],[35.729015,9.975653],[35.720225,9.972602],[35.691173,9.967475],[35.677013,9.962958],[35.670421,9.963202],[35.663992,9.967149],[35.659434,9.972927],[35.650401,9.993598],[35.640554,10.006619],[35.628022,10.016547],[35.61378,10.02379],[35.590017,10.032742],[35.569916,10.050116],[35.505951,10.089871],[35.49586,10.10696],[35.477306,10.116645],[35.441661,10.130805],[35.433035,10.123562],[35.415538,10.115505],[35.408132,10.110297],[35.398041,10.116563],[35.37672,10.125352],[35.367198,10.130805],[35.361339,10.135565],[35.357026,10.140082],[35.350841,10.149115]]]}},{"type":"Feature","properties":{"name":"Adige","rank":8},"geometry":{"type":"MultiLineString","coordinates":[[[10.710948,46.827175],[10.689708,46.830186],[10.667003,46.839138],[10.644949,46.844753],[10.624929,46.837714],[10.606619,46.828152],[10.560802,46.820868],[10.539073,46.813503],[10.529714,46.7685],[10.53004,46.712226],[10.53655,46.703315],[10.57838,46.667263],[10.615245,46.650946],[10.680919,46.635443],[10.713634,46.632514],[10.778331,46.633897],[10.845225,46.628241],[10.909434,46.631415],[10.931163,46.635565],[10.951345,46.642401],[10.967703,46.652696],[10.978445,46.656562],[11.000173,46.650214],[11.008962,46.652696],[11.016124,46.657782],[11.084158,46.685126],[11.104666,46.690131],[11.118419,46.687201],[11.163829,46.646674],[11.176443,46.629177],[11.191335,46.587917],[11.203136,46.568468],[11.221446,46.560248],[11.231375,46.552191],[11.272634,46.506293],[11.300222,46.491238],[11.306895,46.484565],[11.306163,46.477484],[11.303722,46.466132],[11.303722,46.455634],[11.310557,46.450995],[11.311778,46.439399],[11.258311,46.309841],[11.240001,46.280137],[11.218028,46.259223],[11.162852,46.232245],[11.146007,46.220771],[11.101329,46.169867],[11.091075,46.161811],[11.084972,46.159206],[11.081798,46.156684],[11.080984,46.149359],[11.082449,46.138861],[11.086681,46.125067],[11.092214,46.112982],[11.107921,46.099962],[11.115164,46.081855],[11.121837,46.046332],[11.121593,46.027533],[11.118582,46.00495],[11.112804,45.986029],[11.104747,45.978054],[11.094493,45.947333],[11.089285,45.940497],[11.053477,45.929633],[11.038341,45.91828],[11.002126,45.878445],[10.994884,45.858954],[11.002371,45.83572],[11.013845,45.812323],[11.018809,45.792426],[11.009207,45.773057],[10.990001,45.758246],[10.95045,45.737169],[10.916921,45.708279],[10.888438,45.676378],[10.895925,45.668972],[10.848074,45.6081],[10.840587,45.59573],[10.835704,45.589667],[10.83074,45.586982],[10.821462,45.584337],[10.820811,45.577663],[10.822683,45.568671],[10.820811,45.559109],[10.802745,45.529853],[10.802419,45.515326],[10.813406,45.498236],[10.826915,45.491075],[10.863292,45.483832],[10.875499,45.477118],[10.888113,45.47956],[10.933604,45.481757],[10.943614,45.480577],[10.951589,45.47073],[10.969737,45.459052],[11.005789,45.442979],[11.003103,45.439399],[10.998302,45.429999],[11.016368,45.430121],[11.024425,45.431993],[11.032481,45.436225],[11.028331,45.416531],[11.039561,45.401231],[11.073985,45.381537],[11.073985,45.395209],[11.194347,45.370469],[11.25172,45.34752],[11.259044,45.31269],[11.272634,45.31269],[11.272634,45.306464],[11.268484,45.30504],[11.259044,45.299628],[11.261648,45.294542],[11.26238,45.291449],[11.259695,45.287299],[11.252208,45.27912],[11.28004,45.264919],[11.276541,45.248074],[11.292491,45.224921],[11.331065,45.186062],[11.341726,45.178087],[11.382498,45.161811],[11.395763,45.151475],[11.406423,45.14057],[11.417898,45.131903],[11.44573,45.126532],[11.478689,45.116523],[11.488292,45.111274],[11.496593,45.111355],[11.539561,45.128363],[11.566824,45.129218],[11.60255,45.1258],[11.637625,45.118598],[11.663097,45.107856],[11.694347,45.110867],[11.718679,45.110297],[11.753835,45.0987],[11.773936,45.107367],[11.800955,45.128363],[11.840017,45.138861],[12.081065,45.147406],[12.115001,45.142035],[12.189138,45.114325],[12.228445,45.108832],[12.266368,45.120876],[12.280935,45.128241],[12.28533,45.133857],[12.286876,45.145372],[12.321462,45.164903]]]}},{"type":"Feature","properties":{"name":"Byk Menderes","rank":8},"geometry":{"type":"MultiLineString","coordinates":[[[30.480398,38.35871],[30.48406,38.318956],[30.481049,38.285509],[30.468761,38.261176],[30.453868,38.244086],[30.434825,38.215196],[30.417247,38.204454],[30.395274,38.199001],[30.374441,38.198594],[30.355479,38.194037],[30.337983,38.177761],[30.31837,38.159288],[30.292735,38.146104],[30.26767,38.140489],[30.249278,38.139757],[30.23821,38.134833],[30.223074,38.103135],[30.211192,38.097439],[30.195323,38.095567],[30.163585,38.084988],[30.153819,38.089464],[30.144623,38.098171],[30.114187,38.112657],[30.094493,38.127061],[30.076589,38.146837],[30.052419,38.186306],[30.041026,38.197048],[30.026134,38.19949],[29.987071,38.194159],[29.967784,38.195421],[29.949799,38.203437],[29.932872,38.2178],[29.899913,38.228705],[29.843028,38.236192],[29.783621,38.228054],[29.740977,38.214545],[29.716563,38.204128],[29.688894,38.207831],[29.651378,38.178656],[29.586192,38.146267],[29.569021,38.129747],[29.557221,38.115261],[29.483897,38.076199],[29.457774,38.069648],[29.438243,38.081488],[29.429291,38.105292],[29.425548,38.150824],[29.410167,38.176866],[29.391124,38.196723],[29.348237,38.219835],[29.336029,38.218044],[29.311941,38.231309],[29.298757,38.226874],[29.284923,38.220771],[29.252208,38.212185],[29.223562,38.213202],[29.216726,38.205919],[29.204682,38.170966],[29.198253,38.159003],[29.182058,38.150458],[29.164561,38.149522],[29.129161,38.152899],[29.08839,38.15058],[29.069021,38.14411],[29.058604,38.12995],[29.036143,38.118272],[29.011811,38.103583],[29.000499,38.094591],[28.990245,38.084052],[28.984955,38.075873],[28.978119,38.057481],[28.974132,38.049831],[28.960704,38.033555],[28.957042,38.025824],[28.954356,37.994412],[28.955007,37.988634],[28.957612,37.9831],[28.961355,37.978827],[28.963634,37.974189],[28.962657,37.967475],[28.95574,37.96015],[28.944591,37.955146],[28.898692,37.945665],[28.876475,37.947455],[28.831309,37.959499],[28.785818,37.966376],[28.739513,37.966905],[28.71282,37.96369],[28.689708,37.955349],[28.668386,37.942572],[28.647716,37.926378],[28.630951,37.91706],[28.383556,37.887071],[28.346772,37.889838],[28.304861,37.898505],[28.284597,37.898871],[28.186697,37.873725],[28.171886,37.867051],[28.160574,37.859727],[28.148855,37.855902],[28.132091,37.859727],[28.129405,37.861843],[28.124604,37.867743],[28.121186,37.870063],[28.116791,37.870876],[28.067556,37.868028],[28.056407,37.865017],[28.038259,37.859931],[28.02239,37.857937],[27.952891,37.86168],[27.935476,37.858588],[27.921153,37.851426],[27.90683,37.836493],[27.901134,37.831855],[27.894623,37.82864],[27.879649,37.82331],[27.823171,37.791856],[27.789643,37.783393],[27.671479,37.805772],[27.659679,37.81037],[27.649099,37.807563],[27.636485,37.788682],[27.622488,37.793809],[27.615815,37.797553],[27.609874,37.802314],[27.615977,37.809149],[27.597341,37.805691],[27.55128,37.802191],[27.534109,37.796169],[27.534109,37.788682],[27.551199,37.782416],[27.532319,37.778388],[27.486339,37.774441],[27.485037,37.766181],[27.484386,37.735785],[27.483165,37.730333],[27.485769,37.722113],[27.475515,37.708116],[27.480072,37.699286],[27.46575,37.686306],[27.467865,37.684597],[27.469819,37.68476],[27.471609,37.683905],[27.472667,37.678819],[27.46575,37.678819],[27.46575,37.672634],[27.480479,37.666531],[27.486095,37.65705],[27.486908,37.645779],[27.486339,37.634467],[27.477468,37.627875],[27.424815,37.617377],[27.424815,37.610541],[27.431163,37.609931],[27.444753,37.604315],[27.426524,37.594062],[27.408376,37.580878],[27.388194,37.570665],[27.362804,37.569607],[27.370209,37.562771],[27.366466,37.561835],[27.36378,37.561876],[27.362559,37.560655],[27.362804,37.555935],[27.375987,37.549384],[27.371837,37.544867],[27.359874,37.542182],[27.34905,37.541612],[27.337332,37.544542],[27.311046,37.554714],[27.30071,37.555935],[27.289317,37.551581],[27.268077,37.538845],[27.25294,37.535468],[27.249278,37.537421],[27.242442,37.54682],[27.239187,37.549099],[27.233897,37.548122],[27.227061,37.542833],[27.212169,37.538438],[27.206472,37.540107],[27.201915,37.540391],[27.190847,37.541612],[27.189057,37.544745],[27.187022,37.546902],[27.184662,37.548122],[27.182058,37.548774]],[[27.28004,37.545356],[27.27825,37.53323],[27.257742,37.52558],[27.231537,37.521064],[27.211925,37.51496],[27.216401,37.512519],[27.216726,37.511583],[27.218761,37.508124],[27.207286,37.505886],[27.199718,37.498969],[27.194753,37.489691],[27.190847,37.48017]]]}},{"type":"Feature","properties":{"name":"Haliacmon","rank":8},"geometry":{"type":"MultiLineString","coordinates":[[[20.821951,40.370144],[20.841319,40.400987],[20.868093,40.428575],[20.86671,40.440863],[20.873546,40.446967],[20.901378,40.461371],[20.997976,40.408311],[21.050059,40.401557],[21.099376,40.427273],[21.121593,40.455024],[21.145925,40.482978],[21.158702,40.492499],[21.171397,40.496161],[21.226085,40.502305],[21.231375,40.497138],[21.235606,40.48546],[21.242931,40.473741],[21.257091,40.468207],[21.255056,40.463813],[21.252208,40.452216],[21.250255,40.447699],[21.266531,40.443305],[21.280447,40.437364],[21.292735,40.429877],[21.304942,40.420437],[21.304942,40.427273],[21.312022,40.423163],[21.325694,40.417589],[21.332774,40.413601],[21.334483,40.417589],[21.334646,40.418484],[21.335623,40.418565],[21.339041,40.420437],[21.344737,40.412299],[21.351329,40.406358],[21.358816,40.402371],[21.366954,40.399929],[21.362804,40.392279],[21.362071,40.386664],[21.366954,40.372016],[21.374278,40.372016],[21.381765,40.376085],[21.388927,40.373114],[21.395518,40.3664],[21.401052,40.358954],[21.406016,40.340399],[21.489757,40.262152],[21.485037,40.257921],[21.480154,40.251776],[21.476085,40.249091],[21.479503,40.237982],[21.484141,40.230577],[21.490001,40.229112],[21.496593,40.235419],[21.503429,40.235419],[21.511241,40.225124],[21.521251,40.219062],[21.529307,40.211005],[21.530772,40.194444],[21.534597,40.196967],[21.544444,40.20071],[21.547618,40.193305],[21.550466,40.18891],[21.558116,40.180203],[21.558116,40.159735],[21.544119,40.159532],[21.535167,40.155626],[21.532725,40.148627],[21.537608,40.139228],[21.527761,40.139716],[21.519298,40.138495],[21.503429,40.132392],[21.511241,40.123481],[21.516043,40.112331],[21.523204,40.102607],[21.537608,40.098253],[21.537608,40.090847],[21.530772,40.090847],[21.530772,40.084581],[21.549246,40.071804],[21.562266,40.056098],[21.569835,40.038398],[21.572439,40.019477],[21.582042,40.00434],[21.624441,39.980048],[21.6338,39.961046],[21.638357,39.961371],[21.639659,39.962104],[21.639822,39.964057],[21.640636,39.967882],[21.65089,39.962714],[21.657725,39.965522],[21.664561,39.971259],[21.674815,39.974718],[21.680593,39.973822],[21.696056,39.969062],[21.706065,39.967882],[21.724864,39.969794],[21.746349,39.974799],[21.766612,39.982367],[21.787283,39.994656],[21.792654,39.994574],[21.798595,39.995917],[21.805675,40.002712],[21.813731,40.014228],[21.815196,40.018826],[21.813406,40.022895],[21.808767,40.045966],[21.794688,40.068305],[21.791515,40.081163],[21.796153,40.0987],[21.808279,40.104193],[21.824148,40.105902],[21.840505,40.111884],[21.843028,40.117458],[21.846853,40.135362],[21.849783,40.139228],[21.857921,40.140692],[21.863536,40.144355],[21.868337,40.149034],[21.890798,40.164374],[21.898936,40.172716],[21.923757,40.212104],[21.93336,40.222195],[21.946056,40.23017],[21.96339,40.235419],[21.955984,40.235419],[22.020681,40.273383],[22.02825,40.276435],[22.037039,40.278388],[22.04713,40.283149],[22.055593,40.288764],[22.059011,40.293484],[22.064464,40.295925],[22.09075,40.300605],[22.099376,40.303738],[22.10255,40.30976],[22.10963,40.330837],[22.113699,40.337836],[22.142996,40.349189],[22.147716,40.355251],[22.153738,40.370632],[22.167735,40.381171],[22.183604,40.389919],[22.195567,40.399929],[22.209239,40.434109],[22.227061,40.459988],[22.235118,40.475287],[22.271251,40.509141],[22.286306,40.51671],[22.321544,40.529975],[22.336436,40.540229],[22.342703,40.548529],[22.345144,40.553656],[22.350271,40.55626],[22.372,40.558132],[22.382253,40.561103],[22.392833,40.565375],[22.401622,40.570624],[22.414561,40.580512],[22.426036,40.587022],[22.441417,40.590644],[22.466482,40.591742],[22.488943,40.586493],[22.505789,40.574286],[22.520925,40.560574],[22.538829,40.550727],[22.559744,40.549384],[22.581716,40.551134],[22.599294,40.548407],[22.61321,40.521999],[22.644705,40.48961],[22.654959,40.481879]]]}},{"type":"Feature","properties":{"name":"Doubs","rank":8},"geometry":{"type":"MultiLineString","coordinates":[[[6.150157,46.647569],[6.143321,46.66824],[6.146251,46.686143],[6.163341,46.700059],[6.185802,46.710883],[6.22283,46.733181],[6.258311,46.747748],[6.285899,46.763048],[6.288015,46.776882],[6.286143,46.793972],[6.297293,46.800482],[6.338796,46.834581],[6.340017,46.851874],[6.349864,46.861925],[6.362804,46.868598],[6.372976,46.875556],[6.3567,46.913113],[6.352957,46.933539],[6.359304,46.950019],[6.366873,46.946112],[6.375011,46.944648],[6.383556,46.945502],[6.392507,46.94835],[6.424083,46.968695],[6.484141,47.022325],[6.506358,47.03323],[6.55421,47.03323],[6.566335,47.035712],[6.601736,47.052802],[6.605479,47.053005],[6.615733,47.051703],[6.620779,47.052069],[6.627126,47.054633],[6.639089,47.061957],[6.645925,47.06391],[6.644705,47.067735],[6.648936,47.07685],[6.658702,47.091498],[6.666759,47.096137],[6.676524,47.099229],[6.695811,47.101671],[6.73113,47.099148],[6.745535,47.104275],[6.744151,47.121283],[6.774181,47.128445],[6.839773,47.169745],[6.858816,47.191189],[6.887869,47.211534],[6.955821,47.245469],[6.951671,47.270331],[6.958018,47.290839],[6.976817,47.304023],[7.009776,47.306952],[7.018728,47.309638],[7.029063,47.317328],[7.037771,47.320624],[7.042735,47.319851],[7.048595,47.316962],[7.055837,47.314399],[7.065115,47.314399],[7.13323,47.334906],[7.156668,47.34752],[7.168386,47.358466],[7.167491,47.368964],[7.10255,47.361518],[7.083751,47.356309],[7.075206,47.355333],[7.047618,47.355333],[6.986257,47.347927],[6.917898,47.347927],[6.898936,47.345404],[6.868337,47.335395],[6.859548,47.334906],[6.849376,47.329169],[6.832937,47.326728],[6.798106,47.32807],[6.778575,47.332343],[6.766531,47.338324],[6.759776,47.346137],[6.756521,47.355333],[6.756847,47.363145],[6.760671,47.373643],[6.767751,47.385199],[6.777599,47.396308],[6.773204,47.406806],[6.778494,47.415229],[6.78655,47.42536],[6.795584,47.455919],[6.807384,47.455512],[6.822276,47.451199],[6.835948,47.454372],[6.844005,47.466742],[6.84197,47.477729],[6.832449,47.486396],[6.818614,47.491889],[6.80421,47.492214],[6.791921,47.48782],[6.780772,47.482042],[6.770193,47.478217],[6.72283,47.478217],[6.715587,47.474799],[6.709239,47.469509],[6.694509,47.463935],[6.647878,47.454047],[6.625743,47.439032],[6.612559,47.437323],[6.604991,47.442939],[6.597423,47.453315],[6.58961,47.461534],[6.582042,47.461208],[6.564708,47.44477],[6.555349,47.446845],[6.546072,47.445502],[6.537608,47.441962],[6.530528,47.437323],[6.546804,47.432156],[6.554942,47.430609],[6.564708,47.430487],[6.564708,47.423651],[6.547781,47.421902],[6.531016,47.41828],[6.515636,47.412055],[6.502696,47.402533],[6.504649,47.398383],[6.508067,47.387397],[6.510183,47.383246],[6.490245,47.378485],[6.438162,47.3758],[6.42449,47.372382],[6.416026,47.366278],[6.406179,47.362982],[6.3838,47.361518],[6.378835,47.359198],[6.351817,47.341742],[6.337169,47.343573],[6.311778,47.339138],[6.287852,47.33157],[6.277354,47.324286],[6.26588,47.31448],[6.210948,47.296454],[6.142589,47.28974],[6.119884,47.283759],[6.098562,47.273383],[6.093191,47.27265],[6.086599,47.273627],[6.081065,47.273627],[6.078787,47.269721],[6.078543,47.260362],[6.077078,47.256049],[6.067882,47.248603],[6.055349,47.241034],[6.043875,47.240668],[6.016612,47.245469],[6.021251,47.240912],[6.026378,47.234809],[6.030447,47.231879],[5.947765,47.197089],[5.958181,47.197455],[5.961436,47.197089],[5.961436,47.190863],[5.930105,47.179633],[5.916515,47.179755],[5.899343,47.190863],[5.893077,47.184027],[5.906749,47.176581],[5.906749,47.169745],[5.898367,47.164578],[5.895763,47.159288],[5.894705,47.153266],[5.889659,47.145819],[5.882091,47.142279],[5.86378,47.142279],[5.844656,47.134141],[5.848318,47.161689],[5.842296,47.169745],[5.793468,47.17182],[5.77711,47.169745],[5.731212,47.14879],[5.721853,47.142442],[5.715587,47.142442],[5.707205,47.150906],[5.688487,47.152655],[5.616628,47.143419],[5.585378,47.135606],[5.57073,47.126654],[5.549571,47.104071],[5.536876,47.094672],[5.520925,47.092597],[5.500011,47.092231],[5.485525,47.087958],[5.489187,47.074164],[5.481212,47.067898],[5.459158,47.055854],[5.450857,47.053738],[5.452647,47.052517],[5.452891,47.04914],[5.451915,47.044379],[5.44988,47.038642],[5.446788,47.03266],[5.443126,47.026964],[5.438731,47.022284],[5.433849,47.018907],[5.441335,47.012763],[5.416433,47.012803],[5.390636,47.00788],[5.376231,46.993232],[5.385997,46.964301],[5.375906,46.957384],[5.369314,46.933132],[5.358165,46.923367],[5.348399,46.929389],[5.337901,46.931423],[5.327566,46.929389],[5.3178,46.923367],[5.296072,46.935004],[5.263357,46.937812],[5.230479,46.931667],[5.208507,46.916531],[5.206472,46.92475],[5.202322,46.930121],[5.1963,46.933865],[5.187999,46.937038],[5.173025,46.931464],[5.167654,46.930772],[5.163341,46.933132],[5.158214,46.937567],[5.154307,46.941962],[5.153982,46.943874],[5.131277,46.943223],[5.115733,46.937323],[5.076345,46.905382],[5.062511,46.900824],[5.047781,46.900743],[5.013357,46.904324],[4.993419,46.904079],[4.97283,46.899848],[4.9546,46.889228],[4.96754,46.873847],[4.964285,46.853135],[4.951101,46.83336]]]}},{"type":"Feature","properties":{"name":"Mures","rank":8},"geometry":{"type":"MultiLineString","coordinates":[[[25.672862,46.635362],[25.642589,46.636013],[25.614513,46.639675],[25.579112,46.652899],[25.516612,46.670111],[25.49464,46.680447],[25.473725,46.693142],[25.456635,46.709337],[25.446707,46.730292],[25.446788,46.750515],[25.461681,46.788642],[25.466401,46.808905],[25.461029,46.853949],[25.439871,46.885199],[25.407156,46.90587],[25.367686,46.919135],[25.176362,46.967637],[25.154389,46.968329],[25.091889,46.962592],[25.066661,46.964423],[25.000011,46.984687],[24.958018,46.98489],[24.915457,46.971259],[24.838878,46.92768],[24.818614,46.912421],[24.801768,46.895453],[24.759288,46.834988],[24.707286,46.785956],[24.611501,46.634589],[24.544607,46.560614],[24.4546,46.506456],[24.355154,46.473334],[24.26002,46.462348],[24.237722,46.466173],[24.198253,46.482367],[24.158376,46.487738],[24.152599,46.487006],[24.143728,46.482204],[24.136241,46.474555],[24.130789,46.459499],[24.126882,46.455634],[24.111095,46.453681],[24.110281,46.459784],[24.112966,46.469184],[24.107595,46.477078],[24.090831,46.481228],[24.081472,46.477973],[24.074148,46.471462],[24.064138,46.465399],[24.052419,46.451606],[24.048757,46.448065],[24.044932,46.449246],[24.035655,46.458808],[24.030772,46.460069],[24.021169,46.454657],[24.001475,46.438178],[23.990652,46.431586],[23.740001,46.36225],[23.730968,46.354315],[23.736501,46.3463],[23.747081,46.337836],[23.753184,46.328559],[23.74879,46.308376],[23.721934,46.274726],[23.713878,46.254747],[23.715831,46.248481],[23.72169,46.244412],[23.729991,46.240831],[23.724376,46.217841],[23.699474,46.155463],[23.698009,46.147284],[23.695323,46.139228],[23.688243,46.129706],[23.678152,46.122341],[23.659434,46.118109],[23.648855,46.113389],[23.632335,46.09752],[23.604015,46.056342],[23.586925,46.03913],[23.572276,46.03205],[23.540457,46.025417],[23.525157,46.020087],[23.517019,46.018866],[23.501475,46.024115],[23.493337,46.022406],[23.475515,46.014472],[23.438162,46.003363],[23.420421,45.995673],[23.389903,45.969916],[23.376964,45.96308],[23.375173,45.963731],[23.352957,45.968695],[23.319591,45.96308],[23.258311,45.941433],[23.245128,45.934638],[23.23699,45.9289],[23.220632,45.912543],[23.208018,45.905219],[23.160574,45.895941],[23.113943,45.875352],[23.090831,45.868964],[23.064464,45.870795],[23.043956,45.87873],[23.004405,45.90119],[22.984548,45.909695],[22.870046,45.944648],[22.845714,45.946967],[22.790212,45.940253],[22.764171,45.940212],[22.649099,45.954169],[22.545339,45.950141],[22.520763,45.953152],[22.493907,45.961941],[22.468191,45.974189],[22.446788,45.987738],[22.416677,46.017279],[22.395763,46.022284],[22.308849,46.016954],[22.266124,46.025906],[22.24464,46.025987],[22.202647,46.017524],[22.135427,46.016791],[22.12086,46.019802],[22.11378,46.023993],[22.09905,46.036811],[22.065684,46.051825],[22.03533,46.086859],[22.016043,46.102322],[21.986095,46.110948],[21.785167,46.108181],[21.773936,46.110175],[21.752126,46.117947],[21.740896,46.119696],[21.727306,46.117947],[21.688406,46.105007],[21.677013,46.10456],[21.66627,46.106065],[21.506358,46.148871],[21.423757,46.150092],[21.397716,46.153632],[21.377126,46.164415],[21.339041,46.194119],[21.31837,46.197211],[21.167003,46.165066],[21.114024,46.162624],[21.048106,46.171251],[21.026296,46.171576],[21.013601,46.17003],[21.000173,46.166815],[20.995291,46.164008],[20.987804,46.155626],[20.983084,46.152452],[20.978445,46.148017],[20.968028,46.132392],[20.963308,46.127509],[20.952322,46.120144],[20.929617,46.097195],[20.902843,46.083848],[20.873953,46.080837],[20.845225,46.085801],[20.818614,46.096503],[20.806651,46.105292],[20.783458,46.12877],[20.772146,46.136786],[20.753103,46.141913],[20.663585,46.145575],[20.624278,46.139024],[20.60255,46.141791],[20.486583,46.181098],[20.401866,46.214464],[20.313731,46.235419],[20.243175,46.233995],[20.208507,46.238837],[20.180675,46.259345]]]}},{"type":"Feature","properties":{"name":"Drina","rank":8},"geometry":{"type":"MultiLineString","coordinates":[[[19.358897,44.90115],[19.362315,44.891384],[19.368175,44.887397],[19.372325,44.881659],[19.375173,44.873358],[19.37615,44.863308],[19.372569,44.86046],[19.367361,44.859565],[19.363292,44.854844],[19.327891,44.734198],[19.317556,44.715684],[19.307872,44.70539],[19.287608,44.693305],[19.27711,44.685126],[19.269542,44.675849],[19.255138,44.645941],[19.208263,44.58865],[19.203624,44.585395],[19.1928,44.580878],[19.187755,44.576361],[19.185802,44.569648],[19.186778,44.553534],[19.184744,44.546454],[19.178966,44.53852],[19.172618,44.531765],[19.164806,44.526923],[19.129405,44.518581],[19.12672,44.502794],[19.142833,44.458441],[19.140798,44.431098],[19.129161,44.416327],[19.115245,44.403835],[19.1067,44.382921],[19.108409,44.363837],[19.116222,44.34394],[19.138357,44.309516],[19.156505,44.293809],[19.176524,44.287218],[19.219493,44.280463],[19.240164,44.272976],[19.248953,44.271023],[19.263194,44.270453],[19.295421,44.276068],[19.307058,44.274482],[19.323904,44.264228],[19.341075,44.246121],[19.353445,44.224555],[19.355479,44.204291],[19.361827,44.191474],[19.380626,44.177314],[19.424327,44.153998],[19.435069,44.146348],[19.441905,44.1435],[19.447927,44.144721],[19.459158,44.15294],[19.465261,44.153103],[19.473643,44.145128],[19.475841,44.127265],[19.482188,44.120917],[19.497732,44.11046],[19.521495,44.085273],[19.553966,44.071479],[19.570567,44.057156],[19.579763,44.051785],[19.583425,44.054633],[19.589366,44.060574],[19.598399,44.062812],[19.61085,44.054796],[19.618419,44.035956],[19.609793,44.019477],[19.592784,44.005805],[19.551768,43.98371],[19.528087,43.977484],[19.503429,43.975898],[19.446544,43.980048],[19.393484,43.977322],[19.378591,43.974189],[19.364187,43.973578],[19.351085,43.979356],[19.325206,43.996772],[19.299978,44.009792],[19.286876,44.013251],[19.272227,44.012641],[19.251638,44.007758],[19.242931,44.002265],[19.237559,43.992784],[19.237559,43.985663],[19.242361,43.97309],[19.240164,43.96601],[19.22877,43.957953],[19.214122,43.952908],[19.203136,43.946234],[19.202403,43.933661],[19.206065,43.927069],[19.214773,43.914862],[19.217459,43.907538],[19.21754,43.896104],[19.213308,43.873643],[19.214529,43.862494],[19.224783,43.846951],[19.271169,43.810248],[19.281179,43.793891],[19.28297,43.778632],[19.27532,43.766669],[19.256277,43.760321],[19.22047,43.754503],[19.203136,43.748236],[19.188243,43.738105],[19.179942,43.728217],[19.16741,43.706081],[19.159597,43.696112],[19.15211,43.68948],[19.145518,43.685981],[19.138357,43.684923],[19.103038,43.685329],[19.052989,43.676215],[19.007579,43.67829],[18.997569,43.676703],[18.988699,43.672227],[18.981619,43.664496],[18.968761,43.636176],[18.958995,43.626817],[18.947765,43.623603],[18.90797,43.628933],[18.892589,43.628282],[18.877615,43.625108],[18.86378,43.619208],[18.857595,43.614773],[18.845958,43.604438],[18.820811,43.586941],[18.812999,43.579291],[18.805593,43.570258],[18.76588,43.499579],[18.758474,43.493232],[18.75115,43.490505],[18.746023,43.486355],[18.745372,43.475898],[18.748302,43.461778],[18.752371,43.449774],[18.795584,43.379584],[18.813975,43.362331],[18.839285,43.34809],[18.898611,43.352118],[18.922862,43.347113],[18.949718,43.333319],[18.956798,43.326117],[18.957449,43.319281],[18.956554,43.312079],[18.958995,43.303738],[18.968028,43.292507],[18.988292,43.27322],[18.996349,43.260281],[19.017833,43.241523],[19.045177,43.229519],[19.074474,43.222968],[19.163341,43.216498],[19.190603,43.209011],[19.363943,43.112128],[19.370372,43.105251],[19.374766,43.097235],[19.377615,43.088568],[19.383962,43.0574],[19.38795,43.047146],[19.433035,43.015692],[19.562755,42.966579],[19.57366,42.927436],[19.563406,42.912909],[19.542898,42.892646],[19.517996,42.834337],[19.516287,42.815619],[19.524343,42.79328],[19.534841,42.779975],[19.542735,42.773261],[19.544932,42.76557],[19.538503,42.749376]]]}},{"type":"Feature","properties":{"name":null,"rank":8},"geometry":{"type":"MultiLineString","coordinates":[[[47.63323,30.68244],[47.663178,30.620958],[47.677664,30.603868],[47.693451,30.594672],[47.74407,30.575792],[47.76295,30.573188]]]}},{"type":"Feature","properties":{"name":"Bahr Aouk","rank":8},"geometry":{"type":"MultiLineString","coordinates":[[[20.806163,9.423529],[20.801443,9.425727],[20.797781,9.423529],[20.791921,9.414171],[20.787852,9.412055],[20.776134,9.407986],[20.770518,9.398261],[20.766124,9.386746],[20.757498,9.377265],[20.750011,9.384711],[20.740408,9.377265],[20.695323,9.363593],[20.65447,9.343126],[20.66741,9.302191],[20.61614,9.302191],[20.609141,9.303005],[20.592296,9.308417],[20.591726,9.308214],[20.573009,9.309353],[20.571788,9.308417],[20.550304,9.320421],[20.54127,9.321804],[20.537771,9.31212],[20.536794,9.299384],[20.533132,9.289822],[20.52589,9.2838],[20.513845,9.281684],[20.495616,9.271064],[20.502126,9.247585],[20.512625,9.224066],[20.506602,9.213446],[20.481212,9.204861],[20.467052,9.184272],[20.454845,9.159491],[20.434744,9.138292],[20.422618,9.143378],[20.411876,9.142198],[20.402354,9.137152],[20.383962,9.123725],[20.377859,9.120225],[20.358897,9.116563],[20.276378,9.120917],[20.256521,9.116563],[20.233897,9.134711],[20.222423,9.142157],[20.212169,9.145128],[20.19752,9.140692],[20.168956,9.121039],[20.154063,9.116563],[20.136974,9.122016],[20.125255,9.133979],[20.116628,9.145941],[20.109141,9.151394],[20.100515,9.148261],[20.09905,9.141384],[20.100027,9.134345],[20.098888,9.130886],[20.090261,9.131293],[20.076427,9.136908],[20.068126,9.138292],[20.059988,9.134589],[20.030528,9.110419],[20.027843,9.104682],[20.029307,9.099148],[20.029796,9.094062],[20.023692,9.089911],[20.017507,9.091254],[20.013927,9.106553],[20.006358,9.110419],[20.002452,9.10871],[19.999034,9.104438],[19.996593,9.098822],[19.99586,9.093044],[19.992442,9.084744],[19.985037,9.08336],[19.976003,9.084337],[19.968516,9.083075],[19.942882,9.066026],[19.928152,9.062771],[19.913829,9.069403],[19.901622,9.051947],[19.888927,9.046495],[19.805105,9.051337],[19.78419,9.048936],[19.757986,9.042182],[19.746349,9.041531],[19.737722,9.039496],[19.71339,9.029324],[19.708425,9.024726],[19.699474,9.020779],[19.655772,9.02143],[19.639578,9.014187],[19.613048,9.031846],[19.582693,9.025499],[19.553233,9.013495],[19.530284,9.014187],[19.520763,9.008979],[19.515391,9.009589],[19.511241,9.012478],[19.506114,9.014187],[19.429698,9.013007],[19.420421,9.017605],[19.382091,9.003445],[19.368907,9.000556],[19.351736,9.002265],[19.332774,9.0067],[19.315684,9.013292],[19.304373,9.021023],[19.294932,9.009711],[19.28533,9.013007],[19.274669,9.022162],[19.262706,9.028428],[19.25294,9.028144],[19.232351,9.022488],[19.19158,9.020331],[19.179128,9.015448],[19.174083,9.003974],[19.168224,9.002387],[19.141531,9.008857],[19.133067,9.007392],[19.126231,9.007392],[19.100108,9.015448],[19.060232,9.00434],[19.021414,8.985419],[18.999034,8.969794],[18.984141,8.95661],[18.978038,8.949652],[18.975352,8.942206],[18.971446,8.938422],[18.951589,8.932196],[18.935802,8.923529],[18.928152,8.921902],[18.922293,8.918402],[18.920177,8.908026],[18.917247,8.898993],[18.910085,8.894395],[18.90089,8.894151],[18.892263,8.898139],[18.869151,8.864325],[18.869314,8.849636],[18.885997,8.836046]]]}},{"type":"Feature","properties":{"name":"Aras","rank":8},"geometry":{"type":"MultiLineString","coordinates":[[[43.466563,40.797797],[43.476573,40.794745],[43.496674,40.792792],[43.507416,40.790351],[43.512706,40.789822],[43.524343,40.791205],[43.529307,40.790351],[43.530772,40.785997],[43.53004,40.77912],[43.531261,40.77265],[43.538585,40.769843],[43.5442,40.76557],[43.55364,40.746853],[43.559093,40.742499],[43.570323,40.741278],[43.577159,40.738064],[43.582612,40.733588],[43.590017,40.728868],[43.642996,40.710028],[43.65211,40.704657],[43.654063,40.693671],[43.663097,40.680935],[43.668549,40.658759],[43.676687,40.654079],[43.686046,40.651638],[43.693777,40.646918],[43.697276,40.640204],[43.706635,40.612169],[43.664236,40.574286],[43.650971,40.553656],[43.65211,40.529608],[43.646007,40.533271],[43.641612,40.534613],[43.637218,40.535346],[43.630951,40.537055],[43.634044,40.533026],[43.635753,40.529975],[43.638438,40.522773],[43.614838,40.520616],[43.593272,40.509223],[43.559093,40.478095],[43.56308,40.464911],[43.584402,40.446845],[43.624766,40.420437],[43.624766,40.413601],[43.609304,40.373236],[43.600597,40.362087],[43.593761,40.34573],[43.604015,40.330024],[43.630951,40.310492],[43.675548,40.266181],[43.690929,40.238837],[43.672537,40.227973],[43.683197,40.210313],[43.714447,40.180935],[43.720876,40.169623],[43.711355,40.156684],[43.665945,40.149197],[43.65211,40.139228],[43.664968,40.110378],[43.710704,40.09101],[43.802257,40.070909],[43.911632,40.024522],[44.031993,40.008857],[44.047862,40.013129],[44.082774,40.031806],[44.104015,40.0362],[44.11378,40.034125],[44.126475,40.024726],[44.134939,40.022528],[44.145518,40.023627],[44.165945,40.028266],[44.194591,40.031033],[44.254812,40.043647],[44.288585,40.043647],[44.325287,40.034857],[44.463878,39.97252],[44.521576,39.933783],[44.547455,39.911689],[44.558604,39.897162],[44.563243,39.881944],[44.566987,39.873318],[44.57545,39.866645],[44.590587,39.858018],[44.593761,39.848253],[44.594168,39.837104],[44.597667,39.831244],[44.611095,39.837592],[44.647227,39.805365],[44.665701,39.796658],[44.670665,39.796088],[44.681895,39.797431],[44.686697,39.796658],[44.691498,39.79328],[44.697358,39.785509],[44.758718,39.723334],[44.783702,39.690497],[44.795421,39.652655],[44.809174,39.637152],[44.827403,39.629014],[44.848725,39.625841],[44.871837,39.625312],[44.868744,39.620795],[44.864838,39.617865],[44.885997,39.606147],[44.89796,39.58454],[44.927989,39.488471],[44.940196,39.468288],[44.961029,39.453966],[44.952891,39.441921],[44.956635,39.43476],[44.982026,39.420356],[44.987315,39.419542],[44.998057,39.419867],[45.005951,39.418158],[45.009532,39.414252],[45.011729,39.409735],[45.015147,39.406195],[45.051199,39.387071],[45.056651,39.382025],[45.060069,39.374823],[45.068126,39.364447],[45.078298,39.355048],[45.087413,39.350938],[45.095632,39.341335],[45.119884,39.29914],[45.128429,39.289496],[45.135346,39.278754],[45.145763,39.228949],[45.152354,39.213813],[45.178396,39.220079],[45.282644,39.193305],[45.285167,39.195176],[45.292084,39.198839],[45.30128,39.201606],[45.310557,39.200751],[45.313406,39.194444],[45.310802,39.185085],[45.310557,39.17654],[45.320567,39.172797],[45.334483,39.1706],[45.347748,39.16413],[45.353445,39.153388],[45.344737,39.138699],[45.351492,39.128526],[45.360037,39.123481],[45.369395,39.119208],[45.378917,39.111396],[45.382904,39.103542],[45.39088,39.081977],[45.395925,39.073513],[45.405365,39.068142],[45.429291,39.059678],[45.434093,39.053046],[45.432058,39.04267],[45.427745,39.034288],[45.424815,39.025906],[45.426687,39.015163],[45.438243,39.004462],[45.459402,38.993354],[45.482026,38.984565],[45.509776,38.978868],[45.530528,38.969509],[45.542735,38.967353],[45.570323,38.96662],[45.627371,38.955756],[45.716401,38.955024],[45.790701,38.932318],[46.001475,38.897732],[46.067475,38.874335],[46.12558,38.862901],[46.202078,38.870714],[46.219656,38.877387],[46.271495,38.906806],[46.290701,38.91413],[46.303966,38.916531],[46.342865,38.917751],[46.367117,38.923896],[46.377859,38.924994],[46.391368,38.922553],[46.495616,38.886298],[46.513601,38.882392],[46.531749,38.883246],[46.553152,38.890082],[46.569347,38.898017],[46.58489,38.907904],[46.598725,38.919949],[46.610037,38.93419],[46.638438,38.979682],[46.651785,38.993191],[46.669932,39.005194],[46.727957,39.028184],[46.744395,39.040473],[46.761241,39.070868],[46.773204,39.085639],[46.781016,39.090603],[46.797537,39.097602],[46.805593,39.102607],[46.81129,39.10871],[46.837006,39.143419],[46.850515,39.155829],[46.865733,39.165595],[46.882416,39.171698],[46.898367,39.171942],[46.926036,39.162299],[46.941173,39.159125],[46.953298,39.160915],[47.02003,39.190212],[47.030284,39.199815],[47.035655,39.207302],[47.052419,39.245185],[47.088471,39.290107],[47.091889,39.300076],[47.101736,39.308661],[47.149669,39.331366],[47.249278,39.361518],[47.290701,39.379828],[47.324148,39.406195],[47.37379,39.455756],[47.406505,39.476996],[47.448253,39.49494],[47.518321,39.513454],[47.540619,39.515448],[47.55364,39.522244],[47.606537,39.563829],[47.744884,39.62405],[47.803315,39.670193],[47.822683,39.680609],[47.846446,39.685492],[47.922455,39.684394],[47.934825,39.686713],[47.945242,39.694159],[47.962576,39.714423],[47.97519,39.721503],[47.975678,39.750922],[47.97877,39.762519],[47.991303,39.780219],[47.999929,39.798285],[48.003022,39.803412],[48.009695,39.806342],[48.025808,39.808539],[48.033946,39.813666],[48.04184,39.824042],[48.046967,39.82571],[48.063569,39.815945],[48.067556,39.821357],[48.071381,39.837592],[48.080658,39.856065],[48.092377,39.864936],[48.112885,39.865546],[48.114268,39.881171],[48.168956,39.881293],[48.191824,39.889106],[48.203054,39.895209],[48.216726,39.894843],[48.230724,39.892524],[48.242768,39.892849],[48.256847,39.899766],[48.278901,39.919135],[48.290538,39.926947],[48.315684,39.935574],[48.330007,39.938788],[48.342052,39.940009],[48.348888,39.943305],[48.357514,39.950507],[48.368744,39.95779],[48.383311,39.961046],[48.4345,39.988389],[48.441498,39.993964],[48.468761,40.022528]]]}},{"type":"Feature","properties":{"name":"Komadugu Yobe","rank":8},"geometry":{"type":"MultiLineString","coordinates":[[[13.320567,13.685329],[13.368337,13.690131],[13.455007,13.679958],[13.53655,13.63406],[13.602794,13.583075],[13.699718,13.511746],[13.801524,13.440375],[14.036062,13.287421],[14.178884,13.236436],[14.308849,13.171658]]]}},{"type":"Feature","properties":{"name":"Komadugu Yobe","rank":8},"geometry":{"type":"MultiLineString","coordinates":[[[10.728526,12.746772],[10.752615,12.756293],[10.800548,12.79088],[10.80714,12.80036],[10.861827,12.831407],[10.880789,12.828152],[10.90325,12.821234],[10.92213,12.820258],[10.929942,12.834825],[10.940196,12.842353],[10.963796,12.853583],[10.990977,12.861436],[11.011974,12.85871],[11.020437,12.871365],[11.028331,12.86994],[11.037283,12.862982],[11.049815,12.85871],[11.063487,12.861436],[11.0713,12.865994],[11.0796,12.866889],[11.094493,12.85871],[11.109304,12.871283],[11.13738,12.873318],[11.238048,12.85281],[11.245372,12.848497],[11.252208,12.834662],[11.267751,12.82746],[11.284109,12.824815],[11.293712,12.824571],[11.322683,12.834052],[11.336681,12.849392],[11.347911,12.857489],[11.411876,12.817654],[11.436534,12.811876],[11.44337,12.831407],[11.455089,12.823798],[11.468923,12.817247],[11.484793,12.812608],[11.501964,12.810899],[11.506358,12.813992],[11.52589,12.831407],[11.528575,12.835069],[11.528575,12.838202],[11.529307,12.841335],[11.533946,12.845079],[11.547048,12.851874],[11.557058,12.849229],[11.604747,12.851874],[11.614675,12.849718],[11.619884,12.845079],[11.622732,12.840399],[11.625499,12.838202],[11.634939,12.839301],[11.652273,12.84394],[11.674327,12.847195],[11.692393,12.856513],[11.704031,12.85871],[11.712901,12.856024],[11.732921,12.852607],[11.748709,12.855658],[11.745616,12.872382],[11.748953,12.873114],[11.750987,12.873155],[11.752126,12.874457],[11.751882,12.878607],[11.771658,12.871772],[11.788015,12.876817],[11.80364,12.886339],[11.8213,12.89289],[11.82252,12.883816],[11.82488,12.880561],[11.828868,12.878363],[11.834972,12.872382],[11.855398,12.893907],[11.869558,12.901638],[11.875987,12.889472],[11.880544,12.873114],[11.891043,12.879584],[11.910167,12.906521],[11.903738,12.909776],[11.899425,12.914089],[11.889659,12.927029],[11.909353,12.957099],[11.92213,12.969916],[11.937429,12.974799],[11.933604,12.984687],[11.931163,12.988471],[11.939464,12.995632],[11.951101,13.002753],[11.97755,12.99018],[11.985281,12.988471],[11.997081,12.992458],[12.00294,12.998847],[12.006765,13.005439],[12.012462,13.009548],[12.02239,13.008979],[12.030284,13.004014],[12.036306,12.998358],[12.040457,12.995917],[12.051768,12.997341],[12.059093,12.999783],[12.060232,13.005439],[12.053477,13.016384],[12.059581,13.021999],[12.067149,13.026719],[12.076589,13.029568],[12.088145,13.029405],[12.081716,13.044135],[12.086843,13.054999],[12.108816,13.07099],[12.113943,13.078681],[12.115001,13.085476],[12.117198,13.090277],[12.125743,13.092108],[12.134532,13.092312],[12.140636,13.093695],[12.145274,13.097764],[12.149099,13.10578],[12.163259,13.108181],[12.184255,13.12226],[12.200938,13.125596],[12.251231,13.108181],[12.262706,13.102078],[12.266531,13.095323],[12.266856,13.089789],[12.268728,13.086046],[12.276622,13.084662],[12.280284,13.087022],[12.284679,13.092231],[12.291026,13.097032],[12.300466,13.098334],[12.310476,13.0928],[12.317882,13.084052],[12.325206,13.078966],[12.334727,13.084662],[12.351003,13.080024],[12.413748,13.077826],[12.436697,13.074164],[12.455821,13.067572],[12.472179,13.064399],[12.486095,13.07099],[12.490652,13.08279],[12.499197,13.136176],[12.503917,13.139838],[12.526378,13.143826],[12.533865,13.146064],[12.542003,13.154975],[12.547374,13.165595],[12.553722,13.18769],[12.537771,13.193549],[12.544607,13.20836],[12.557791,13.226671],[12.560557,13.242947],[12.596934,13.276679],[12.602224,13.280137],[12.605479,13.274441],[12.612722,13.276679],[12.61964,13.281602],[12.626394,13.288438],[12.628184,13.294379],[12.629405,13.310614],[12.640147,13.302558],[12.648692,13.293809],[12.658702,13.286729],[12.673839,13.283881],[12.682628,13.28913],[12.689464,13.312201],[12.701182,13.31741],[12.723806,13.322537],[12.740245,13.335028],[12.766124,13.365831],[12.772716,13.382432],[12.774181,13.38288],[12.776866,13.386908],[12.782725,13.382514],[12.788341,13.375678],[12.790538,13.372016],[12.804617,13.373155],[12.80421,13.377021],[12.797862,13.384467],[12.793956,13.396267],[12.796804,13.399848],[12.810069,13.404486],[12.814464,13.406806],[12.817068,13.407497],[12.825857,13.406195],[12.828787,13.406806],[12.829519,13.409532],[12.828054,13.41767],[12.828787,13.420478],[12.856456,13.450873],[12.86964,13.461371],[12.863292,13.469428],[12.856944,13.475531],[12.850027,13.47956],[12.841726,13.481879],[12.841726,13.489325],[12.857188,13.485053],[12.870046,13.479071],[12.879161,13.479844],[12.883311,13.496161],[12.911143,13.490098],[12.938731,13.495225],[13.028738,13.539374],[13.054373,13.548611],[13.08196,13.550808],[13.08196,13.544623],[13.076345,13.534857],[13.087657,13.530788],[13.106456,13.531765],[13.122976,13.537136],[13.123302,13.533637],[13.122976,13.522895],[13.130544,13.530056],[13.13795,13.546698],[13.143484,13.550808],[13.153087,13.548936],[13.155447,13.540961],[13.153087,13.53087],[13.149669,13.522895],[13.176443,13.534695],[13.20338,13.539578],[13.22755,13.548163],[13.24586,13.571234],[13.231619,13.573065],[13.229503,13.577948],[13.239024,13.591742],[13.243419,13.593451],[13.250255,13.592882],[13.256765,13.594428],[13.259532,13.602322],[13.258067,13.607978],[13.253103,13.615058],[13.253347,13.619086],[13.258718,13.629096],[13.265636,13.638251],[13.305431,13.674872],[13.320567,13.685329]]]}},{"type":"Feature","properties":{"name":"Ticino","rank":8},"geometry":{"type":"MultiLineString","coordinates":[[[8.620535,45.726386],[8.642507,45.721503],[8.649669,45.713487],[8.648448,45.685167],[8.653087,45.677761],[8.672537,45.670681],[8.679942,45.662299],[8.682546,45.648017],[8.678722,45.639757],[8.674246,45.632392],[8.674083,45.620307],[8.677745,45.615587],[8.692638,45.6046],[8.69752,45.599799],[8.699229,45.593451],[8.698253,45.581],[8.700694,45.575385],[8.708181,45.562445],[8.720225,45.51911],[8.727306,45.509833],[8.73699,45.504991],[8.758067,45.497626],[8.778575,45.481065],[8.815929,45.421902],[8.864757,45.35932],[8.940603,45.304226],[8.990245,45.257758],[9.027843,45.232245],[9.067393,45.211615],[9.172374,45.178005],[9.205821,45.162177],[9.224132,45.14057]]]}},{"type":"Feature","properties":{"name":"Shatt al Arab","rank":3},"geometry":{"type":"MultiLineString","coordinates":[[[47.468516,30.968451],[47.477794,30.951972],[47.53712,30.871853],[47.619558,30.784857],[47.643972,30.773505],[47.650483,30.768093],[47.666515,30.759711],[47.71282,30.751654],[47.72877,30.743842],[47.736746,30.732245],[47.74171,30.718817],[47.746837,30.690741],[47.749522,30.606513],[47.75172,30.595567],[47.755626,30.585313],[47.761974,30.576239],[47.77003,30.570136],[47.779307,30.566026],[47.801199,30.559882],[47.811615,30.555609],[47.821381,30.549831],[47.830333,30.542426],[47.837901,30.534247],[47.855968,30.506537],[47.874278,30.487576],[47.897553,30.478461],[48.118907,30.450995],[48.130056,30.447699],[48.140391,30.442165],[48.157237,30.426459],[48.170014,30.406928],[48.178966,30.385118],[48.187266,30.34101],[48.191498,30.33157],[48.199718,30.324083],[48.210704,30.319851],[48.222585,30.318305],[48.23463,30.318712],[48.271251,30.324042],[48.283783,30.323513],[48.295828,30.320014],[48.305268,30.313056],[48.325613,30.283718],[48.357677,30.252061],[48.396495,30.221218],[48.403331,30.212714],[48.408295,30.202582],[48.410167,30.191759],[48.407725,30.181098],[48.400076,30.172553],[48.390636,30.164984],[48.382823,30.156684],[48.380626,30.145575],[48.382498,30.138617],[48.395112,30.115424],[48.415131,30.095811],[48.420828,30.085557],[48.423595,30.083848],[48.441661,30.034206],[48.443858,30.021104],[48.452566,30.001654],[48.457449,29.995063],[48.463878,29.989366],[48.477631,29.979844],[48.492605,29.971951],[48.53183,29.961208]]]}},{"type":"Feature","properties":{"name":"Sane","rank":8},"geometry":{"type":"MultiLineString","coordinates":[[[4.951101,46.83336],[4.934255,46.820909],[4.91741,46.811794],[4.908458,46.808173],[4.881114,46.80626],[4.87672,46.803656],[4.873546,46.796658],[4.861827,46.783067],[4.865733,46.771186],[4.88502,46.753933],[4.908132,46.738308],[4.944591,46.724189],[4.959158,46.705634],[4.967052,46.681016],[4.968272,46.655829],[4.964041,46.630968],[4.956065,46.603949],[4.945567,46.578925],[4.934255,46.560248],[4.939626,46.542263],[4.942312,46.516913],[4.939952,46.49433],[4.920339,46.475124],[4.906261,46.409451],[4.897878,46.396023],[4.886404,46.38288],[4.876475,46.368354],[4.867117,46.331732],[4.855398,46.314805],[4.830577,46.286566],[4.812266,46.250434],[4.805675,46.229112],[4.802175,46.201728],[4.797537,46.184027],[4.796316,46.159125],[4.794607,46.151435],[4.790212,46.141913],[4.774181,46.118109],[4.769054,46.107774],[4.7588,46.077012],[4.749034,46.059434],[4.749685,46.040473],[4.753917,46.019965],[4.755382,45.997911],[4.746755,45.96662],[4.748546,45.956895],[4.757335,45.951361],[4.784434,45.94477],[4.790212,45.940212],[4.794363,45.93122],[4.812673,45.922675],[4.820079,45.906562],[4.838064,45.888699],[4.839122,45.878974],[4.838064,45.854519],[4.841238,45.846625],[4.849376,45.832465],[4.851003,45.823188],[4.84905,45.813666],[4.840017,45.799994],[4.838064,45.789008],[4.837413,45.777167],[4.836111,45.768581],[4.830577,45.751532]]]}},{"type":"Feature","properties":{"name":"Hadejia","rank":9},"geometry":{"type":"MultiLineString","coordinates":[[[7.493093,11.540839],[7.572032,11.558214],[7.59669,11.554307],[7.622244,11.544379],[7.642507,11.552558],[7.661306,11.565456],[7.683604,11.573594],[7.705577,11.577745],[7.738455,11.595282],[7.772227,11.613837],[7.805675,11.620307],[7.843272,11.630398],[7.92156,11.641791],[8.000011,11.64997],[8.011729,11.689643],[8.030528,11.724962],[8.053966,11.72956],[8.0796,11.727729],[8.094249,11.738715],[8.11085,11.752712],[8.15089,11.775092],[8.194509,11.788886],[8.236746,11.784491],[8.277761,11.788886],[8.290457,11.802843],[8.3095,11.815212],[8.324962,11.828437],[8.341726,11.844428],[8.371593,11.872667],[8.405284,11.898546],[8.441173,11.886786],[8.480398,11.868272],[8.518321,11.848415],[8.550059,11.822211],[8.584646,11.805365],[8.613943,11.783311],[8.628591,11.747138],[8.655528,11.722235],[8.684093,11.738471],[8.714854,11.755561],[8.763113,11.753241],[8.80836,11.763861],[8.830251,11.784003],[8.855642,11.797187],[8.882091,11.808132],[8.888927,11.836127],[8.883962,11.920762],[8.905528,12.000027],[8.921316,12.038764],[8.955333,12.067898],[8.997488,12.071885],[9.044444,12.066677],[9.058849,12.072577],[9.072276,12.077745],[9.09669,12.073757],[9.122244,12.072211],[9.154714,12.089789],[9.188975,12.094428],[9.211843,12.096951],[9.216563,12.122178],[9.250011,12.137397],[9.286143,12.14997],[9.303884,12.152777],[9.322276,12.155544],[9.343272,12.16352],[9.361095,12.177761],[9.397227,12.18476],[9.427745,12.172187],[9.431407,12.193061],[9.438894,12.211046],[9.449474,12.204657],[9.461111,12.194403],[9.472179,12.202582],[9.483328,12.211046],[9.495779,12.202582],[9.505544,12.194403],[9.530528,12.205268],[9.555593,12.21662],[9.559011,12.211005],[9.566661,12.205593],[9.580496,12.214301],[9.590994,12.229031],[9.610525,12.241563],[9.633311,12.250027],[9.666759,12.261257],[9.701182,12.280463],[9.719168,12.298855],[9.738943,12.311103],[9.760509,12.302314],[9.779714,12.300238],[9.806082,12.309597],[9.830577,12.311103],[9.835867,12.31863],[9.838878,12.327745],[9.856456,12.328152],[9.872244,12.333319],[9.892751,12.344997],[9.916677,12.355536],[9.91741,12.36168],[9.919444,12.369452],[9.931163,12.369981],[9.944509,12.372178],[9.961355,12.389838],[9.977794,12.405544],[9.986583,12.404079],[10.000011,12.416612],[10.028738,12.427802],[10.055593,12.427802],[10.080251,12.439399],[10.100027,12.452745],[10.135997,12.479071],[10.175059,12.502753],[10.199962,12.513251],[10.223399,12.528998],[10.239431,12.5303],[10.255544,12.527777],[10.261729,12.535956],[10.267833,12.544216],[10.279063,12.548407],[10.288829,12.549994],[10.296316,12.567572],[10.305593,12.583319],[10.309581,12.579901],[10.316661,12.577745],[10.322765,12.581855],[10.329031,12.586005],[10.337413,12.584744],[10.344412,12.577745],[10.36964,12.576687],[10.395681,12.586249],[10.421397,12.586859],[10.449962,12.588894],[10.455496,12.602078],[10.461111,12.616645],[10.47991,12.628038],[10.500011,12.638861],[10.527273,12.65705],[10.555349,12.670762],[10.5678,12.675116],[10.580577,12.677761],[10.592296,12.686103],[10.600027,12.699978],[10.617198,12.707628],[10.633311,12.716661],[10.641124,12.732856],[10.649913,12.749945],[10.677419,12.761542],[10.70574,12.757025],[10.740652,12.767198],[10.777761,12.772162]]]}},{"type":"Feature","properties":{"name":"Murat","rank":9},"geometry":{"type":"MultiLineString","coordinates":[[[39.861257,38.684638],[39.84962,38.670233],[39.832937,38.654608],[39.817149,38.643093],[39.798269,38.638129],[39.780365,38.636298],[39.737071,38.640326],[39.726166,38.643907],[39.707123,38.652615],[39.688894,38.663031],[39.670502,38.663398],[39.646007,38.656521],[39.616303,38.656602],[39.586436,38.66059],[39.560639,38.659369],[39.528087,38.655951],[39.499604,38.668891],[39.48821,38.700059],[39.480724,38.727159],[39.481049,38.749864],[39.476573,38.766547],[39.464854,38.769599],[39.452159,38.774604],[39.448009,38.776679],[39.443614,38.778347],[39.44044,38.779731],[39.428722,38.782172],[39.403819,38.777411],[39.396495,38.778754],[39.397472,38.777289],[39.389578,38.782782],[39.370616,38.801378],[39.355235,38.808417],[39.307384,38.823065],[39.289561,38.83157],[39.274832,38.841091],[39.261322,38.85281],[39.248546,38.857489],[39.245616,38.857774],[39.244884,38.857856],[39.235444,38.858669],[39.205658,38.858222],[39.110281,38.876044],[39.086925,38.883612],[39.069265,38.886542],[39.051036,38.887722],[39.034109,38.88703],[39.003998,38.896674],[38.919526,38.891669],[38.812592,38.875027]]]}},{"type":"Feature","properties":{"name":"Murat","rank":9},"geometry":{"type":"MultiLineString","coordinates":[[[43.583914,39.412421],[43.625011,39.460313],[43.630951,39.470771],[43.638113,39.480089],[43.670421,39.502712],[43.679454,39.515448],[43.669688,39.549343],[43.636322,39.574774],[43.562755,39.604193],[43.525483,39.61225],[43.441661,39.618028],[43.40504,39.625312],[43.389659,39.633368],[43.378835,39.642361],[43.366466,39.649604],[43.34669,39.652655],[43.336436,39.655829],[43.322358,39.669949],[43.312266,39.673122],[43.301362,39.671983],[43.279552,39.667304],[43.267182,39.666287],[43.228933,39.671007],[43.117686,39.707221],[43.07252,39.712226],[43.051199,39.710557],[43.042003,39.704169],[43.010753,39.650946],[43.000987,39.638983],[42.99407,39.638495],[42.98463,39.640896],[42.976654,39.643988],[42.973725,39.645819],[42.968761,39.639106],[42.969168,39.632148],[42.971609,39.626899],[42.973725,39.625312],[42.956309,39.607937],[42.947276,39.602729],[42.937104,39.601264],[42.928722,39.598009],[42.92099,39.576199],[42.911143,39.56745],[42.891124,39.556993],[42.851736,39.542426],[42.76767,39.528632],[42.726003,39.515448],[42.709727,39.505316],[42.696056,39.492011],[42.671397,39.460801],[42.658376,39.439887],[42.650808,39.435004],[42.634288,39.433539],[42.627533,39.428412],[42.60377,39.399359],[42.574962,39.377631],[42.56544,39.365343],[42.538585,39.294013],[42.534597,39.266913],[42.54184,39.248562],[42.535574,39.233466],[42.53297,39.215684],[42.533132,39.200548],[42.534923,39.193305],[42.528412,39.169379],[42.523367,39.161933],[42.510834,39.159125],[42.465912,39.165961],[42.402354,39.164822],[42.376557,39.159125],[42.353038,39.16946],[42.252696,39.158149],[42.212169,39.165961],[42.195323,39.160712],[42.165701,39.165229],[42.149994,39.159125],[42.121023,39.135118],[42.107677,39.127875],[42.089285,39.124376],[42.059093,39.123847],[42.048432,39.120673],[42.034597,39.111396],[42.01474,39.093329],[42.010753,39.090888],[41.999522,39.092068],[41.991628,39.094062],[41.985362,39.094428],[41.979421,39.090888],[41.976654,39.09455],[41.966319,39.10456],[41.954845,39.090766],[41.938569,39.082546],[41.920909,39.081895],[41.904307,39.090888],[41.903901,39.066514],[41.891043,39.056952],[41.83074,39.056098],[41.731619,39.037624],[41.708751,39.036241],[41.686697,39.037787],[41.671641,39.042182],[41.636729,39.056708],[41.628998,39.057929],[41.612315,39.056423],[41.60255,39.056708],[41.591726,39.060736],[41.570567,39.074286],[41.564464,39.077216],[41.544851,39.069932],[41.536143,39.052069],[41.533702,39.008979],[41.532237,39.002956],[41.527436,38.993232],[41.527436,38.98786],[41.531668,38.978135],[41.536225,38.974189],[41.540131,38.969428],[41.54184,38.957465],[41.538585,38.94892],[41.524425,38.942816],[41.521414,38.936347],[41.523367,38.921942],[41.527436,38.905951],[41.540619,38.885281],[41.547537,38.870469],[41.547944,38.858181],[41.539236,38.851142],[41.528087,38.853461],[41.507091,38.864325],[41.48463,38.870876],[41.479584,38.871161],[41.473562,38.866563],[41.473643,38.861436],[41.475108,38.856024],[41.472179,38.850653],[41.451752,38.83808],[41.444753,38.832587],[41.43808,38.822781],[41.427013,38.838324],[41.424408,38.844509],[41.417572,38.844509],[41.414806,38.838894],[41.407481,38.829657],[41.404063,38.822781],[41.376557,38.844509],[41.373546,38.842475],[41.366628,38.840399],[41.359467,38.843695],[41.356212,38.858181],[41.347097,38.854315],[41.341401,38.854071],[41.328217,38.858181],[41.31601,38.849473],[41.296886,38.842841],[41.237559,38.834581],[41.222341,38.827704],[41.20989,38.817084],[41.197846,38.803534],[41.178152,38.771267],[41.166108,38.75963],[41.146576,38.755072],[41.130056,38.758857],[40.990164,38.849392],[40.95045,38.887885],[40.945323,38.890733],[40.938406,38.891669],[40.926687,38.889838],[40.918386,38.885077],[40.912201,38.880194],[40.907156,38.877997],[40.885671,38.875841],[40.763764,38.839464],[40.742686,38.836982],[40.705089,38.838731],[40.689708,38.837104],[40.670909,38.830186],[40.623464,38.801622],[40.607026,38.779731],[40.585216,38.772895],[40.560069,38.768419],[40.540538,38.762519],[40.535167,38.757514],[40.528087,38.746202],[40.520112,38.74079],[40.510997,38.737616],[40.491466,38.734809],[40.481944,38.734646],[40.467865,38.731269],[40.434093,38.716742],[40.417735,38.713487],[40.253184,38.74079],[40.245697,38.748318],[40.221446,38.738796],[40.196788,38.742255],[40.171641,38.750515],[40.146414,38.755072],[40.133067,38.752794],[40.118663,38.743028],[40.105479,38.74079],[40.058849,38.745632],[40.050548,38.744574],[40.031016,38.728095],[40.008393,38.716376],[39.925548,38.688096],[39.91684,38.686225],[39.901866,38.687527],[39.889415,38.690985],[39.878673,38.692003],[39.861257,38.684638]]]}},{"type":"Feature","properties":{"name":"Maas","rank":8},"geometry":{"type":"MultiLineString","coordinates":[[[5.605235,48.001329],[5.581309,47.999783],[5.56129,48.001003]]]}},{"type":"Feature","properties":{"name":"Ariège","rank":6},"geometry":{"type":"MultiLineString","coordinates":[[[1.809011,42.62698],[1.815196,42.642605],[1.833018,42.669989],[1.836925,42.688422],[1.830251,42.715033],[1.811941,42.736192],[1.787364,42.752224],[1.761241,42.763495],[1.674978,42.783515],[1.662852,42.789496],[1.651378,42.798285],[1.618337,42.831977],[1.603445,42.855292],[1.59669,42.880805],[1.629324,42.912869],[1.592214,42.9914],[1.606944,43.034125],[1.619395,43.053249],[1.616873,43.071397],[1.59669,43.113593],[1.595958,43.118842],[1.596934,43.128974],[1.59669,43.13406],[1.595144,43.139716],[1.590587,43.148708],[1.589285,43.154486],[1.591563,43.166287],[1.59669,43.179714],[1.598806,43.193427],[1.587576,43.215684],[1.583995,43.237901],[1.579763,43.247016],[1.533621,43.313544],[1.524669,43.322089],[1.495291,43.344184],[1.45281,43.39411],[1.447927,43.404853],[1.440359,43.43004],[1.435476,43.438788],[1.422862,43.454291],[1.409597,43.476752],[1.401378,43.499864],[1.404307,43.517646]]]}},{"type":"Feature","properties":{"name":"Garonne","rank":6},"geometry":{"type":"MultiLineString","coordinates":[[[0.987722,43.181179],[1.104666,43.22252],[1.152354,43.252061],[1.184988,43.279324],[1.226003,43.305854],[1.24879,43.32628],[1.287527,43.371894],[1.300059,43.396104],[1.333018,43.478949],[1.348888,43.494249],[1.404307,43.517646],[1.433767,43.554999],[1.408621,43.624579],[1.329845,43.737331],[1.325125,43.74079],[1.312511,43.747829],[1.308767,43.751044],[1.304942,43.759792],[1.301931,43.775743],[1.298757,43.78144],[1.271739,43.801866],[1.259288,43.814154],[1.254161,43.828925],[1.249522,43.834052],[1.219981,43.880723],[1.18865,43.920844],[1.178966,43.929145],[1.178966,43.945339],[1.166677,43.968207],[1.148448,43.988593],[1.130626,43.997382],[1.104503,44.006456],[1.085948,44.027777],[1.070974,44.05268],[1.055431,44.072537],[1.036388,44.081122],[1.028795,44.082893],[1.004812,44.088487],[0.97169,44.09044]]]}},{"type":"Feature","properties":{"name":"Loire","rank":5},"geometry":{"type":"MultiLineString","coordinates":[[[3.011145,47.17402],[2.992605,47.203437],[2.987722,47.221625],[2.985769,47.240302],[2.980154,47.256171],[2.97169,47.269232],[2.960948,47.279649],[2.933116,47.300116],[2.903982,47.312079],[2.895274,47.317491],[2.880626,47.333197],[2.878673,47.345811],[2.885916,47.358954],[2.92921,47.419867],[2.933116,47.433905],[2.929861,47.453437],[2.921641,47.467108],[2.877859,47.519843],[2.843679,47.543402],[2.837413,47.55268],[2.79656,47.58808],[2.765554,47.602484],[2.754649,47.609402],[2.741222,47.62226],[2.740245,47.626329],[2.741466,47.63113],[2.741628,47.634955],[2.737559,47.636542],[2.733084,47.637641],[2.720714,47.643622],[2.717052,47.64643],[2.710704,47.653917],[2.706798,47.657497],[2.458995,47.765896],[2.425955,47.773057],[2.368175,47.770535],[2.350271,47.773057],[2.344493,47.777411],[2.339366,47.784369],[2.332042,47.790798],[2.319835,47.793565],[2.30128,47.794542],[2.294607,47.796739],[2.288829,47.801052],[2.288829,47.807196],[2.298269,47.820339],[2.248953,47.836982],[2.247813,47.855048],[2.232677,47.859809],[2.141287,47.865343],[2.099539,47.876044],[2.075938,47.875515],[2.066824,47.87169],[2.058849,47.866278],[2.050955,47.862128],[2.041759,47.862413],[2.036143,47.868354],[2.030935,47.886054],[2.024669,47.889757],[2.005789,47.891913],[1.975597,47.901313],[1.883556,47.905626],[1.867605,47.90001],[1.852957,47.888861],[1.835134,47.880561],[1.730154,47.853135],[1.720225,47.845079],[1.714366,47.836208],[1.672537,47.793565],[1.663259,47.789415],[1.655203,47.788642],[1.646983,47.786933],[1.637706,47.779893],[1.617198,47.742703],[1.611827,47.738593],[1.588552,47.73253],[1.583181,47.72838],[1.582449,47.714301],[1.5796,47.707709],[1.524669,47.674628],[1.504161,47.666815],[1.459158,47.660264],[1.438975,47.651435],[1.3095,47.572374],[1.281993,47.546495],[1.258067,47.513129],[1.242442,47.498114],[1.223155,47.491889],[1.201345,47.489447],[0.905528,47.400662]]]}},{"type":"Feature","properties":{"name":"Po","rank":6},"geometry":{"type":"MultiLineString","coordinates":[[[7.647461,44.839057],[7.614084,44.82352],[7.564014,44.811956],[7.553535,44.796259],[7.52326,44.783863],[7.498808,44.768158],[7.479013,44.751622],[7.451067,44.739217],[7.448738,44.721018],[7.45456,44.707779],[7.451067,44.685431],[7.444081,44.658105],[7.42545,44.638223],[7.40682,44.632423],[7.381203,44.633252],[7.353257,44.639052],[7.332298,44.652307],[7.300859,44.668043],[7.274077,44.682119],[7.248461,44.686259],[7.217022,44.683775],[7.192569,44.687086],[7.192262,44.687196],[7.166952,44.696192],[7.141335,44.701158],[7.104074,44.701158]],[[7.647472,44.839057],[7.647472,44.839057],[7.650564,44.848334],[7.651134,44.860785],[7.658458,44.867214],[7.6692,44.882758],[7.683116,44.914333],[7.683116,44.921169],[7.67156,44.928534],[7.672374,44.938585],[7.68922,44.962104],[7.690603,44.960557],[7.694021,44.959581],[7.697195,44.961737],[7.697276,44.96955],[7.683035,44.992743],[7.670584,45.007392],[7.667003,45.031358],[7.666759,45.057237],[7.668712,45.073432],[7.683849,45.098578],[7.704519,45.109931],[7.727957,45.117011],[7.751394,45.129503],[7.755789,45.137641],[7.75823,45.148871],[7.761648,45.158759],[7.768809,45.163031],[7.790294,45.166856],[7.805105,45.175971],[7.827078,45.197821],[7.871104,45.220282],[7.906261,45.219794],[7.939382,45.209988],[7.977224,45.204047],[8.063894,45.218288],[8.141775,45.210801],[8.206228,45.221747],[8.215099,45.215155],[8.271739,45.221015],[8.290212,45.218288],[8.299571,45.211005],[8.306651,45.202216],[8.316824,45.19477],[8.33489,45.191596],[8.34197,45.189154],[8.364757,45.176093],[8.375011,45.174262],[8.382253,45.170193],[8.387625,45.165798],[8.3921,45.163113],[8.454519,45.15058],[8.489675,45.148464],[8.511241,45.155626],[8.521251,45.150946],[8.555186,45.143256],[8.569591,45.142035],[8.573171,45.136908],[8.607351,45.107856],[8.632009,45.060899],[8.645437,45.041083],[8.668875,45.024685],[8.68214,45.031195],[8.693858,45.030463],[8.712901,45.024685],[8.750906,45.024685],[8.773855,45.027452],[8.833425,45.053249],[8.857432,45.060411],[8.928884,45.073065],[8.955251,45.073839],[8.966563,45.075873],[8.971202,45.083604],[8.977794,45.088446],[8.992686,45.087714],[9.008718,45.083848],[9.018321,45.079901],[9.025076,45.086371],[9.032725,45.086615],[9.042003,45.085395],[9.052989,45.087348],[9.060802,45.092963],[9.069591,45.105414],[9.076427,45.107856],[9.099376,45.10989],[9.118419,45.114854],[9.166921,45.135199],[9.185557,45.139228],[9.224539,45.140489],[9.305675,45.128363],[9.326345,45.121853],[9.364513,45.10456],[9.384532,45.10102],[9.470144,45.10102],[9.49171,45.103461],[9.500499,45.102973],[9.511892,45.10102],[9.531912,45.08808],[9.541677,45.085883],[9.545909,45.097276],[9.543956,45.106757],[9.540457,45.115749],[9.538829,45.12405],[9.542491,45.131415],[9.552501,45.134711],[9.561046,45.128852],[9.573253,45.114691],[9.590099,45.112413],[9.602794,45.118109],[9.614268,45.125352],[9.628429,45.128363],[9.64031,45.125922],[9.641287,45.121934],[9.637218,45.11697],[9.634695,45.111274],[9.63502,45.098497],[9.636648,45.093817],[9.648936,45.087348],[9.681326,45.075222],[9.722179,45.07213],[9.752371,45.081895],[9.751964,45.107856],[9.754812,45.10932],[9.756602,45.109076],[9.757742,45.109931],[9.75823,45.114691],[9.764415,45.114691],[9.774913,45.101386],[9.811697,45.08454],[9.819591,45.076483],[9.824229,45.068549],[9.833507,45.068142],[9.840099,45.073676],[9.836681,45.083604],[9.830089,45.096137],[9.838634,45.098415],[9.880626,45.091417],[9.895681,45.091742],[9.899425,45.098985],[9.884776,45.117743],[9.882742,45.133979],[9.903738,45.138292],[9.923025,45.12991],[9.915782,45.107856],[9.986339,45.128526],[9.997813,45.124579],[10.002126,45.119493],[10.021414,45.109931],[10.025645,45.104438],[10.028087,45.096991],[10.046153,45.065619],[10.071707,45.037421],[10.104747,45.035102],[10.142833,45.043158],[10.18336,45.046413],[10.223562,45.038031],[10.326834,44.991156],[10.350271,44.983913],[10.365164,44.984687],[10.378917,44.988715],[10.398936,44.991156],[10.413829,44.984687],[10.429942,44.951239],[10.44337,44.93655],[10.477712,44.923204],[10.521169,44.916042],[10.565359,44.915473],[10.601085,44.922309],[10.632498,44.939317],[10.663259,44.965115],[10.685232,44.993516],[10.69044,45.018419],[10.685232,45.024278],[10.676768,45.028673],[10.669932,45.03498],[10.669363,45.046413],[10.674246,45.049262],[10.700694,45.059394],[10.786632,45.046413],[10.817556,45.045233],[10.826915,45.046413],[10.837576,45.050849],[10.854991,45.063096],[10.864919,45.065619],[10.874197,45.063544],[10.884695,45.059841],[10.895437,45.058173],[10.905528,45.062527],[10.913015,45.07099],[10.915945,45.075629],[10.92156,45.078152],[10.936209,45.079901],[10.948741,45.07807],[10.961436,45.07392],[10.973643,45.072781],[10.98463,45.079901],[11.040457,45.056098],[11.063487,45.053249],[11.080333,45.05622],[11.120779,45.068386],[11.128673,45.069363],[11.149669,45.058783],[11.272634,45.059394],[11.272472,45.033718],[11.304942,45.012803],[11.388682,44.973456],[11.405691,44.972235],[11.418875,44.966742],[11.424083,44.946479],[11.431651,44.937567],[11.449718,44.937364],[11.488292,44.943386],[11.509288,44.94245],[11.524669,44.939805],[11.553233,44.929063],[11.606212,44.898627],[11.622081,44.894965],[11.640147,44.898139],[11.653819,44.905707],[11.677419,44.922309],[11.718028,44.931749],[11.735606,44.938422],[11.73878,44.94953],[11.747325,44.95661],[11.756277,44.961005],[11.767589,44.963202],[11.783458,44.963813],[11.787527,44.96601],[11.793468,44.975369],[11.79713,44.977484],[11.8213,44.977484],[11.869558,44.985216],[11.902599,44.985907],[11.917898,44.983181],[11.931163,44.977484],[11.968435,44.982937],[12.052175,44.979804],[12.088145,44.991156],[12.088145,44.997992],[12.079275,45.000027],[12.072195,45.00255],[12.066173,45.006171],[12.060313,45.011013],[12.060313,45.018419],[12.075206,45.020941],[12.125743,45.021552],[12.141368,45.030341],[12.156749,45.03144],[12.184337,45.024685],[12.2317,45.007351],[12.242198,45.004828],[12.279959,44.972683],[12.2942,44.963813],[12.324962,44.957587],[12.445974,44.955756],[12.533865,44.970038]]]}},{"type":"Feature","properties":{"name":"Loire","rank":5},"geometry":{"type":"MultiLineString","coordinates":[[[3.078192,46.985095],[3.071707,46.998969],[3.071462,47.015977],[3.074148,47.034776],[3.070811,47.053738],[3.061778,47.06269],[3.04949,47.066962],[3.037608,47.073106],[3.029307,47.087836],[3.028494,47.10224],[3.030284,47.116645],[3.029959,47.131903],[3.021902,47.149237],[3.015147,47.16767],[3.011145,47.17402]],[[4.190603,44.827379],[4.18336,44.800279],[4.172618,44.782864],[4.148285,44.781643],[4.108409,44.793443],[4.067149,44.814399],[4.012706,44.851874],[3.938731,44.877346],[3.923513,44.894721],[3.919607,44.913804],[3.908865,44.944566],[3.916759,44.966254],[3.908051,44.976304],[3.895763,44.986396],[3.889985,44.996487],[3.894054,45.00373],[3.9192,45.013373],[3.92921,45.027777],[3.92921,45.046698],[3.907563,45.078111],[3.906505,45.090318],[3.908539,45.101793],[3.903494,45.125067],[3.917817,45.138414],[3.926036,45.154446],[3.930024,45.17414],[3.92921,45.190985],[3.937511,45.203355],[3.963145,45.212144],[3.99586,45.215155],[4.021007,45.213284],[4.049653,45.218492],[4.091482,45.238715],[4.124034,45.265286],[4.130626,45.285875],[4.12794,45.303412],[4.137543,45.322455],[4.154063,45.336371],[4.178396,45.346666],[4.200694,45.380276],[4.221853,45.399319],[4.240082,45.422349],[4.246755,45.451809],[4.247244,45.477932],[4.252126,45.505683],[4.248302,45.525539],[4.247895,45.5456],[4.262543,45.569729],[4.238292,45.598619],[4.235606,45.611314],[4.237071,45.623847],[4.232921,45.638373],[4.222016,45.652086],[4.197032,45.67178],[4.198497,45.681342],[4.203949,45.694241],[4.202485,45.728176],[4.205903,45.754299],[4.190766,45.785142],[4.185232,45.814683],[4.164073,45.828599],[4.133556,45.867621],[4.112641,45.879299],[4.10727,45.889594],[4.094249,45.905504],[4.04005,45.942043],[4.027354,45.961656],[4.028087,45.980211],[4.033702,45.996731],[4.051117,46.016181],[4.103282,46.06566],[4.105724,46.078843],[4.098888,46.091213],[4.099864,46.142279],[4.093028,46.173733],[4.076915,46.201606],[4.035004,46.241848],[4.021983,46.266018],[4.018321,46.286526],[4.021007,46.297268],[4.019786,46.309475],[4.016124,46.316718],[4.000824,46.32925],[4.001475,46.332343],[4.001231,46.335395],[4.000011,46.337551],[3.99822,46.339423],[3.995128,46.341946],[3.991466,46.345689],[3.988943,46.349107],[3.987071,46.352607],[3.986013,46.356269],[3.986013,46.360663],[3.987153,46.36636],[3.987641,46.370917],[3.986339,46.374498],[3.984386,46.377509],[3.981944,46.380276],[3.979828,46.383205],[3.979015,46.38817],[3.979177,46.394924],[3.98878,46.422553],[3.989513,46.427232],[3.989106,46.431789],[3.986664,46.436347],[3.984223,46.439765],[3.982107,46.443427],[3.980724,46.448188],[3.980235,46.455024],[3.97877,46.462633],[3.976817,46.466864],[3.974376,46.469428],[3.971853,46.470608],[3.958669,46.475287],[3.946625,46.481269],[3.936778,46.484076],[3.906586,46.487209],[3.878184,46.492865],[3.873871,46.494615],[3.870616,46.496731],[3.866547,46.501125],[3.864757,46.502631],[3.849864,46.509182],[3.839041,46.518988],[3.834809,46.521877],[3.830089,46.522895],[3.82488,46.523017],[3.809906,46.521877],[3.805431,46.523139],[3.802013,46.525092],[3.799001,46.527655],[3.795665,46.529771],[3.790863,46.531236],[3.780528,46.533026],[3.776215,46.534735],[3.767345,46.540595],[3.764822,46.541815],[3.748546,46.545722],[3.740977,46.549302],[3.738943,46.552965],[3.739431,46.556586],[3.743419,46.563544],[3.74464,46.567572],[3.745616,46.593329],[3.742931,46.610175],[3.740001,46.615424],[3.736339,46.618598],[3.724376,46.622707],[3.707774,46.63996],[3.70281,46.651557],[3.698741,46.657131],[3.693858,46.660224],[3.688731,46.66177],[3.684906,46.663764],[3.673513,46.673896],[3.670746,46.676663],[3.657888,46.68594],[3.655772,46.69066],[3.652599,46.701239],[3.649669,46.707587],[3.624848,46.739244],[3.620616,46.754706],[3.610606,46.760972],[3.599946,46.761868],[3.537446,46.800238],[3.465994,46.835191],[3.431651,46.843248],[3.365571,46.842271],[3.34669,46.848538],[3.331065,46.860256],[3.309093,46.87287],[3.286306,46.890611],[3.251475,46.940741],[3.229015,46.962958],[3.20281,46.978013],[3.176036,46.986802],[3.153087,46.986721],[3.120291,46.972805],[3.101329,46.969306],[3.084158,46.972805],[3.078236,46.985166]]]}},{"type":"Feature","properties":{"name":"Drau","rank":7},"geometry":{"type":"MultiLineString","coordinates":[[[12.294756,46.732691],[12.328974,46.733743],[12.393685,46.744494],[12.445318,46.748554],[12.477583,46.746004],[12.520699,46.754558],[12.567387,46.765102],[12.612903,46.77321],[12.640034,46.77926],[12.691868,46.784192],[12.754777,46.812616],[12.771917,46.838137]],[[12.771917,46.838141],[12.838308,46.815985],[12.89503,46.788601],[12.95696,46.762722],[13.024913,46.748318],[13.088308,46.744412],[13.139415,46.744005],[13.173839,46.747423],[13.226329,46.758816],[13.275076,46.764757],[13.322683,46.774197],[13.349132,46.788601],[13.356375,46.806423],[13.357188,46.824083],[13.368582,46.834499],[13.401134,46.834662],[13.437999,46.826036],[13.47877,46.802843],[13.542003,46.780382],[13.574148,46.761827],[13.610606,46.749376],[13.63502,46.738145],[13.659353,46.723171],[13.679942,46.706895],[13.707042,46.690538],[13.790294,46.658474],[13.826345,46.639106],[13.858897,46.624783],[13.894216,46.619981],[13.924978,46.618516],[13.966563,46.605089],[13.993175,46.602566],[14.026052,46.594672],[14.099132,46.55447],[14.138927,46.544745],[14.171804,46.544949],[14.213308,46.553249],[14.246104,46.556423],[14.35906,46.557156],[14.418386,46.563829],[14.4699,46.573839],[14.493093,46.582872],[14.502208,46.594509],[14.52003,46.61046],[14.551443,46.628607],[14.593272,46.645453],[14.630138,46.653347],[14.649425,46.649726],[14.667166,46.64289],[14.736827,46.64529],[14.786876,46.644477],[14.811046,46.649197],[14.83196,46.657742],[14.846121,46.667182],[14.857432,46.671332],[14.886974,46.660997],[14.918712,46.659125],[14.939382,46.651801],[14.958507,46.639024],[14.983409,46.611599],[14.99879,46.601426],[15.018809,46.598741],[15.065929,46.611029],[15.088878,46.614773],[15.110037,46.613145],[15.129649,46.607774],[15.148204,46.60578],[15.185476,46.617947],[15.204356,46.614773],[15.224783,46.606716],[15.246837,46.600938],[15.274181,46.598578],[15.341563,46.598944],[15.371837,46.596218],[15.394705,46.590359],[15.421886,46.579413],[15.43336,46.582872],[15.442393,46.583035],[15.454031,46.555772],[15.46575,46.546902],[15.483572,46.547431],[15.533946,46.565009],[15.570079,46.572333],[15.603689,46.574246],[15.675059,46.562771],[15.700206,46.555243],[15.712657,46.539984],[15.718272,46.521918],[15.726573,46.507636],[15.743419,46.496934],[15.799571,46.475613],[15.828868,46.454535],[15.851003,46.438422],[15.920339,46.398546],[15.942312,46.382595],[15.967214,46.378241],[16.048513,46.397976],[16.072683,46.397406],[16.085867,46.391872],[16.09962,46.390489],[16.11378,46.394884],[16.127696,46.403184],[16.14446,46.40705],[16.192393,46.391913],[16.25115,46.390489],[16.266612,46.385281],[16.279552,46.37877],[16.281668,46.378119],[16.298106,46.370185],[16.318289,46.36872],[16.324962,46.365546],[16.330251,46.361843],[16.340994,46.351915],[16.342784,46.348904],[16.343272,46.346869],[16.343761,46.343533],[16.3449,46.338975],[16.346853,46.334174],[16.351736,46.32628],[16.355886,46.322781],[16.358816,46.320624],[16.361257,46.319932],[16.483897,46.301785],[16.516124,46.301459],[16.585623,46.316759],[16.595144,46.317939],[16.605642,46.315863],[16.72047,46.311387],[16.766368,46.320909],[16.855479,46.315782],[16.87794,46.314073]]]}}]}